wellname,time,obsgwl,obsname,weights
64221,1/31/1985,19.5,64221_1,1
64221,6/6/1985,19.5,64221_2,1
64221,3/19/1986,27,64221_3,1
64221,10/30/1986,8.3,64221_4,1
64221,7/10/1987,-36.3,64221_5,1
64221,11/4/1987,-0.2,64221_6,1
64221,4/22/1988,10.9,64221_7,1
64221,10/24/1988,1.9,64221_8,1
64221,5/24/1989,1.4,64221_9,1
64221,10/4/1989,2.4,64221_10,1
64221,4/3/1990,-9.4,64221_11,1
64221,10/25/1990,-1.4,64221_12,1
64221,4/17/1991,8.2,64221_13,1
64221,10/17/1991,-12.6,64221_14,1
64221,4/6/1992,12.2,64221_15,1
64221,11/4/1992,0.4,64221_16,1
64221,4/23/1993,30,64221_17,1
64221,11/4/1993,7,64221_18,1
64221,4/7/1994,10,64221_19,1
64221,10/20/1994,-2.5,64221_20,1
64221,5/5/1995,15.3,64221_21,1
64221,10/26/1995,-3.5,64221_22,1
64221,4/19/1996,14.3,64221_23,1
64221,10/22/1996,-5.5,64221_24,1
64221,5/9/1997,0.9,64221_25,1
64221,10/10/1997,-8.4,64221_26,1
64221,5/19/1998,14.9,64221_27,1
64221,12/21/1998,-91.5,64221_28,1
64221,5/19/1999,3.5,64221_29,1
64221,10/22/1999,-19,64221_30,1
64221,3/1/2000,10.7,64221_31,1
64221,10/5/2000,-14.5,64221_32,1
64221,4/9/2001,9.7,64221_33,1
64221,10/12/2001,-14.1,64221_34,1
64221,4/9/2002,5.8,64221_35,1
64221,10/7/2002,-22.8,64221_36,1
64221,4/7/2003,-10.8,64221_37,1
64221,10/3/2003,-13.9,64221_38,1
64221,4/12/2004,-6.5,64221_39,1
64221,10/12/2004,-22.2,64221_40,1
64221,4/12/2005,3.3,64221_41,1
64221,10/4/2005,-18.7,64221_42,1
64221,5/1/2006,4.7,64221_43,1
64221,10/16/2006,-18.2,64221_44,1
64221,4/10/2007,-3.4,64221_45,1
64221,10/9/2007,-28.6,64221_46,1
64221,4/21/2008,-16.6,64221_47,1
64221,10/12/2009,-23.08,64221_48,1
64221,4/13/2010,-4.98,64221_49,1
64221,10/20/2010,-19.78,64221_50,1
64221,4/19/2011,2.42,64221_51,1
64272,10/5/1984,13.7,64272_1,1
64272,2/21/1985,29.8,64272_2,1
64272,3/13/1985,29.8,64272_3,1
64272,5/22/1985,24.3,64272_4,1
64272,6/24/1985,20.2,64272_5,1
64272,8/5/1985,-2.3,64272_6,1
64272,8/23/1985,14.7,64272_7,1
64272,9/18/1985,15,64272_8,1
64272,10/23/1985,14.2,64272_9,1
64272,11/19/1985,16.1,64272_10,1
64272,12/18/1985,17,64272_11,1
64272,1/28/1986,24.2,64272_12,1
64272,2/5/1986,24.9,64272_13,1
64272,2/8/1986,24.9,64272_14,1
64272,3/5/1986,19.4,64272_15,1
64272,3/8/1986,19.4,64272_16,1
64272,4/10/1986,32.1,64272_17,1
64272,5/21/1986,19.7,64272_18,1
64272,6/2/1986,24,64272_19,1
64272,7/10/1986,19.5,64272_20,1
64272,8/6/1986,9.6,64272_21,1
64272,9/5/1986,-0.4,64272_22,1
64272,10/10/1986,15,64272_23,1
64272,11/14/1986,15.1,64272_24,1
64272,12/3/1986,15.6,64272_25,1
64272,1/8/1987,17.4,64272_26,1
64272,3/16/1987,25.1,64272_27,1
64272,4/23/1987,22.6,64272_28,1
64272,5/28/1987,16.9,64272_29,1
64272,6/25/1987,15.6,64272_30,1
64272,7/30/1987,11.6,64272_31,1
64272,8/27/1987,11.1,64272_32,1
64272,9/3/1987,11.9,64272_33,1
64272,10/29/1987,14.3,64272_34,1
64272,11/18/1987,14.6,64272_35,1
64272,12/15/1987,14.9,64272_36,1
64272,1/25/1988,13.3,64272_37,1
64272,2/22/1988,27.8,64272_38,1
64272,3/28/1988,22.9,64272_39,1
64272,4/27/1988,22.7,64272_40,1
64272,5/25/1988,20.1,64272_41,1
64272,6/28/1988,17.3,64272_42,1
64272,7/27/1988,13.6,64272_43,1
64272,8/18/1988,10.4,64272_44,1
64272,9/9/1988,10.6,64272_45,1
64272,10/25/1988,10.9,64272_46,1
64272,11/15/1988,12.8,64272_47,1
64272,12/13/1988,15.6,64272_48,1
64272,1/4/1989,17.8,64272_49,1
64272,2/27/1989,20.7,64272_50,1
64272,4/11/1989,25.7,64272_51,1
64272,5/25/1989,21.1,64272_52,1
64272,6/28/1989,18.6,64272_53,1
64272,7/25/1989,13.4,64272_54,1
64272,8/30/1989,9.2,64272_55,1
64272,10/2/1989,8.6,64272_56,1
64272,10/31/1989,15.5,64272_57,1
64272,11/28/1989,17.7,64272_58,1
64272,12/21/1989,19.4,64272_59,1
64272,1/17/1990,19.9,64272_60,1
64272,2/14/1990,23,64272_61,1
64272,3/14/1990,23.9,64272_62,1
64272,4/10/1990,24.3,64272_63,1
64272,5/9/1990,20.4,64272_64,1
64272,6/20/1990,20.7,64272_65,1
64272,7/10/1990,-0.4,64272_66,1
64272,8/6/1990,15.1,64272_67,1
64272,9/10/1990,13.1,64272_68,1
64272,10/12/1990,13,64272_69,1
64272,11/7/1990,12.3,64272_70,1
64272,12/12/1990,17.1,64272_71,1
64272,1/16/1991,18.6,64272_72,1
64272,2/11/1991,19.1,64272_73,1
64272,3/18/1991,21.4,64272_74,1
64272,4/8/1991,26.5,64272_75,1
64272,5/9/1991,-1.4,64272_76,1
64272,6/20/1991,1.9,64272_77,1
64272,7/9/1991,14.6,64272_78,1
64272,8/19/1991,-1.4,64272_79,1
64272,9/5/1991,-12.4,64272_80,1
64272,10/29/1991,12.4,64272_81,1
64272,11/14/1991,13.6,64272_82,1
64272,12/10/1991,8,64272_83,1
64272,1/9/1992,17.6,64272_84,1
64272,2/24/1992,17.5,64272_85,1
64272,3/20/1992,27.1,64272_86,1
64272,4/10/1992,24.1,64272_87,1
64272,6/10/1992,18.6,64272_88,1
64272,7/6/1992,15.9,64272_89,1
64272,9/14/1992,4.3,64272_90,1
64272,11/19/1992,8.1,64272_91,1
64272,12/7/1992,11.6,64272_92,1
64272,1/19/1993,28.6,64272_93,1
64272,2/22/1993,21.1,64272_94,1
64272,3/22/1993,29.6,64272_95,1
64272,4/29/1993,-17.4,64272_96,1
64272,5/11/1993,13.6,64272_97,1
64272,7/12/1993,5.2,64272_98,1
64272,8/9/1993,13.3,64272_99,1
64272,9/14/1993,10.4,64272_100,1
64272,11/4/1993,10.8,64272_101,1
64272,12/20/1993,16.9,64272_102,1
64272,1/10/1994,19.9,64272_103,1
64272,2/23/1994,25,64272_104,1
64272,3/28/1994,25.6,64272_105,1
64272,4/27/1994,23.7,64272_106,1
64272,5/24/1994,23.5,64272_107,1
64272,6/14/1994,19.5,64272_108,1
64272,7/8/1994,14.2,64272_109,1
64272,8/18/1994,7.9,64272_110,1
64272,9/6/1994,8.9,64272_111,1
64272,10/13/1994,8.5,64272_112,1
64272,11/17/1994,9.7,64272_113,1
64272,12/27/1994,9.3,64272_114,1
64272,1/18/1995,28.9,64272_115,1
64272,4/17/1995,29.6,64272_116,1
64272,5/10/1995,30.6,64272_117,1
64272,6/20/1995,21.8,64272_118,1
64272,7/18/1995,19,64272_119,1
64272,8/10/1995,12.1,64272_120,1
64272,9/8/1995,12.1,64272_121,1
64272,10/27/1995,10.9,64272_122,1
64272,11/14/1995,13.5,64272_123,1
64272,12/13/1995,14.6,64272_124,1
64272,1/24/1996,27.4,64272_125,1
64272,2/16/1996,32.4,64272_126,1
64272,3/7/1996,33.6,64272_127,1
64272,5/20/1996,27.7,64272_128,1
64272,6/13/1996,23.8,64272_129,1
64272,7/16/1996,18.5,64272_130,1
64272,9/11/1996,10.6,64272_131,1
64272,10/8/1996,11.6,64272_132,1
64272,12/12/1996,20,64272_133,1
64272,1/28/1997,30.6,64272_134,1
64272,2/26/1997,32.4,64272_135,1
64272,3/15/1997,27.9,64272_136,1
64272,4/2/1997,28.2,64272_137,1
64272,5/15/1997,21.2,64272_138,1
64272,6/10/1997,15.1,64272_139,1
64272,7/9/1997,14.6,64272_140,1
64272,8/12/1997,9.3,64272_141,1
64272,9/9/1997,10.1,64272_142,1
64272,10/13/1997,10.6,64272_143,1
64272,11/14/1997,11.8,64272_144,1
64272,12/2/1997,14.7,64272_145,1
64272,1/14/1998,25.6,64272_146,1
64272,2/11/1998,33.7,64272_147,1
64272,3/5/1998,33.6,64272_148,1
64272,4/2/1998,30.6,64272_149,1
64272,5/8/1998,29.2,64272_150,1
64272,6/23/1998,23.6,64272_151,1
64272,7/9/1998,22.6,64272_152,1
64272,8/11/1998,17.6,64272_153,1
64272,9/14/1998,14.4,64272_154,1
64272,10/7/1998,14.1,64272_155,1
64272,11/5/1998,15.6,64272_156,1
64272,12/2/1998,20.9,64272_157,1
64272,1/7/1999,24.6,64272_158,1
64272,2/23/1999,32.1,64272_159,1
64272,3/11/1999,31.6,64272_160,1
64272,4/9/1999,31.4,64272_161,1
64272,5/4/1999,29.1,64272_162,1
64272,6/3/1999,20.7,64272_163,1
64272,7/7/1999,16.5,64272_164,1
64272,8/4/1999,12,64272_165,1
64272,9/9/1999,11.4,64272_166,1
64272,10/6/1999,9.7,64272_167,1
64272,11/10/1999,10.6,64272_168,1
64272,12/7/1999,11.6,64272_169,1
64272,1/5/2000,19.3,64272_170,1
64272,1/6/2000,19.3,64272_171,1
64272,2/2/2000,26.6,64272_172,1
64272,2/15/2000,26.6,64272_173,1
64272,3/7/2000,31.9,64272_174,1
64272,4/5/2000,26.6,64272_175,1
64272,5/9/2000,26.5,64272_176,1
64272,5/11/2000,26.5,64272_177,1
64272,6/29/2000,18.9,64272_178,1
64272,7/28/2000,14.1,64272_179,1
64272,8/15/2000,9.6,64272_180,1
64272,8/30/2000,9.6,64272_181,1
64272,9/25/2000,10.6,64272_182,1
64272,10/30/2000,15.6,64272_183,1
64272,10/31/2000,15.6,64272_184,1
64272,11/27/2000,19.8,64272_185,1
64272,11/28/2000,19.8,64272_186,1
64272,12/12/2000,19.8,64272_187,1
64272,12/13/2000,19.8,64272_188,1
64272,1/23/2001,23.5,64272_189,1
64272,2/21/2001,27.2,64272_190,1
64272,3/8/2001,30.9,64272_191,1
64272,4/4/2001,26.3,64272_192,1
64272,5/16/2001,22.5,64272_193,1
64272,6/6/2001,18.1,64272_194,1
64272,7/13/2001,16.8,64272_195,1
64272,8/8/2001,11.3,64272_196,1
64272,9/5/2001,10.1,64272_197,1
64272,10/16/2001,10.7,64272_198,1
64272,11/16/2001,15.2,64272_199,1
64272,1/10/2002,24.5,64272_200,1
64272,2/11/2002,31.1,64272_201,1
64272,3/13/2002,31.5,64272_202,1
64272,4/4/2002,28.5,64272_203,1
64272,5/14/2002,24.8,64272_204,1
64272,6/4/2002,23.4,64272_205,1
64272,7/10/2002,12.7,64272_206,1
64272,8/12/2002,14.5,64272_207,1
64272,9/10/2002,11.4,64272_208,1
64272,10/15/2002,10,64272_209,1
64272,11/7/2002,12.5,64272_210,1
64272,12/10/2002,18.2,64272_211,1
64272,1/14/2003,31.5,64272_212,1
64272,2/10/2003,31.6,64272_213,1
64272,3/5/2003,31.8,64272_214,1
64272,4/3/2003,31.4,64272_215,1
64272,5/6/2003,32,64272_216,1
64272,6/4/2003,27.6,64272_217,1
64272,7/10/2003,20,64272_218,1
64272,8/13/2003,15.5,64272_219,1
64272,9/5/2003,14.8,64272_220,1
64272,10/17/2003,12.7,64272_221,1
64272,11/6/2003,13.5,64272_222,1
64272,12/9/2003,21.4,64272_223,1
64272,1/15/2004,29.5,64272_224,1
64272,2/5/2004,27.8,64272_225,1
64272,3/9/2004,28.1,64272_226,1
64272,4/5/2004,31.6,64272_227,1
64272,5/6/2004,23.6,64272_228,1
64272,6/2/2004,22.4,64272_229,1
64272,7/7/2004,17.1,64272_230,1
64272,8/4/2004,13.7,64272_231,1
64272,9/1/2004,11.4,64272_232,1
64272,10/5/2004,10.5,64272_233,1
64272,11/1/2004,13.8,64272_234,1
64272,12/13/2004,20.3,64272_235,1
64272,1/5/2005,27.6,64272_236,1
64272,2/4/2005,27.8,64272_237,1
64272,3/9/2005,32.5,64272_238,1
64272,4/6/2005,32.8,64272_239,1
64272,5/11/2005,30.1,64272_240,1
64272,6/21/2005,24.9,64272_241,1
64272,7/8/2005,22.9,64272_242,1
64272,8/5/2005,17,64272_243,1
64272,9/2/2005,14.2,64272_244,1
64272,10/18/2005,12.1,64272_245,1
64272,11/15/2005,16.8,64272_246,1
64272,12/8/2005,20.9,64272_247,1
64272,1/6/2006,28.1,64272_248,1
64272,2/7/2006,32.5,64272_249,1
64272,3/22/2006,31.9,64272_250,1
64272,4/4/2006,33.6,64272_251,1
64272,5/3/2006,34.1,64272_252,1
64272,6/8/2006,26.5,64272_253,1
64272,7/13/2006,19.3,64272_254,1
64272,8/3/2006,13.1,64272_255,1
64272,9/21/2006,12.5,64272_256,1
64272,10/27/2006,12.7,64272_257,1
64272,12/27/2006,22.4,64272_258,1
64272,1/10/2007,24.8,64272_259,1
64272,2/8/2007,18.7,64272_260,1
64272,3/7/2007,27.8,64272_261,1
64272,4/11/2007,22.4,64272_262,1
64272,5/4/2007,19,64272_263,1
64272,6/7/2007,18.4,64272_264,1
64272,7/10/2007,14.2,64272_265,1
64272,8/7/2007,5,64272_266,1
64272,9/17/2007,9,64272_267,1
64272,10/4/2007,9.2,64272_268,1
64272,11/8/2007,12.8,64272_269,1
64272,12/4/2007,15.2,64272_270,1
64272,1/9/2008,22,64272_271,1
64272,2/5/2008,30.3,64272_272,1
64272,3/4/2008,30.7,64272_273,1
64272,4/3/2008,26.1,64272_274,1
64272,5/7/2008,21.9,64272_275,1
64272,6/9/2008,18.5,64272_276,1
64272,7/3/2008,14.1,64272_277,1
64272,8/11/2008,9.6,64272_278,1
64272,9/9/2008,9.2,64272_279,1
64272,10/10/2008,-0.6,64272_280,1
64272,11/12/2008,10.6,64272_281,1
64272,12/16/2008,16.5,64272_282,1
64272,1/16/2009,17.8,64272_283,1
64272,2/26/2009,24.3,64272_284,1
64272,3/11/2009,28.1,64272_285,1
64272,4/1/2009,26.9,64272_286,1
64272,5/7/2009,24.4,64272_287,1
64272,6/3/2009,19.8,64272_288,1
64272,7/7/2009,12.8,64272_289,1
64272,8/4/2009,4.6,64272_290,1
64272,9/8/2009,6.5,64272_291,1
64272,10/20/2009,9.6,64272_292,1
64272,11/9/2009,12.4,64272_293,1
64272,12/14/2009,16.9,64272_294,1
64272,1/7/2010,19.6,64272_295,1
64272,2/3/2010,25.9,64272_296,1
64272,3/8/2010,31.2,64272_297,1
64272,4/20/2010,30.9,64272_298,1
64272,5/11/2010,28.2,64272_299,1
64272,6/10/2010,26.5,64272_300,1
64272,7/15/2010,15.7,64272_301,1
64272,8/6/2010,14.7,64272_302,1
64272,9/8/2010,11.4,64272_303,1
64272,10/7/2010,8.9,64272_304,1
64272,11/10/2010,18.5,64272_305,1
64272,12/21/2010,23.2,64272_306,1
64272,1/4/2011,28.3,64272_307,1
64272,2/14/2011,29.1,64272_308,1
64272,3/8/2011,32.2,64272_309,1
64272,4/19/2011,30.9,64272_310,1
64272,5/16/2011,26,64272_311,1
64272,6/13/2011,24.9,64272_312,1
64272,7/20/2011,18.9,64272_313,1
64272,8/5/2011,16.3,64272_314,1
64272,9/20/2011,12.1,64272_315,1
64272,10/6/2011,12.5,64272_316,1
64272,11/8/2011,11.1,64272_317,1
64272,12/8/2011,18.7,64272_318,1
64272,1/13/2012,18.5,64272_319,1
64272,2/9/2012,21.8,64272_320,1
64272,3/6/2012,22.4,64272_321,1
64272,4/18/2012,29.1,64272_322,1
64272,6/6/2012,20,64272_323,1
64272,7/12/2012,13.9,64272_324,1
64272,8/8/2012,10.7,64272_325,1
64272,10/10/2012,7.9,64272_326,1
64272,11/8/2012,10,64272_327,1
64272,12/11/2012,19.2,64272_328,1
64272,1/8/2013,25,64272_329,1
64272,2/7/2013,28.4,64272_330,1
64272,3/12/2013,26.2,64272_331,1
64272,4/11/2013,25.3,64272_332,1
64272,5/8/2013,20.2,64272_333,1
64272,6/10/2013,15.2,64272_334,1
64272,7/10/2013,11.1,64272_335,1
64272,8/13/2013,6.6,64272_336,1
64272,9/5/2013,3.5,64272_337,1
64272,10/17/2013,-1.4,64272_338,1
64272,11/20/2013,8.9,64272_339,1
64272,12/19/2013,3.3,64272_340,1
64272,1/13/2014,13.1,64272_341,1
64272,2/4/2014,12.6,64272_342,1
64272,3/12/2014,23.9,64272_343,1
64272,4/8/2014,25.6,64272_344,1
64272,4/8/2014,25.6,64272_345,1
64272,5/6/2014,22,64272_346,1
64272,6/4/2014,16.5,64272_347,1
64272,7/2/2014,13.3,64272_348,1
64272,8/5/2014,8.4,64272_349,1
64272,9/4/2014,8,64272_350,1
64272,10/14/2014,9.5,64272_351,1
64272,11/14/2014,11.7,64272_352,1
64272,12/1/2014,16,64272_353,1
64272,1/13/2015,28.2,64272_354,1
64272,2/12/2015,29.3,64272_355,1
64272,3/10/2015,27.1,64272_356,1
64272,4/2/2015,23.9,64272_357,1
64272,5/11/2015,23.5,64272_358,1
64272,6/17/2015,21.2,64272_359,1
64272,7/13/2015,14.8,64272_360,1
64272,8/12/2015,13.3,64272_361,1
64272,9/15/2015,8,64272_362,1
64272,10/14/2015,4.7,64272_363,1
64272,11/9/2015,8.7,64272_364,1
64272,12/1/2015,12.9,64272_365,1
64272,1/13/2016,24.8,64272_366,1
64272,2/8/2016,28.1,64272_367,1
64272,3/1/2016,28.3,64272_368,1
64272,4/26/2016,29,64272_369,1
64272,5/20/2016,25.6,64272_370,1
64272,6/28/2016,24.2,64272_371,1
64272,7/12/2016,18.7,64272_372,1
64272,8/11/2016,14.5,64272_373,1
64272,9/8/2016,10.8,64272_374,1
64272,10/17/2016,9.5,64272_375,1
64272,11/16/2016,17.9,64272_376,1
64272,12/22/2016,25,64272_377,1
64272,1/26/2017,34.4,64272_378,1
64272,3/13/2017,33.8,64272_379,1
64272,4/25/2017,33,64272_380,1
64272,5/12/2017,25.2,64272_381,1
64272,6/8/2017,25.2,64272_382,1
64272,8/22/2017,14.5,64272_383,1
64272,9/25/2017,12.3,64272_384,1
64272,1/25/2018,22.1,64272_385,1
64272,2/16/2018,20.8,64272_386,1
64272,3/7/2018,23.4,64272_387,1
64272,5/25/2018,24,64272_388,1
64272,7/13/2018,15.5,64272_389,1
64272,8/24/2018,9.8,64272_390,1
64272,9/21/2018,7.2,64272_391,1
64272,10/10/2018,10.2,64272_392,1
64272,11/7/2018,8.2,64272_393,1
64272,12/19/2018,-1.1,64272_394,1
64272,1/16/2019,-1.1,64272_395,1
64272,2/21/2019,34.3,64272_396,1
64272,3/13/2019,34.8,64272_397,1
64272,5/22/2019,28.8,64272_398,1
64272,6/19/2019,26.3,64272_399,1
64272,7/17/2019,20.4,64272_400,1
64272,8/21/2019,20.9,64272_401,1
64272,9/19/2019,10.9,64272_402,1
BV,3/1/2009,134.118544,bv_1,1
BV,4/1/2009,134.193544,bv_2,1
BV,5/1/2009,132.818544,bv_3,1
BV,6/1/2009,131.813544,bv_4,1
BV,7/1/2009,133.843544,bv_5,1
BV,8/1/2009,132.543544,bv_6,1
BV,2/1/2010,135.043544,bv_7,1
BV,3/1/2010,137.853544,bv_8,1
BV,4/1/2010,138.018544,bv_9,1
BV,5/1/2010,137.393544,bv_10,1
BV,6/1/2010,136.673544,bv_11,1
BV,7/1/2010,134.633544,bv_12,1
BV,8/1/2010,132.7268773,bv_13,1
BV,1/1/2011,136.943544,bv_14,1
BV,2/1/2011,137.518544,bv_15,1
BV,3/1/2011,140.953544,bv_16,1
BV,4/1/2011,139.813544,bv_17,1
BV,5/1/2011,137.568544,bv_18,1
BV,6/1/2011,136.913544,bv_19,1
BV,7/1/2011,135.053544,bv_20,1
BV,8/1/2011,132.993544,bv_21,1
BV,4/1/2012,136.813544,bv_22,1
BV,5/1/2012,135.6602107,bv_23,1
BV,6/1/2012,133.893544,bv_24,1
BV,7/1/2012,131.918544,bv_25,1
BV,12/1/2012,132.5268773,bv_26,1
BV,1/1/2013,137.1602107,bv_27,1
BV,2/1/2013,136.493544,bv_28,1
BV,3/1/2013,136.093544,bv_29,1
BV,4/1/2013,134.918544,bv_30,1
BV,5/1/2013,133.233544,bv_31,1
BV,6/1/2013,131.643544,bv_32,1
BV,12/1/2014,131.718544,bv_33,1
BV,1/1/2015,133.318544,bv_34,1
BV,2/1/2015,134.943544,bv_35,1
BV,3/1/2015,135.468544,bv_36,1
BV,4/1/2015,134.133544,bv_37,1
BV,5/1/2015,132.618544,bv_38,1
BV,12/1/2015,131.593544,bv_39,1
BV,2/1/2016,131.533544,bv_40,1
BV,3/1/2016,136.593544,bv_41,1
BV,4/1/2016,136.693544,bv_42,1
BV,5/1/2016,135.718544,bv_43,1
BV,6/1/2016,134.553544,bv_44,1
BV,7/1/2016,132.493544,bv_45,1
BV,1/1/2017,138.118544,bv_46,1
BV,2/1/2017,142.033544,bv_47,1
BV,3/1/2017,138.8102107,bv_48,1
BV,4/1/2017,137.5602107,bv_49,1
BV,5/1/2017,136.173544,bv_50,1
BV,6/1/2017,135.293544,bv_51,1
BV,7/1/2017,134.393544,bv_52,1
BV,8/1/2017,132.518544,bv_53,1
BV,3/1/2018,131.493544,bv_54,1
BV,5/1/2018,132.893544,bv_55,1
BV,1/1/2019,131.993544,bv_56,1
BV,2/1/2019,135.953544,bv_57,1
BV,3/1/2019,140.753544,bv_58,1
BV,4/1/2019,138.043544,bv_59,1
BV,5/1/2019,136.053544,bv_60,1
BV,6/1/2019,135.093544,bv_61,1
BV,7/1/2019,134.293544,bv_62,1
C1,1/1/2009,140.966146,c1_1,1
C1,2/1/2009,142.7994793,c1_2,1
C1,3/1/2009,149.8594793,c1_3,1
C1,4/1/2009,148.8744793,c1_4,1
C1,5/1/2009,145.5994793,c1_5,1
C1,6/1/2009,147.3794793,c1_6,1
C1,7/1/2009,150.2744793,c1_7,1
C1,8/1/2009,143.3494793,c1_8,1
C1,9/1/2009,141.1244793,c1_9,1
C1,10/1/2009,140.8744793,c1_10,1
C1,11/1/2009,141.1994793,c1_11,1
C1,12/1/2009,141.4494793,c1_12,1
C1,1/1/2010,143.0744793,c1_13,1
C1,2/1/2010,150.9744793,c1_14,1
C1,3/1/2010,154.0794793,c1_15,1
C1,4/1/2010,154.5494793,c1_16,1
C1,5/1/2010,154.1994793,c1_17,1
C1,6/1/2010,152.9794793,c1_18,1
C1,7/1/2010,149.1794793,c1_19,1
C1,8/1/2010,145.1994793,c1_20,1
C1,11/1/2010,141.7494793,c1_21,1
C1,12/1/2010,144.0494793,c1_22,1
C1,1/1/2011,152.7494793,c1_23,1
C1,2/1/2011,153.6494793,c1_24,1
C1,3/1/2011,156.6994793,c1_25,1
C1,4/1/2011,156.9594793,c1_26,1
C1,5/1/2011,154.4494793,c1_27,1
C1,6/1/2011,153.2794793,c1_28,1
C1,7/1/2011,149.6194793,c1_29,1
C1,8/1/2011,145.9244793,c1_30,1
C1,9/1/2011,143.1494793,c1_31,1
C1,10/1/2011,141.2994793,c1_32,1
C1,11/1/2011,141.0794793,c1_33,1
C1,12/1/2011,141.1994793,c1_34,1
C1,1/1/2012,142.8794793,c1_35,1
C1,2/1/2012,145.6794793,c1_36,1
C1,3/1/2012,148.0244793,c1_37,1
C1,4/1/2012,153.0194793,c1_38,1
C1,5/1/2012,152.066146,c1_39,1
C1,6/1/2012,148.1744793,c1_40,1
C1,7/1/2012,144.9494793,c1_41,1
C1,8/1/2012,141.966146,c1_42,1
C1,11/1/2012,140.7994793,c1_43,1
C1,12/1/2012,148.6328127,c1_44,1
C1,1/1/2013,153.8994793,c1_45,1
C1,2/1/2013,153.3394793,c1_46,1
C1,3/1/2013,152.7244793,c1_47,1
C1,4/1/2013,149.8244793,c1_48,1
C1,5/1/2013,146.4594793,c1_49,1
C1,6/1/2013,143.5744793,c1_50,1
C1,7/1/2013,141.5744793,c1_51,1
C1,8/1/2013,140.7594793,c1_52,1
C1,9/1/2013,140.8328127,c1_53,1
C1,10/1/2013,140.666146,c1_54,1
C1,11/1/2013,140.2994793,c1_55,1
C1,12/1/2013,140.866146,c1_56,1
C1,1/1/2014,140.5594793,c1_57,1
C1,2/1/2014,143.2994793,c1_58,1
C1,3/1/2014,147.0994793,c1_59,1
C1,4/1/2014,147.6494793,c1_60,1
C1,5/1/2014,148.6394793,c1_61,1
C1,6/1/2014,147.8594793,c1_62,1
C1,7/1/2014,143.9994793,c1_63,1
C1,8/1/2014,142.0994793,c1_64,1
C1,10/1/2014,140.8744793,c1_65,1
C1,11/1/2014,140.5994793,c1_66,1
C1,12/1/2014,144.6494793,c1_67,1
C1,1/1/2015,149.5244793,c1_68,1
C1,2/1/2015,150.5744793,c1_69,1
C1,3/1/2015,151.8494793,c1_70,1
C1,4/1/2015,148.3394793,c1_71,1
C1,5/1/2015,145.7194793,c1_72,1
C1,6/1/2015,143.9994793,c1_73,1
C1,7/1/2015,142.8494793,c1_74,1
C1,8/1/2015,140.5994793,c1_75,1
C1,9/1/2015,140.566146,c1_76,1
C1,10/1/2015,139.1494793,c1_77,1
C1,12/1/2015,140.966146,c1_78,1
C1,1/1/2016,144.8328127,c1_79,1
C1,2/1/2016,149.4794793,c1_80,1
C1,3/1/2016,153.3328127,c1_81,1
C1,4/1/2016,154.6194793,c1_82,1
C1,5/1/2016,153.3744793,c1_83,1
C1,6/1/2016,149.6994793,c1_84,1
C1,7/1/2016,145.7994793,c1_85,1
C1,8/1/2016,147.6328127,c1_86,1
C1,9/1/2016,149.6194793,c1_87,1
C1,10/1/2016,150.2594793,c1_88,1
C1,11/1/2016,149.1244793,c1_89,1
C1,12/1/2016,148.4328127,c1_90,1
C1,1/1/2017,155.9244793,c1_91,1
C1,2/1/2017,159.3594793,c1_92,1
C1,3/1/2017,156.9494793,c1_93,1
C1,4/1/2017,155.7994793,c1_94,1
C1,5/1/2017,154.6394793,c1_95,1
C1,6/1/2017,153.3594793,c1_96,1
C1,7/1/2017,151.4194793,c1_97,1
C1,8/1/2017,146.9744793,c1_98,1
C1,9/1/2017,144.0194793,c1_99,1
C1,10/1/2017,141.7328127,c1_100,1
C1,11/1/2017,141.2494793,c1_101,1
C1,12/1/2017,145.5744793,c1_102,1
C1,1/1/2018,143.6328127,c1_103,1
C1,2/1/2018,143.816146,c1_104,1
C1,3/1/2018,144.2244793,c1_105,1
C1,4/1/2018,149.7994793,c1_106,1
C1,5/1/2018,151.0494793,c1_107,1
C1,6/1/2018,149.9328127,c1_108,1
C1,7/1/2018,146.6994793,c1_109,1
C1,8/1/2018,142.4194793,c1_110,1
C1,9/1/2018,141.2328127,c1_111,1
C1,10/1/2018,141.2994793,c1_112,1
C1,11/1/2018,141.3244793,c1_113,1
C1,12/1/2018,142.5994793,c1_114,1
C1,1/1/2019,147.8194793,c1_115,1
C1,2/1/2019,154.4194793,c1_116,1
C1,3/1/2019,158.4794793,c1_117,1
C1,4/1/2019,156.0244793,c1_118,1
C1,5/1/2019,153.9994793,c1_119,1
C1,6/1/2019,152.3794793,c1_120,1
C1,7/1/2019,151.5494793,c1_121,1
C1,8/1/2019,146.2328127,c1_122,1
C1,9/1/2019,143.3244793,c1_123,1
NC-122,5/23/2001,-9.35,nc-122_1,1
NC-122,10/16/2001,-24.45,nc-122_2,1
NC-122,4/15/2002,-13.95,nc-122_3,1
NC-122,10/8/2002,-28.55,nc-122_4,1
NC-122,4/8/2003,4.15,nc-122_5,1
NC-122,10/8/2003,-27.45,nc-122_6,1
NC-122,4/13/2004,0.95,nc-122_7,1
NC-122,10/13/2004,-38.95,nc-122_8,1
NC-122,4/13/2005,4.85,nc-122_9,1
NC-122,10/5/2005,-38.35,nc-122_10,1
NC-122,5/4/2006,12.45,nc-122_11,1
NC-122,10/18/2006,-35.85,nc-122_12,1
NC-122,4/13/2007,-3.45,nc-122_13,1
NC-122,10/11/2007,-35.15,nc-122_14,1
NC-122,4/23/2008,-21.45,nc-122_15,1
NC-122,10/13/2008,-44.85,nc-122_16,1
NC-122,4/13/2009,-22.95,nc-122_17,1
NC-122,10/15/2009,-42.65,nc-122_18,1
NC-122,4/15/2010,-14.85,nc-122_19,1
NC-122,10/22/2010,-36.35,nc-122_20,1
NC-122,4/21/2011,-8.95,nc-122_21,1
NC-122,10/19/2011,-26.25,nc-122_22,1
NC-122,4/23/2012,-15.47,nc-122_23,1
NC-122,10/25/2012,-36.45,nc-122_24,1
NC-122,4/18/2013,-19.85,nc-122_25,1
NC-122,10/23/2013,-44.52,nc-122_26,1
NC-122,3/17/2014,-33.3,nc-122_27,1
NC-122,10/13/2014,-25.35,nc-122_28,1
NC-122,3/23/2015,-8.35,nc-122_29,1
NC-122,10/22/2015,-39.21,nc-122_30,1
NC-122,4/21/2016,-7.15,nc-122_31,1
NC-122,10/13/2016,-30.45,nc-122_32,1
NC-122,4/13/2017,10.31,nc-122_33,1
NC-122,11/8/2017,-23.34,nc-122_34,1
NC-122,4/12/2018,-5.42,nc-122_35,1
NC-122,11/19/2018,-34.18,nc-122_36,1
NC-122,4/23/2019,-4.95,nc-122_37,1
NC-125,4/10/1984,49.1,nc-125_1,1
NC-125,10/18/1984,-8.4,nc-125_2,1
NC-125,6/7/1985,17.1,nc-125_3,1
NC-125,10/16/1985,-1.4,nc-125_4,1
NC-125,3/19/1986,62.1,nc-125_5,1
NC-125,10/29/1986,4.6,nc-125_6,1
NC-125,7/10/1987,4.5,nc-125_7,1
NC-125,11/4/1987,1.1,nc-125_8,1
NC-125,4/22/1988,35.8,nc-125_9,1
NC-125,10/24/1988,2.3,nc-125_10,1
NC-125,5/24/1989,34.7,nc-125_11,1
NC-125,10/25/1990,2.3,nc-125_12,1
NC-125,2/25/1991,5.7,nc-125_13,1
NC-125,4/17/1991,50.3,nc-125_14,1
NC-125,10/19/1991,0.1,nc-125_15,1
NC-125,4/6/1992,58.8,nc-125_16,1
NC-125,11/4/1992,20.1,nc-125_17,1
NC-125,4/23/1993,57.1,nc-125_18,1
NC-125,11/4/1993,20.3,nc-125_19,1
NC-125,4/7/1994,54,nc-125_20,1
NC-125,10/20/1994,23.6,nc-125_21,1
NC-125,5/5/1995,56.6,nc-125_22,1
NC-125,10/26/1995,34.8,nc-125_23,1
NC-125,4/19/1996,61.1,nc-125_24,1
NC-125,10/22/1996,39.1,nc-125_25,1
NC-125,5/9/1997,60.3,nc-125_26,1
NC-125,10/10/1997,39,nc-125_27,1
NC-125,5/14/1998,61.4,nc-125_28,1
NC-125,12/17/1998,60.6,nc-125_29,1
NC-125,5/18/1999,53.3,nc-125_30,1
NC-125,10/22/1999,36.5,nc-125_31,1
NC-125,4/5/2000,57.1,nc-125_32,1
NC-125,10/5/2000,28.6,nc-125_33,1
NC-125,4/9/2001,60.8,nc-125_34,1
NC-125,10/12/2001,34.3,nc-125_35,1
NC-125,4/9/2002,60.2,nc-125_36,1
NC-125,10/7/2002,37.6,nc-125_37,1
NC-125,4/8/2003,61.6,nc-125_38,1
NC-125,10/3/2003,38,nc-125_39,1
NC-125,4/12/2004,59.4,nc-125_40,1
NC-125,10/12/2004,31.3,nc-125_41,1
NC-125,4/12/2005,63,nc-125_42,1
NC-125,10/4/2005,27.8,nc-125_43,1
NC-125,5/1/2006,62.8,nc-125_44,1
NC-125,10/16/2006,30,nc-125_45,1
NC-125,4/10/2007,49.6,nc-125_46,1
NC-125,10/9/2007,15.4,nc-125_47,1
NC-125,4/21/2008,34.8,nc-125_48,1
NC-125,10/6/2008,-0.6,nc-125_49,1
NC-125,4/6/2009,54.8,nc-125_50,1
NC-125,10/12/2009,8.4,nc-125_51,1
NC-125,4/13/2010,60.1,nc-125_52,1
NC-125,10/20/2010,20.3,nc-125_53,1
NC-125,4/19/2011,61.4,nc-125_54,1
NC-125,10/11/2011,36.5,nc-125_55,1
NC-125,4/17/2012,63.15,nc-125_56,1
NC-125,10/18/2012,20.82,nc-125_57,1
NC-125,4/16/2013,54.55,nc-125_58,1
NC-125,10/15/2013,13.6,nc-125_59,1
NC-125,3/14/2014,56.65,nc-125_60,1
NC-125,10/1/2014,30.4,nc-125_61,1
NC-125,3/17/2015,58.09,nc-125_62,1
NC-125,10/15/2015,29.8,nc-125_63,1
NC-125,4/8/2016,61.48,nc-125_64,1
NC-125,10/12/2016,20.64,nc-125_65,1
NC-125,4/20/2017,62.85,nc-125_66,1
NC-125,10/25/2017,35.05,nc-125_67,1
NC-125,4/17/2018,62.23,nc-125_68,1
NC-125,11/16/2018,37.25,nc-125_69,1
NC-125,4/19/2019,62.34,nc-125_70,1
NC-126,5/24/1984,35.9,nc-126_1,1
NC-126,10/18/1984,-15.3,nc-126_2,1
NC-126,6/7/1985,12.2,nc-126_3,1
NC-126,10/16/1985,3.7,nc-126_4,1
NC-126,3/19/1986,63.2,nc-126_5,1
NC-126,10/30/1986,13.2,nc-126_6,1
NC-126,7/10/1987,5.4,nc-126_7,1
NC-126,11/4/1987,6.2,nc-126_8,1
NC-126,4/22/1988,31.2,nc-126_9,1
NC-126,10/24/1988,5.2,nc-126_10,1
NC-126,10/4/1989,10.2,nc-126_11,1
NC-126,4/3/1990,31.9,nc-126_12,1
NC-126,10/25/1990,4.7,nc-126_13,1
NC-126,2/25/1991,11.7,nc-126_14,1
NC-126,4/17/1991,51.9,nc-126_15,1
NC-126,10/19/1991,1.9,nc-126_16,1
NC-126,4/6/1992,59.8,nc-126_17,1
NC-126,11/4/1992,21.7,nc-126_18,1
NC-126,4/23/1993,58.8,nc-126_19,1
NC-126,11/4/1993,23.2,nc-126_20,1
NC-126,4/7/1994,55.3,nc-126_21,1
NC-126,10/20/1994,24.2,nc-126_22,1
NC-126,5/5/1995,55.6,nc-126_23,1
NC-126,10/26/1995,36.7,nc-126_24,1
NC-126,4/19/1996,62.7,nc-126_25,1
NC-126,10/22/1996,39.5,nc-126_26,1
NC-126,5/9/1997,61.6,nc-126_27,1
NC-126,10/10/1997,40.2,nc-126_28,1
NC-126,5/4/1998,63.4,nc-126_29,1
NC-126,12/17/1998,62.7,nc-126_30,1
NC-126,5/18/1999,53.4,nc-126_31,1
NC-126,4/5/2000,58.3,nc-126_32,1
NC-126,10/5/2000,16.7,nc-126_33,1
NC-126,4/9/2001,62.7,nc-126_34,1
NC-126,10/12/2001,36.3,nc-126_35,1
NC-126,4/9/2002,63.7,nc-126_36,1
NC-126,10/7/2002,39.5,nc-126_37,1
NC-126,4/8/2003,63.8,nc-126_38,1
NC-126,10/3/2003,40,nc-126_39,1
NC-126,4/12/2004,61.2,nc-126_40,1
NC-126,10/14/2004,33.1,nc-126_41,1
NC-126,4/12/2005,64.8,nc-126_42,1
NC-126,10/4/2005,29,nc-126_43,1
NC-126,5/1/2006,64.6,nc-126_44,1
NC-126,10/16/2006,31.1,nc-126_45,1
NC-126,4/10/2007,48.3,nc-126_46,1
NC-126,10/9/2007,16.8,nc-126_47,1
NC-126,4/21/2008,33.6,nc-126_48,1
NC-126,10/6/2008,1.4,nc-126_49,1
NC-126,4/6/2009,55.2,nc-126_50,1
NC-126,10/12/2009,10.2,nc-126_51,1
NC-126,4/13/2010,61.2,nc-126_52,1
NC-126,10/20/2010,22.4,nc-126_53,1
NC-126,4/19/2011,63.2,nc-126_54,1
NC-126,10/11/2011,38,nc-126_55,1
NC-126,4/17/2012,64.8,nc-126_56,1
NC-126,10/18/2012,19.34,nc-126_57,1
NC-126,4/16/2013,55.97,nc-126_58,1
NC-126,3/14/2014,58,nc-126_59,1
NC-126,10/1/2014,31.99,nc-126_60,1
NC-126,3/17/2015,59.3,nc-126_61,1
NC-126,10/15/2015,30.94,nc-126_62,1
NC-126,4/8/2016,63.09,nc-126_63,1
NC-126,10/12/2016,21.42,nc-126_64,1
NC-126,4/20/2017,64.63,nc-126_65,1
NC-126,10/25/2017,36.57,nc-126_66,1
NC-126,4/17/2018,63.55,nc-126_67,1
NC-126,11/16/2018,38.81,nc-126_68,1
NC-126,4/19/2019,64.12,nc-126_69,1
NC-128,4/10/1984,335.7,nc-128_1,1
NC-128,10/10/1984,329.7,nc-128_2,1
NC-128,6/6/1985,335.7,nc-128_3,1
NC-128,10/16/1985,331.2,nc-128_4,1
NC-128,3/19/1986,339.2,nc-128_5,1
NC-128,10/29/1986,331.2,nc-128_6,1
NC-128,7/9/1987,333.9,nc-128_7,1
NC-128,11/3/1987,330.2,nc-128_8,1
NC-128,4/18/1988,334.2,nc-128_9,1
NC-128,10/25/1988,331.7,nc-128_10,1
NC-128,5/25/1989,335.2,nc-128_11,1
NC-128,10/5/1989,331.5,nc-128_12,1
NC-128,4/4/1990,336.2,nc-128_13,1
NC-128,10/25/1990,330.7,nc-128_14,1
NC-128,2/25/1991,331.2,nc-128_15,1
NC-128,4/17/1991,337.5,nc-128_16,1
NC-128,10/17/1991,331.4,nc-128_17,1
NC-128,4/6/1994,338,nc-128_18,1
NC-128,11/4/1992,331,nc-128_19,1
NC-128,4/23/1993,336.1,nc-128_20,1
NC-128,11/4/1992,331,nc-128_21,1
NC-128,4/23/1993,336.1,nc-128_22,1
NC-128,11/2/1993,332,nc-128_23,1
NC-128,4/7/1994,335.8,nc-128_24,1
NC-128,10/13/1994,331.4,nc-128_25,1
NC-128,5/4/1995,338.5,nc-128_26,1
NC-128,10/24/1995,331.8,nc-128_27,1
NC-128,4/11/1996,337.7,nc-128_28,1
NC-128,10/21/1996,329.7,nc-128_29,1
NC-128,5/2/1997,334.7,nc-128_30,1
NC-128,10/7/1997,330.6,nc-128_31,1
NC-128,5/14/1998,336.9,nc-128_32,1
NC-128,10/22/1998,331.6,nc-128_33,1
NC-128,5/17/1999,337.2,nc-128_34,1
NC-128,10/21/1999,331.4,nc-128_35,1
NC-128,4/4/2000,337,nc-128_36,1
NC-128,10/5/2000,330.9,nc-128_37,1
NC-128,4/6/2001,336.5,nc-128_38,1
NC-128,10/12/2001,330.3,nc-128_39,1
NC-128,4/9/2002,336.9,nc-128_40,1
NC-128,10/7/2002,331,nc-128_41,1
NC-128,4/7/2003,337.7,nc-128_42,1
NC-128,10/3/2003,331.6,nc-128_43,1
NC-128,4/12/2004,336.2,nc-128_44,1
NC-128,10/12/2004,330.6,nc-128_45,1
NC-128,4/12/2005,338.1,nc-128_46,1
NC-128,10/4/2005,331.3,nc-128_47,1
NC-128,4/28/2006,339.2,nc-128_48,1
NC-128,10/16/2006,331.3,nc-128_49,1
NC-128,4/10/2007,335.8,nc-128_50,1
NC-128,10/9/2007,330.5,nc-128_51,1
NC-128,4/21/2008,335.3,nc-128_52,1
NC-128,10/6/2008,330.2,nc-128_53,1
NC-128,4/19/2011,337.4,nc-128_54,1
NC-128,10/20/2010,331,nc-128_55,1
NC-128,4/13/2010,338.5,nc-128_56,1
NC-128,10/12/2009,330.7,nc-128_57,1
NC-128,4/6/2009,336.5,nc-128_58,1
NC-128,10/11/2011,331.4,nc-128_59,1
NC-128,4/17/2012,338.83,nc-128_60,1
NC-128,10/17/2012,330.58,nc-128_61,1
NC-128,4/16/2013,334.61,nc-128_62,1
NC-128,10/15/2013,330.1,nc-128_63,1
NC-128,3/13/2014,337.7,nc-128_64,1
NC-128,10/1/2014,331.2,nc-128_65,1
NC-128,3/4/2015,337.2,nc-128_66,1
NC-128,8/10/2015,331.67,nc-128_67,1
NC-128,10/14/2015,330.45,nc-128_68,1
NC-128,12/29/2015,333.14,nc-128_69,1
NC-128,11/16/2015,329.7,nc-128_70,1
NC-128,1/25/2016,337.82,nc-128_71,1
NC-128,4/8/2016,337.43,nc-128_72,1
NC-128,5/25/2016,334.75,nc-128_73,1
NC-128,3/24/2016,338.02,nc-128_74,1
NC-128,10/11/2016,330.5,nc-128_75,1
NC-128,11/17/2016,333.2,nc-128_76,1
NC-128,6/15/2016,333.75,nc-128_77,1
NC-128,7/18/2016,332.45,nc-128_78,1
NC-128,8/30/2016,331.45,nc-128_79,1
NC-128,9/26/2016,330.88,nc-128_80,1
NC-128,12/28/2016,337.49,nc-128_81,1
NC-128,1/30/2017,338.14,nc-128_82,1
NC-128,2/27/2017,338.29,nc-128_83,1
NC-128,3/28/2017,337.39,nc-128_84,1
NC-128,4/10/2017,339.37,nc-128_85,1
NC-128,5/30/2017,335.69,nc-128_86,1
NC-128,6/22/2017,334.45,nc-128_87,1
NC-128,7/14/2017,333.21,nc-128_88,1
NC-128,8/29/2017,331.88,nc-128_89,1
NC-128,9/13/2017,331.5,nc-128_90,1
NC-128,3/13/2014,337.7,nc-128_91,1
NC-128,4/10/2017,339.37,nc-128_92,1
NC-128,10/3/2017,331.05,nc-128_93,1
NC-128,11/27/2017,330.9,nc-128_94,1
NC-128,12/28/2017,331.48,nc-128_95,1
NC-128,1/22/2018,332.93,nc-128_96,1
NC-128,2/28/2018,334.85,nc-128_97,1
NC-128,3/29/2018,338.15,nc-128_98,1
NC-128,4/18/2018,337.85,nc-128_99,1
NC-128,5/23/2018,335.38,nc-128_100,1
NC-128,10/17/2018,330.6,nc-128_101,1
NC-128,9/17/2018,331,nc-128_102,1
NC-128,8/15/2018,331.9,nc-128_103,1
NC-128,7/10/2018,333.06,nc-128_104,1
NC-128,6/12/2018,334.25,nc-128_105,1
NC-128,12/31/2018,332.78,nc-128_106,1
NC-128,1/30/2019,337.64,nc-128_107,1
NC-128,4/9/2019,339.25,nc-128_108,1
NC-128,6/12/2019,336.1,nc-128_109,1
NC-128,8/21/2019,332.2,nc-128_110,1
NC-128,7/23/2019,333.75,nc-128_111,1
NC-128,9/17/2019,331.92,nc-128_113,1
NC-128,5/22/2019,336.19,nc-128_114,1
NC-130,4/10/1984,168.7,nc-130_1,1
NC-130,10/10/1984,169.7,nc-130_2,1
NC-130,6/10/1985,166.7,nc-130_3,1
NC-130,10/16/1985,159.7,nc-130_4,1
NC-130,3/19/1986,172.7,nc-130_5,1
NC-130,10/29/1986,163.7,nc-130_6,1
NC-130,7/9/1987,163.7,nc-130_7,1
NC-130,11/3/1987,161.4,nc-130_8,1
NC-130,4/18/1988,160.7,nc-130_9,1
NC-130,10/25/1988,162.2,nc-130_10,1
NC-130,5/25/1989,167.5,nc-130_11,1
NC-130,10/5/1989,162.2,nc-130_12,1
NC-130,4/4/1990,167.3,nc-130_13,1
NC-130,10/25/1990,162.7,nc-130_14,1
NC-130,4/18/1991,167.6,nc-130_15,1
NC-130,10/17/1991,158,nc-130_16,1
NC-130,4/7/1992,168.2,nc-130_17,1
NC-130,11/4/1992,162.9,nc-130_18,1
NC-130,4/23/1993,171.9,nc-130_19,1
NC-130,11/4/1993,162.4,nc-130_20,1
NC-130,4/7/1994,169,nc-130_21,1
NC-130,10/14/1994,158.7,nc-130_22,1
NC-130,5/5/1995,170.3,nc-130_23,1
NC-130,10/24/1995,157,nc-130_24,1
NC-130,4/11/1996,167.2,nc-130_25,1
NC-130,10/21/1996,146,nc-130_26,1
NC-130,5/9/1997,150.1,nc-130_27,1
NC-130,10/7/1997,159.3,nc-130_28,1
NC-130,5/14/1998,167.4,nc-130_29,1
NC-130,10/23/1998,141.1,nc-130_30,1
NC-130,5/17/1999,151.3,nc-130_31,1
NC-130,10/21/1999,159.3,nc-130_32,1
NC-130,4/4/2000,169,nc-130_33,1
NC-130,10/5/2000,160.7,nc-130_34,1
NC-130,4/9/2001,168.1,nc-130_35,1
NC-132,4/9/1984,131.7,nc-132_1,1
NC-132,10/10/1984,107.7,nc-132_2,1
NC-132,6/7/1985,131.2,nc-132_3,1
NC-132,10/16/1985,129.2,nc-132_4,1
NC-132,3/19/1986,137.7,nc-132_5,1
NC-132,10/29/1986,129.2,nc-132_6,1
NC-132,4/10/1987,127,nc-132_7,1
NC-132,11/4/1987,126.2,nc-132_8,1
NC-132,4/18/1988,131.1,nc-132_9,1
NC-132,10/25/1988,125.9,nc-132_10,1
NC-132,5/25/1989,130.4,nc-132_11,1
NC-132,10/5/1989,124.9,nc-132_12,1
NC-132,4/4/1990,128.3,nc-132_13,1
NC-132,10/25/1990,123.2,nc-132_14,1
NC-132,2/25/1991,120.9,nc-132_15,1
NC-132,4/17/1991,131.3,nc-132_16,1
NC-132,10/17/1991,127.2,nc-132_17,1
NC-132,4/6/1992,133.5,nc-132_18,1
NC-132,11/4/1992,123.7,nc-132_19,1
NC-132,4/23/1993,133.4,nc-132_20,1
NC-132,11/4/1993,123.6,nc-132_21,1
NC-132,4/7/1994,129.1,nc-132_22,1
NC-132,10/14/1994,122.7,nc-132_23,1
NC-132,5/5/1995,134.5,nc-132_24,1
NC-132,10/24/1995,123.1,nc-132_25,1
NC-132,4/11/1996,134.2,nc-132_26,1
NC-132,10/21/1996,122.7,nc-132_27,1
NC-132,4/30/1997,100.5,nc-132_28,1
NC-132,10/7/1997,117,nc-132_29,1
NC-132,5/14/1998,133.1,nc-132_30,1
NC-132,10/22/1998,120.5,nc-132_31,1
NC-132,5/17/1999,132.2,nc-132_32,1
NC-132,10/21/1999,98.8,nc-132_33,1
NC-132,4/4/2000,132.6,nc-132_34,1
NC-132,10/5/2000,117.3,nc-132_35,1
NC-132,4/9/2001,119.9,nc-132_36,1
NC-132,10/12/2001,114.2,nc-132_37,1
NC-132,4/9/2002,130.9,nc-132_38,1
NC-132,10/7/2002,97.9,nc-132_39,1
NC-132,4/7/2003,131,nc-132_40,1
NC-132,10/3/2003,117.9,nc-132_41,1
NC-132,4/12/2004,131.9,nc-132_42,1
NC-132,10/12/2004,115.6,nc-132_43,1
NC-132,4/12/2005,133.5,nc-132_44,1
NC-132,10/4/2005,118.1,nc-132_45,1
NC-132,4/28/2006,134.5,nc-132_46,1
NC-132,10/16/2006,120.5,nc-132_47,1
NC-132,4/10/2007,123.1,nc-132_48,1
NC-132,10/9/2007,112.2,nc-132_49,1
NC-132,5/5/2008,125.3,nc-132_50,1
NC-132,10/6/2008,112.4,nc-132_51,1
NC-132,4/6/2009,123.3,nc-132_52,1
NC-132,10/12/2009,109.8,nc-132_53,1
NC-132,4/13/2010,130.4,nc-132_54,1
NC-132,10/20/2010,115.8,nc-132_55,1
NC-132,4/19/2011,132.6,nc-132_56,1
NC-132,10/11/2011,122.4,nc-132_57,1
NC-132,4/17/2012,130.49,nc-132_58,1
NC-132,10/23/2012,116.32,nc-132_59,1
NC-132,4/18/2013,128.03,nc-132_60,1
NC-132,10/15/2013,113.55,nc-132_61,1
NC-132,3/14/2014,117.05,nc-132_62,1
NC-132,10/1/2014,110.75,nc-132_63,1
NC-132,3/16/2015,126.6,nc-132_64,1
NC-132,10/12/2015,111.75,nc-132_65,1
NC-132,11/16/2015,113.14,nc-132_66,1
NC-132,12/29/2015,116.16,nc-132_67,1
NC-132,1/25/2016,117.55,nc-132_68,1
NC-132,3/28/2016,130.4,nc-132_69,1
NC-132,4/6/2016,129.68,nc-132_70,1
NC-132,5/25/2016,127.51,nc-132_71,1
NC-132,6/15/2016,124.81,nc-132_72,1
NC-132,8/30/2016,115.6,nc-132_73,1
NC-132,10/12/2016,113.5,nc-132_74,1
NC-132,11/17/2016,117.42,nc-132_75,1
NC-132,12/28/2016,121.7,nc-132_76,1
NC-132,1/30/2017,132.49,nc-132_77,1
NC-132,2/27/2017,134.41,nc-132_78,1
NC-132,3/28/2017,133.41,nc-132_79,1
NC-132,4/6/2017,133.24,nc-132_80,1
NC-132,5/30/2017,130.8,nc-132_81,1
NC-132,6/22/2017,127.35,nc-132_82,1
NC-132,7/14/2017,123.61,nc-132_83,1
NC-132,9/13/2017,115.66,nc-132_84,1
NC-132,10/25/2017,115.75,nc-132_85,1
NC-132,11/27/2017,118.62,nc-132_86,1
NC-132,12/28/2017,119.95,nc-132_87,1
NC-132,1/22/2018,121.13,nc-132_88,1
NC-132,2/28/2018,118.05,nc-132_89,1
NC-132,3/29/2018,121.85,nc-132_90,1
NC-132,4/17/2018,122.17,nc-132_91,1
NC-132,5/23/2018,122.57,nc-132_92,1
NC-132,7/12/2018,121.8,nc-132_93,1
NC-132,7/30/2018,115.98,nc-132_94,1
NC-132,8/21/2018,113.96,nc-132_95,1
NC-132,9/17/2018,111.84,nc-132_96,1
NC-132,10/24/2018,112.25,nc-132_97,1
NC-132,12/31/2018,116.41,nc-132_98,1
NC-132,1/30/2019,124.38,nc-132_99,1
NC-132,3/5/2019,133.61,nc-132_100,1
NC-132,3/28/2019,132.4,nc-132_101,1
NC-132,4/9/2019,132.1,nc-132_102,1
NC-132,5/22/2019,130.33,nc-132_103,1
NC-132,8/21/2019,119.88,nc-132_104,1
NC-132,9/17/2019,116.59,nc-132_105,1
NC-133,4/9/1984,85.7,nc-133_1,1
NC-133,10/10/1984,78.7,nc-133_2,1
NC-133,6/11/1985,83.4,nc-133_3,1
NC-133,10/16/1985,74.7,nc-133_4,1
NC-133,2/5/1986,85.8,nc-133_5,1
NC-133,3/19/1986,86.7,nc-133_6,1
NC-133,10/29/1986,77.2,nc-133_7,1
NC-133,7/10/1987,77.7,nc-133_8,1
NC-133,11/4/1987,72.3,nc-133_9,1
NC-133,4/22/1988,80.7,nc-133_10,1
NC-133,10/25/1988,73.7,nc-133_11,1
NC-133,10/5/1989,76,nc-133_12,1
NC-133,10/5/1989,76,nc-133_13,1
NC-133,4/3/1990,78.1,nc-133_14,1
NC-133,10/25/1990,73.7,nc-133_15,1
NC-133,2/25/1991,72.2,nc-133_16,1
NC-133,4/17/1991,85.5,nc-133_17,1
NC-133,10/17/1991,75.6,nc-133_18,1
NC-133,4/6/1992,85.8,nc-133_19,1
NC-133,11/4/1992,76.3,nc-133_20,1
NC-133,4/23/1993,85.8,nc-133_21,1
NC-133,11/4/1993,75.9,nc-133_22,1
NC-133,4/7/1994,81.7,nc-133_23,1
NC-133,10/14/1994,76.8,nc-133_24,1
NC-133,5/5/1995,85.7,nc-133_25,1
NC-133,10/26/1995,78.1,nc-133_26,1
NC-133,4/12/1996,86.5,nc-133_27,1
NC-133,10/26/1996,78.1,nc-133_28,1
NC-133,4/30/1997,83.4,nc-133_29,1
NC-133,10/7/1997,76.1,nc-133_30,1
NC-133,5/14/1998,86,nc-133_31,1
NC-133,10/23/1998,77.8,nc-133_32,1
NC-133,5/18/1999,85.6,nc-133_33,1
NC-133,10/21/1999,76.7,nc-133_34,1
NC-133,4/4/2000,86.2,nc-133_35,1
NC-133,10/5/2000,75.6,nc-133_36,1
NC-133,4/9/2001,83.3,nc-133_37,1
NC-133,10/12/2001,73.5,nc-133_38,1
NC-133,4/9/2002,85.5,nc-133_39,1
NC-133,10/7/2002,74.8,nc-133_40,1
NC-133,4/7/2003,85.9,nc-133_41,1
NC-133,10/3/2003,76.7,nc-133_42,1
NC-133,4/12/2004,85.5,nc-133_43,1
NC-133,10/12/2004,75,nc-133_44,1
NC-133,4/12/2005,87.3,nc-133_45,1
NC-133,10/4/2005,77.1,nc-133_46,1
NC-133,4/28/2006,86.7,nc-133_47,1
NC-133,10/16/2006,74.6,nc-133_48,1
NC-133,4/10/2007,80.1,nc-133_49,1
NC-133,10/9/2007,73.3,nc-133_50,1
NC-133,4/21/2008,77,nc-133_51,1
NC-133,10/6/2008,74.4,nc-133_52,1
NC-133,4/6/2009,84.6,nc-133_53,1
NC-133,10/12/2009,73.4,nc-133_54,1
NC-133,4/13/2010,87.7,nc-133_55,1
NC-133,10/20/2010,75.4,nc-133_56,1
NC-133,4/19/2011,86.3,nc-133_57,1
NC-133,10/11/2011,78.15,nc-133_58,1
NC-133,4/17/2012,87.17,nc-133_59,1
NC-133,10/17/2012,75.55,nc-133_60,1
NC-133,4/16/2013,83.4,nc-133_61,1
NC-133,10/15/2013,74.5,nc-133_62,1
NC-133,3/14/2014,76.7,nc-133_63,1
NC-133,10/1/2014,73.8,nc-133_64,1
NC-133,3/16/2015,84.25,nc-133_65,1
NC-133,8/10/2015,76.7,nc-133_66,1
NC-133,10/12/2015,74.12,nc-133_67,1
NC-133,11/16/2015,73,nc-133_68,1
NC-133,12/29/2015,74.59,nc-133_69,1
NC-133,1/26/2016,83.93,nc-133_70,1
NC-133,3/28/2016,87.04,nc-133_71,1
NC-133,4/6/2016,86.31,nc-133_72,1
NC-133,5/25/2016,82,nc-133_73,1
NC-133,6/15/2016,80.2,nc-133_74,1
NC-133,7/19/2016,75.74,nc-133_75,1
NC-133,8/30/2016,71.86,nc-133_76,1
NC-133,9/26/2016,73.75,nc-133_77,1
NC-133,10/12/2016,74.76,nc-133_78,1
NC-133,11/18/2016,76.25,nc-133_79,1
NC-133,1/30/2017,87.49,nc-133_80,1
NC-133,2/27/2017,87.66,nc-133_81,1
NC-133,3/28/2017,87.25,nc-133_82,1
NC-133,4/6/2017,86.69,nc-133_83,1
NC-133,5/30/2017,82.84,nc-133_84,1
NC-133,6/21/2017,78.42,nc-133_85,1
NC-133,7/14/2017,78.75,nc-133_86,1
NC-133,8/29/2017,76.08,nc-133_87,1
NC-133,9/13/2017,76.65,nc-133_88,1
NC-133,10/25/2017,74.71,nc-133_89,1
NC-133,11/27/2017,76.21,nc-133_90,1
NC-133,12/28/2017,76.3,nc-133_91,1
NC-133,1/29/2018,77.52,nc-133_92,1
NC-133,2/28/2018,77.46,nc-133_93,1
NC-133,3/29/2018,83.33,nc-133_94,1
NC-133,4/18/2018,83.76,nc-133_95,1
NC-133,5/30/2018,81.2,nc-133_96,1
NC-133,6/12/2018,78.23,nc-133_97,1
NC-133,7/10/2018,75.03,nc-133_98,1
NC-133,8/15/2018,69.3,nc-133_99,1
NC-133,9/19/2018,73.51,nc-133_100,1
NC-133,10/29/2018,75.17,nc-133_101,1
NC-133,12/31/2018,77.54,nc-133_102,1
NC-133,1/30/2019,86.67,nc-133_103,1
NC-133,3/5/2019,87.7,nc-133_104,1
NC-133,3/28/2019,87.51,nc-133_105,1
NC-133,4/9/2019,86.98,nc-133_106,1
NC-133,5/22/2019,86.1,nc-133_107,1
NC-133,6/12/2019,84.44,nc-133_108,1
NC-133,7/23/2019,81.35,nc-133_109,1
NC-133,8/21/2019,79.26,nc-133_110,1
NC-133,9/17/2019,77.49,nc-133_111,1
NC-134,4/9/1984,73.4,nc-134_1,1
NC-134,10/10/1984,66.4,nc-134_2,1
NC-134,6/11/1985,70.4,nc-134_3,1
NC-134,10/16/1985,67.4,nc-134_4,1
NC-134,3/19/1986,79.2,nc-134_5,1
NC-134,10/29/1986,67.6,nc-134_6,1
NC-134,7/10/1987,64.2,nc-134_7,1
NC-134,11/5/1987,63.7,nc-134_8,1
NC-134,4/25/1988,69.7,nc-134_9,1
NC-134,10/25/1988,63.8,nc-134_10,1
NC-134,5/24/1989,71,nc-134_11,1
NC-134,10/5/1989,65.9,nc-134_12,1
NC-134,4/3/1990,68.9,nc-134_13,1
NC-134,10/25/1990,69.9,nc-134_14,1
NC-134,2/25/1991,62.1,nc-134_15,1
NC-134,4/17/1991,73.5,nc-134_16,1
NC-134,10/18/1991,64.5,nc-134_17,1
NC-134,4/6/1992,71.6,nc-134_18,1
NC-134,11/4/1992,62.4,nc-134_19,1
NC-134,4/26/1993,72.5,nc-134_20,1
NC-134,11/5/1993,64.2,nc-134_21,1
NC-134,4/7/1994,71.2,nc-134_22,1
NC-134,10/14/1994,65.4,nc-134_23,1
NC-134,5/5/1995,73.4,nc-134_24,1
NC-134,10/26/1995,66,nc-134_25,1
NC-134,4/12/1996,74.4,nc-134_26,1
NC-134,10/22/1996,66,nc-134_27,1
NC-134,4/30/1997,70.6,nc-134_28,1
NC-134,10/7/1997,64.7,nc-134_29,1
NC-134,5/14/1998,73.4,nc-134_30,1
NC-134,10/23/1998,67,nc-134_31,1
NC-134,5/18/1999,72.3,nc-134_32,1
NC-134,10/22/1999,60.7,nc-134_33,1
NC-134,4/4/2000,71.9,nc-134_34,1
NC-134,10/5/2000,60.9,nc-134_35,1
NC-134,4/9/2001,56.6,nc-134_36,1
NC-134,10/12/2001,61.7,nc-134_37,1
NC-134,4/9/2002,71.6,nc-134_38,1
NC-134,10/7/2002,59.9,nc-134_39,1
NC-134,4/7/2003,72.6,nc-134_40,1
NC-134,10/3/2003,60.5,nc-134_41,1
NC-134,4/12/2004,71,nc-134_42,1
NC-134,10/13/2004,56.2,nc-134_43,1
NC-134,4/12/2005,75,nc-134_44,1
NC-134,10/4/2005,56.8,nc-134_45,1
NC-134,4/28/2006,75.1,nc-134_46,1
NC-134,10/16/2006,61.7,nc-134_47,1
NC-134,4/10/2007,67.6,nc-134_48,1
NC-134,10/9/2007,57.3,nc-134_49,1
NC-134,5/5/2008,65.9,nc-134_50,1
NC-134,10/6/2008,58.6,nc-134_51,1
NC-134,4/6/2009,69.5,nc-134_52,1
NC-134,10/12/2009,57.9,nc-134_53,1
NC-134,4/13/2010,73.6,nc-134_54,1
NC-134,10/20/2010,60,nc-134_55,1
NC-134,4/19/2011,72.8,nc-134_56,1
NC-134,10/11/2011,64.95,nc-134_57,1
NC-134,4/17/2012,73.67,nc-134_58,1
NC-134,10/17/2012,61.08,nc-134_59,1
NC-134,4/16/2013,69.95,nc-134_60,1
NC-134,10/15/2013,59.48,nc-134_61,1
NC-134,3/14/2014,64.9,nc-134_62,1
NC-134,10/14/2014,58.95,nc-134_63,1
NC-134,3/16/2015,70.32,nc-134_64,1
NC-134,10/23/2015,58.4,nc-134_65,1
NC-134,4/20/2016,71.75,nc-134_66,1
NC-134,10/20/2016,59.85,nc-134_67,1
NC-134,4/17/2017,74.49,nc-134_68,1
NC-134,10/25/2017,60.2,nc-134_69,1
NC-134,4/23/2018,68.33,nc-134_70,1
NC-134,10/25/2018,60.16,nc-134_71,1
NC-134,4/9/2019,74.66,nc-134_72,1
NC-136,4/16/1984,34.2,nc-136_1,1
NC-136,10/10/1984,18.2,nc-136_2,1
NC-136,6/10/1985,24.7,nc-136_3,1
NC-136,10/16/1985,15.7,nc-136_4,1
NC-136,3/19/1986,42.2,nc-136_5,1
NC-136,10/30/1986,17.7,nc-136_6,1
NC-136,7/10/1987,9.7,nc-136_7,1
NC-136,11/2/1987,12.7,nc-136_8,1
NC-136,4/22/1988,25.7,nc-136_9,1
NC-136,10/24/1988,13.6,nc-136_10,1
NC-136,5/24/1989,25.1,nc-136_11,1
NC-136,10/4/1989,22.1,nc-136_12,1
NC-136,4/4/1990,29.3,nc-136_13,1
NC-136,10/25/1990,18.2,nc-136_14,1
NC-136,2/25/1991,16.7,nc-136_15,1
NC-136,4/17/1991,33.7,nc-136_16,1
NC-136,10/25/1991,12.3,nc-136_17,1
NC-136,4/6/1992,31.2,nc-136_18,1
NC-136,11/4/1992,8.2,nc-136_19,1
NC-136,4/26/1993,32.2,nc-136_20,1
NC-136,11/5/1993,2.2,nc-136_21,1
NC-136,4/11/1994,25.2,nc-136_22,1
NC-136,10/17/1994,17.4,nc-136_23,1
NC-136,5/5/1995,35.2,nc-136_24,1
NC-136,10/24/1995,17.3,nc-136_25,1
NC-136,4/11/1996,4.4,nc-136_26,1
NC-136,11/14/1996,16.1,nc-136_27,1
NC-136,5/1/1997,23.2,nc-136_28,1
NC-136,10/23/1997,9.4,nc-136_29,1
NC-136,5/19/1998,31.8,nc-136_30,1
NC-136,12/18/1998,29.2,nc-136_31,1
NC-136,5/19/1999,25.4,nc-136_32,1
NC-136,10/26/1999,9.1,nc-136_33,1
NC-136,4/5/2000,30.3,nc-136_34,1
NC-136,10/5/2000,13.2,nc-136_35,1
NC-136,4/10/2001,29.4,nc-136_36,1
NC-136,10/12/2001,11,nc-136_37,1
NC-136,4/9/2002,32.2,nc-136_38,1
NC-136,10/7/2002,9.9,nc-136_39,1
NC-136,4/8/2003,32.5,nc-136_40,1
NC-136,10/6/2003,13.3,nc-136_41,1
NC-136,4/12/2004,29.6,nc-136_42,1
NC-136,10/12/2004,10.4,nc-136_43,1
NC-136,4/12/2005,38.2,nc-136_44,1
NC-136,10/4/2005,12.3,nc-136_45,1
NC-136,5/1/2006,36.4,nc-136_46,1
NC-136,10/16/2006,14,nc-136_47,1
NC-136,4/10/2007,29,nc-136_48,1
NC-136,10/9/2007,10.3,nc-136_49,1
NC-136,4/21/2008,20.6,nc-136_50,1
NC-136,10/6/2008,10.3,nc-136_51,1
NC-136,4/6/2009,26.2,nc-136_52,1
NC-136,10/12/2009,7.5,nc-136_53,1
NC-136,4/13/2010,34.6,nc-136_54,1
NC-136,10/20/2010,9.3,nc-136_55,1
NC-136,4/19/2011,33.6,nc-136_56,1
NC-136,10/11/2011,16,nc-136_57,1
NC-136,4/17/2012,35.8,nc-136_58,1
NC-136,10/17/2012,8.59,nc-136_59,1
NC-136,4/16/2013,23.35,nc-136_60,1
NC-136,10/15/2013,8.7,nc-136_61,1
NC-136,3/18/2014,29.7,nc-136_62,1
NC-136,3/30/2015,28.74,nc-136_63,1
NC-136,8/10/2015,14.69,nc-136_64,1
NC-136,10/12/2015,12.1,nc-136_65,1
NC-136,11/20/2015,15.35,nc-136_66,1
NC-136,12/30/2015,22.03,nc-136_67,1
NC-136,1/26/2016,31.62,nc-136_68,1
NC-136,3/29/2016,33.72,nc-136_69,1
NC-136,4/20/2016,34.1,nc-136_70,1
NC-136,5/31/2016,27.45,nc-136_71,1
NC-136,6/15/2016,24.2,nc-136_72,1
NC-136,7/19/2016,17.2,nc-136_73,1
NC-136,8/30/2016,13.2,nc-136_74,1
NC-136,9/26/2016,11.49,nc-136_75,1
NC-136,10/12/2016,11.91,nc-136_76,1
NC-136,11/18/2016,22.99,nc-136_77,1
NC-136,12/28/2016,33.01,nc-136_78,1
NC-136,1/30/2017,39.24,nc-136_79,1
NC-136,2/27/2017,40.49,nc-136_80,1
NC-136,3/28/2017,38.83,nc-136_81,1
NC-136,4/26/2017,38.1,nc-136_82,1
NC-136,5/30/2017,27.91,nc-136_83,1
NC-136,6/21/2017,24.85,nc-136_84,1
NC-136,7/14/2017,1.3,nc-136_85,1
NC-136,8/29/2017,15.51,nc-136_86,1
NC-136,9/13/2017,13.2,nc-136_87,1
NC-136,10/26/2017,12.5,nc-136_88,1
NC-136,11/27/2017,22.33,nc-136_89,1
NC-136,12/29/2017,23.4,nc-136_90,1
NC-136,1/22/2018,26.81,nc-136_91,1
NC-136,2/21/2018,26.51,nc-136_92,1
NC-136,3/29/2018,32.1,nc-136_93,1
NC-136,4/9/2018,34.02,nc-136_94,1
NC-136,5/30/2018,25.4,nc-136_95,1
NC-136,6/12/2018,22.85,nc-136_96,1
NC-136,7/10/2018,17.05,nc-136_97,1
NC-136,8/16/2018,13.6,nc-136_98,1
NC-136,9/19/2018,13.26,nc-136_99,1
NC-136,10/25/2018,11.64,nc-136_100,1
NC-136,12/31/2018,27.39,nc-136_101,1
NC-136,1/30/2019,35.92,nc-136_102,1
NC-136,3/5/2019,40.25,nc-136_103,1
NC-136,3/28/2019,39.1,nc-136_104,1
NC-136,5/23/2019,34.58,nc-136_105,1
NC-136,6/12/2019,27.78,nc-136_106,1
NC-136,7/23/2019,20.81,nc-136_107,1
NC-136,8/21/2019,16.4,nc-136_108,1
NC-136,9/18/2019,13.93,nc-136_109,1
NC-139,4/9/1984,77.8,nc-139_1,1
NC-139,10/18/1984,68.3,nc-139_2,1
NC-139,6/11/1985,73.8,nc-139_3,1
NC-139,10/16/1985,69.3,nc-139_4,1
NC-139,3/19/1986,81.3,nc-139_5,1
NC-139,10/30/1986,69.5,nc-139_6,1
NC-139,7/10/1987,72.1,nc-139_7,1
NC-139,11/4/1987,65.2,nc-139_8,1
NC-139,4/18/1988,72.4,nc-139_9,1
NC-139,10/24/1988,65.3,nc-139_10,1
NC-139,5/24/1989,74.1,nc-139_11,1
NC-139,10/4/1989,67.3,nc-139_12,1
NC-139,4/3/1990,69.3,nc-139_13,1
NC-139,10/25/1990,65.5,nc-139_14,1
NC-139,2/25/1991,57.6,nc-139_15,1
NC-139,4/17/1991,74.8,nc-139_16,1
NC-139,10/18/1991,67.5,nc-139_17,1
NC-139,4/6/1992,76,nc-139_18,1
NC-139,11/4/1992,67,nc-139_19,1
NC-139,4/23/1993,77,nc-139_20,1
NC-139,11/4/1993,69,nc-139_21,1
NC-139,4/7/1994,70.8,nc-139_22,1
NC-139,10/20/1994,67,nc-139_23,1
NC-139,5/8/1995,79.3,nc-139_24,1
NC-139,10/26/1995,71.4,nc-139_25,1
NC-139,4/19/1996,78.3,nc-139_26,1
NC-139,10/22/1996,71.3,nc-139_27,1
NC-139,4/30/1997,75.8,nc-139_28,1
NC-139,5/9/1997,68.4,nc-139_29,1
NC-139,10/7/1997,72.8,nc-139_30,1
NC-139,5/14/1998,78.4,nc-139_31,1
NC-139,12/17/1998,71.9,nc-139_32,1
NC-139,5/18/1999,76.3,nc-139_33,1
NC-139,10/22/1999,70,nc-139_34,1
NC-139,4/5/2000,76.8,nc-139_35,1
NC-139,10/5/2000,66.8,nc-139_36,1
NC-139,4/9/2001,73.9,nc-139_37,1
NC-139,10/12/2001,64.9,nc-139_38,1
NC-139,4/9/2002,76.9,nc-139_39,1
NC-139,10/7/2002,66.2,nc-139_40,1
NC-139,4/7/2003,77.1,nc-139_41,1
NC-139,10/3/2003,68.6,nc-139_42,1
NC-139,4/12/2004,76.4,nc-139_43,1
NC-139,10/12/2004,65.4,nc-139_44,1
NC-139,4/12/2005,77.6,nc-139_45,1
NC-139,10/4/2005,69.8,nc-139_46,1
NC-139,4/28/2006,78.5,nc-139_47,1
NC-139,10/16/2006,69.4,nc-139_48,1
NC-139,4/10/2007,71,nc-139_49,1
NC-139,10/9/2007,63.4,nc-139_50,1
NC-139,4/21/2008,73.9,nc-139_51,1
NC-139,10/6/2008,64.8,nc-139_52,1
NC-139,4/6/2009,74.4,nc-139_53,1
NC-139,10/12/2009,65.3,nc-139_54,1
NC-139,4/13/2010,77.8,nc-139_55,1
NC-139,10/20/2010,68.6,nc-139_56,1
NC-139,4/19/2011,77.9,nc-139_57,1
NC-139,10/11/2011,70.8,nc-139_58,1
NC-139,4/17/2012,76.31,nc-139_59,1
NC-139,10/17/2012,67.7,nc-139_60,1
NC-139,4/16/2013,74.55,nc-139_61,1
NC-139,10/15/2013,64.13,nc-139_62,1
NC-139,3/14/2014,66.8,nc-139_63,1
NC-139,10/14/2014,60.7,nc-139_64,1
NC-139,3/17/2015,73.6,nc-139_65,1
NC-139,10/15/2015,63.1,nc-139_66,1
NC-139,4/8/2016,76.48,nc-139_67,1
NC-139,10/12/2016,66.29,nc-139_68,1
NC-139,4/19/2017,77.53,nc-139_69,1
NC-139,10/26/2017,67.2,nc-139_70,1
NC-139,4/23/2018,70.95,nc-139_71,1
NC-139,10/25/2018,64.35,nc-139_72,1
NC-139,4/25/2019,77.01,nc-139_73,1
NC-142,10/5/2001,-20.3,nc-142_1,1
NC-142,1/4/2002,-13.5,nc-142_2,1
NC-142,4/4/2002,-11.2,nc-142_3,1
NC-142,7/3/2002,-17,nc-142_4,1
NC-142,10/9/2002,-23.4,nc-142_5,1
NC-142,4/8/2003,-11.4,nc-142_6,1
NC-142,10/8/2003,-22.8,nc-142_7,1
NC-142,4/13/2004,-13.4,nc-142_8,1
NC-142,10/13/2004,-25.2,nc-142_9,1
NC-142,4/13/2005,-12.3,nc-142_10,1
NC-142,10/5/2005,-23.5,nc-142_11,1
NC-142,5/4/2006,-11.2,nc-142_12,1
NC-142,10/18/2006,-22.5,nc-142_13,1
NC-142,4/13/2007,-18.2,nc-142_14,1
NC-142,10/11/2007,-27.7,nc-142_15,1
NC-142,4/23/2008,-25.5,nc-142_16,1
NC-142,10/13/2008,-32.4,nc-142_17,1
NC-142,4/13/2009,-23.8,nc-142_18,1
NC-142,10/15/2009,-34.6,nc-142_19,1
NC-142,4/15/2010,-23.7,nc-142_20,1
NC-142,10/22/2010,-23.8,nc-142_21,1
NC-142,4/21/2011,-24.8,nc-142_22,1
NC-142,10/19/2011,-24.1,nc-142_23,1
NC-142,4/23/2012,-24.1,nc-142_24,1
NC-142,10/25/2012,-24.65,nc-142_25,1
NC-142,4/18/2013,-32.2,nc-142_26,1
NC-142,10/23/2013,-24.6,nc-142_27,1
NC-142,3/17/2014,-24.7,nc-142_28,1
NC-142,10/13/2014,-26.5,nc-142_29,1
NC-142,3/11/2015,-32.2,nc-142_30,1
NC-142,11/1/2018,-23.8,nc-142_31,1
NC-142,4/23/2019,-24.8,nc-142_32,1
NC-142,4/23/2019,-24.8,nc-142_33,1
NC-169,4/24/2014,228.2,nc-169_1,1
NC-169,10/24/2014,200.6,nc-169_2,1
NC-169,3/25/2015,230,nc-169_3,1
NC-169,10/12/2015,203.67,nc-169_4,1
NC-169,4/25/2016,233.4,nc-169_5,1
NC-169,10/24/2016,202.6,nc-169_6,1
NC-169,4/26/2017,240.8,nc-169_7,1
NC-169,10/31/2017,192.3,nc-169_8,1
NC-169,3/30/2018,239.6,nc-169_9,1
NC-169,11/29/2018,210,nc-169_10,1
NC-169,4/29/2019,233.16,nc-169_11,1
NC-171,4/28/2014,214.6,nc-171_1,1
NC-171,10/1/2014,172.3,nc-171_2,1
NC-171,3/18/2015,217.12,nc-171_3,1
NC-171,8/10/2015,158.1,nc-171_4,1
NC-171,10/23/2015,164,nc-171_5,1
NC-171,11/16/2015,173.55,nc-171_6,1
NC-171,12/29/2015,198.39,nc-171_7,1
NC-171,1/25/2016,212.7,nc-171_8,1
NC-171,3/28/2016,226,nc-171_9,1
NC-171,4/6/2016,224.16,nc-171_10,1
NC-171,5/25/2016,202.73,nc-171_11,1
NC-171,6/15/2016,192.05,nc-171_12,1
NC-171,7/18/2016,176.33,nc-171_13,1
NC-171,8/30/2016,163.95,nc-171_14,1
NC-171,9/26/2016,167.1,nc-171_15,1
NC-171,10/18/2016,173.88,nc-171_16,1
NC-171,11/18/2016,195.1,nc-171_17,1
NC-171,12/28/2016,214.78,nc-171_18,1
NC-171,1/30/2017,226.95,nc-171_19,1
NC-171,2/27/2017,230.61,nc-171_20,1
NC-171,3/28/2017,226.46,nc-171_21,1
NC-171,4/6/2017,224.78,nc-171_22,1
NC-171,5/30/2017,202.8,nc-171_23,1
NC-171,6/22/2017,183.59,nc-171_24,1
NC-171,7/17/2017,175.73,nc-171_25,1
NC-171,8/29/2017,161.42,nc-171_26,1
NC-171,9/13/2017,168.2,nc-171_27,1
NC-171,10/25/2017,174,nc-171_28,1
NC-171,11/27/2017,194.49,nc-171_29,1
NC-171,12/28/2017,204.88,nc-171_30,1
NC-171,1/22/2018,213.57,nc-171_31,1
NC-171,2/28/2018,216.29,nc-171_32,1
NC-171,3/29/2018,223.6,nc-171_33,1
NC-171,4/19/2018,223.76,nc-171_34,1
NC-171,5/30/2018,189.6,nc-171_35,1
NC-171,6/12/2018,185.8,nc-171_36,1
NC-171,7/10/2018,158.45,nc-171_37,1
NC-171,8/16/2018,148.5,nc-171_38,1
NC-171,9/19/2018,143.13,nc-171_39,1
NC-171,10/24/2018,164.15,nc-171_40,1
NC-171,12/31/2018,199.6,nc-171_41,1
NC-171,1/30/2019,215.4,nc-171_42,1
NC-171,3/5/2019,225.64,nc-171_43,1
NC-171,3/28/2019,226.96,nc-171_44,1
NC-171,4/11/2019,226.33,nc-171_45,1
NC-171,5/22/2019,216.53,nc-171_46,1
NC-171,6/14/2019,206.97,nc-171_47,1
NC-171,7/23/2019,192,nc-171_48,1
NC-171,8/21/2019,179.85,nc-171_49,1
NC-172,10/23/2014,172.25,nc-172_1,1
NC-172,3/18/2015,208.5,nc-172_2,1
NC-172,10/23/2015,167.92,nc-172_3,1
NC-172,4/6/2016,209.95,nc-172_4,1
NC-172,10/18/2016,171.07,nc-172_5,1
NC-172,4/12/2017,223.6,nc-172_6,1
NC-172,10/23/2017,171.97,nc-172_7,1
NC-172,4/19/2018,219.4,nc-172_8,1
NC-172,11/15/2018,162.7,nc-172_9,1
NC-172,4/17/2019,220.48,nc-172_10,1
NC-174,4/28/2014,233.87,nc-174_1,1
NC-174,10/23/2014,191.7,nc-174_2,1
NC-174,10/27/2015,185.2,nc-174_3,1
NC-174,4/19/2016,223.2,nc-174_4,1
NC-174,4/26/2017,245.15,nc-174_5,1
NC-174,4/19/2018,238.5,nc-174_6,1
NC-174,11/15/2018,193.8,nc-174_7,1
NC-174,4/19/2019,244.2,nc-174_8,1
NC-177,4/28/2014,139.58,nc-177_1,1
NC-177,10/1/2014,135.04,nc-177_2,1
NC-177,3/16/2015,139.65,nc-177_3,1
NC-177,10/7/2015,135.95,nc-177_4,1
NC-177,4/6/2016,140.58,nc-177_5,1
NC-177,10/12/2016,136.62,nc-177_6,1
NC-177,4/6/2017,140.87,nc-177_7,1
NC-177,10/25/2017,136.88,nc-177_8,1
NC-177,4/19/2018,140.41,nc-177_9,1
NC-177,10/29/2018,137.2,nc-177_10,1
NC-177,4/11/2019,140.74,nc-177_11,1
NC-179,4/25/2014,54.1,nc-179_1,1
NC-179,10/20/2014,47.65,nc-179_2,1
NC-179,3/18/2015,59.94,nc-179_3,1
NC-179,10/12/2015,46.85,nc-179_4,1
NC-179,4/8/2016,64.34,nc-179_5,1
NC-179,10/20/2016,49.04,nc-179_6,1
NC-179,4/17/2017,66.22,nc-179_7,1
NC-179,10/26/2017,49.26,nc-179_8,1
NC-179,4/23/2018,59.76,nc-179_9,1
NC-179,11/15/2018,47.88,nc-179_10,1
NC-179,4/9/2019,66.48,nc-179_11,1
NC-181,4/25/2014,70.8,nc-181_1,1
NC-181,10/14/2014,56.2,nc-181_2,1
NC-181,3/16/2015,111.08,nc-181_3,1
NC-181,10/12/2015,75.6,nc-181_4,1
NC-181,4/8/2016,115.06,nc-181_5,1
NC-181,10/12/2016,54.45,nc-181_6,1
NC-181,4/6/2017,117.35,nc-181_7,1
NC-181,10/26/2017,63.2,nc-181_8,1
NC-181,4/23/2018,108.98,nc-181_9,1
NC-181,10/29/2018,76.95,nc-181_10,1
NC-181,4/24/2019,113.89,nc-181_11,1
NC-182,4/28/2014,-46.13,nc-182_1,1
NC-182,10/14/2014,-69.7,nc-182_2,1
NC-182,3/30/2015,-30.67,nc-182_3,1
NC-182,8/10/2015,-69.25,nc-182_4,1
NC-182,10/15/2015,-75.6,nc-182_5,1
NC-182,11/20/2015,-61,nc-182_6,1
NC-182,12/30/2015,-44.27,nc-182_7,1
NC-182,1/26/2016,-24.2,nc-182_8,1
NC-182,3/28/2016,-19.22,nc-182_9,1
NC-182,4/15/2016,-30.13,nc-182_10,1
NC-182,5/25/2016,-41.07,nc-182_11,1
NC-182,6/15/2016,-55.1,nc-182_12,1
NC-182,7/19/2016,-73.92,nc-182_13,1
NC-182,8/30/2016,-108.25,nc-182_14,1
NC-182,9/26/2016,-94.13,nc-182_15,1
NC-182,10/12/2016,-90.5,nc-182_16,1
NC-182,11/18/2016,-73.42,nc-182_17,1
NC-182,12/29/2016,-44.04,nc-182_18,1
NC-182,1/30/2017,-28.02,nc-182_19,1
NC-182,2/27/2017,-16.09,nc-182_20,1
NC-182,3/28/2017,-17.15,nc-182_21,1
NC-182,4/20/2017,-11.85,nc-182_22,1
NC-182,5/30/2017,-39.6,nc-182_23,1
NC-182,6/22/2017,-55.35,nc-182_24,1
NC-182,7/13/2017,-68.85,nc-182_25,1
NC-182,8/29/2017,-88.6,nc-182_26,1
NC-182,9/13/2017,-95.23,nc-182_27,1
NC-182,10/25/2017,-88.9,nc-182_28,1
NC-182,11/27/2017,-75,nc-182_29,1
NC-182,12/29/2017,-64.81,nc-182_30,1
NC-182,1/29/2018,-53.81,nc-182_31,1
NC-182,2/21/2018,-49.4,nc-182_32,1
NC-182,3/29/2018,-39.57,nc-182_33,1
NC-182,4/13/2018,-56.72,nc-182_34,1
NC-182,5/30/2018,-56.36,nc-182_35,1
NC-182,6/12/2018,-64.88,nc-182_36,1
NC-182,7/10/2018,-118.2,nc-182_37,1
NC-182,8/15/2018,-101.05,nc-182_38,1
NC-182,9/19/2018,-103.92,nc-182_39,1
NC-182,11/16/2018,-89.17,nc-182_40,1
NC-182,12/31/2018,-82.64,nc-182_41,1
NC-182,1/30/2019,-43.2,nc-182_42,1
NC-182,3/5/2019,-29.6,nc-182_43,1
NC-182,3/28/2019,-29.13,nc-182_44,1
NC-182,4/25/2019,-37.46,nc-182_45,1
NC-182,5/22/2019,-42.78,nc-182_46,1
NC-182,6/12/2019,-62.63,nc-182_47,1
NC-182,7/23/2019,-84.57,nc-182_48,1
NC-182,8/21/2019,-97.93,nc-182_49,1
NC-182,9/18/2019,-98.58,nc-182_50,1
NC-183,4/25/2014,33.75,nc-183_1,1
NC-183,10/14/2014,21.85,nc-183_2,1
NC-183,3/17/2015,37.85,nc-183_3,1
NC-183,10/15/2015,15.6,nc-183_4,1
NC-183,4/20/2016,38.2,nc-183_5,1
NC-183,10/12/2016,23.72,nc-183_6,1
NC-183,4/19/2017,42.79,nc-183_7,1
NC-183,10/26/2017,16.89,nc-183_8,1
NC-183,4/17/2018,38.99,nc-183_9,1
NC-183,10/25/2018,20.93,nc-183_10,1
NC-183,4/25/2019,40.85,nc-183_11,1
NC-184,4/28/2014,35.6,nc-184_1,1
NC-184,10/14/2014,23.6,nc-184_2,1
NC-184,3/17/2015,46,nc-184_3,1
NC-184,10/15/2015,18.55,nc-184_4,1
NC-184,4/8/2016,50.09,nc-184_5,1
NC-184,10/12/2016,25.86,nc-184_6,1
NC-184,4/19/2017,53.87,nc-184_7,1
NC-184,10/27/2017,25.5,nc-184_8,1
NC-184,4/17/2018,46.16,nc-184_9,1
NC-184,10/30/2018,17.8,nc-184_10,1
NC-185,4/25/2014,60.43,nc-185_1,1
NC-185,10/14/2014,46.45,nc-185_2,1
NC-185,3/18/2015,48,nc-185_3,1
NC-185,8/10/2015,52,nc-185_4,1
NC-185,10/15/2015,46.51,nc-185_5,1
NC-185,11/20/2015,49.92,nc-185_6,1
NC-185,12/30/2015,53.03,nc-185_7,1
NC-185,1/26/2016,60.87,nc-185_8,1
NC-185,3/28/2016,70.02,nc-185_9,1
NC-185,4/20/2016,66.49,nc-185_10,1
NC-185,5/31/2016,63.42,nc-185_11,1
NC-185,6/15/2016,56.5,nc-185_12,1
NC-185,8/11/2016,55.5,nc-185_13,1
NC-185,9/26/2016,47.5,nc-185_14,1
NC-185,10/12/2016,51.4,nc-185_15,1
NC-185,11/18/2016,55.79,nc-185_16,1
NC-185,12/28/2016,62.26,nc-185_17,1
NC-185,1/30/2017,70.62,nc-185_18,1
NC-185,2/27/2017,72.57,nc-185_19,1
NC-185,3/28/2017,71.84,nc-185_20,1
NC-185,4/19/2017,71.28,nc-185_21,1
NC-185,5/30/2017,65.04,nc-185_22,1
NC-185,6/21/2017,59.5,nc-185_23,1
NC-185,7/14/2017,58.4,nc-185_24,1
NC-185,8/29/2017,52.98,nc-185_25,1
NC-185,9/13/2017,50.9,nc-185_26,1
NC-185,11/27/2017,55.8,nc-185_27,1
NC-185,12/29/2017,55.73,nc-185_28,1
NC-185,1/22/2018,58.59,nc-185_29,1
NC-185,2/21/2018,57.47,nc-185_30,1
NC-185,4/23/2018,56.35,nc-185_31,1
NC-185,5/30/2018,47.6,nc-185_32,1
NC-185,6/12/2018,38.05,nc-185_33,1
NC-185,7/17/2018,46.44,nc-185_34,1
NC-185,8/15/2018,44.63,nc-185_35,1
NC-185,9/19/2018,43.24,nc-185_36,1
NC-185,10/30/2018,38.79,nc-185_37,1
NC-185,12/31/2018,56.88,nc-185_38,1
NC-185,1/30/2019,66,nc-185_39,1
NC-185,3/28/2019,70.55,nc-185_40,1
NC-185,5/22/2019,67.22,nc-185_41,1
NC-185,6/12/2019,60.18,nc-185_42,1
NC-185,7/23/2019,49.05,nc-185_43,1
NC-185,8/21/2019,46.88,nc-185_44,1
NC-185,9/18/2019,35.4,nc-185_45,1
NC-186,4/25/2014,7.8,nc-186_1,0
NC-186,10/14/2014,5,nc-186_2,0
NC-186,3/20/2015,34.4,nc-186_3,0
NC-187,3/20/2015,-96.8,nc-187_1,0
NC-187,10/15/2015,-31.1,nc-187_2,0
NC-187,4/20/2016,-96.29,nc-187_3,0
NC-187,10/12/2016,-99.15,nc-187_4,0
NC-187,4/17/2017,-44.35,nc-187_5,0
NC-187,10/25/2017,-94.99,nc-187_6,0
NC-187,4/9/2018,-98.7,nc-187_7,0
NC-187,11/19/2018,-104.77,nc-187_8,0
NC-188,4/25/2014,-78.95,nc-188_1,0
NC-188,10/14/2014,-79.4,nc-188_2,0
NC-188,3/20/2015,-78.75,nc-188_3,0
NC-188,10/15/2015,-107.3,nc-188_4,0
NC-188,4/20/2016,-95.63,nc-188_5,0
NC-188,4/17/2017,-96.09,nc-188_6,0
NC-188,10/25/2017,-112.36,nc-188_7,0
NC-188,4/9/2018,-95.31,nc-188_8,0
NC-188,11/19/2018,-87.1,nc-188_9,0
NC-188,4/24/2019,-86.2,nc-188_10,0
NC-189,4/28/2014,65.16,nc-189_1,1
NC-189,10/14/2014,55.35,nc-189_2,1
NC-189,3/20/2015,73.84,nc-189_3,1
NC-189,10/15/2015,57.04,nc-189_4,1
NC-189,10/12/2016,41.73,nc-189_5,1
NC-189,4/17/2017,83.15,nc-189_6,1
NC-189,10/31/2017,40.84,nc-189_7,1
NC-189,4/9/2018,66.75,nc-189_8,1
NC-189,11/19/2018,33.93,nc-189_9,1
NC-189,4/25/2019,76.7,nc-189_10,1
NC-190,4/25/2014,44.3,nc-190_1,1
NC-190,10/14/2014,23.3,nc-190_2,1
NC-190,3/17/2015,48.81,nc-190_3,1
NC-199,4/25/2014,291.5,nc-199_1,1
NC-199,10/2/2014,281.15,nc-199_2,1
NC-199,3/16/2015,292.85,nc-199_3,1
NC-199,10/28/2015,281.19,nc-199_4,1
NC-203,3/13/2014,279.15,nc-203_1,1
NC-203,10/23/2014,272.35,nc-203_2,1
NC-203,3/30/2015,281.9,nc-203_3,1
NC-203,8/10/2015,268.7,nc-203_4,1
NC-204,5/8/2014,119.6,nc-204_1,1
NC-204,3/16/2015,121.71,nc-204_2,1
NC-204,4/6/2016,123.54,nc-204_3,1
NC-204,10/20/2016,119.28,nc-204_4,1
NC-204,4/6/2017,124.3,nc-204_5,1
NC-204,10/25/2017,114.9,nc-204_6,1
NC-204,4/19/2018,116.81,nc-204_7,1
NC-204,11/16/2018,116.66,nc-204_8,1
NC-212,3/4/2015,190.1,nc-212_1,1
NC-212,10/7/2015,169.15,nc-212_2,1
NC-212,4/6/2016,191.89,nc-212_3,1
NC-212,10/20/2016,168.35,nc-212_4,1
NC-212,4/28/2017,191.67,nc-212_5,1
NC-212,10/31/2017,172.3,nc-212_6,1
NC-212,4/23/2018,191.4,nc-212_7,1
NC-212,10/24/2018,168.85,nc-212_8,1
NC-212,4/11/2019,191.05,nc-212_9,1
NC-214s,10/20/2014,4.322,nc-214s_1,1
NC-214s,3/1/2015,3.74213,nc-214s_2,1
NC-214s,3/31/2015,3.272,nc-214s_3,1
NC-214s,4/1/2015,4.03019,nc-214s_4,1
NC-214s,4/15/2015,3.622,nc-214s_5,1
NC-214s,5/1/2015,3.88651,nc-214s_6,1
NC-214s,6/1/2015,3.70211,nc-214s_7,1
NC-214s,6/3/2015,3.802,nc-214s_8,1
NC-214s,7/1/2015,3.72463,nc-214s_9,1
NC-214s,7/24/2015,3.892,nc-214s_10,1
NC-214s,8/1/2015,3.57399,nc-214s_11,1
NC-214s,9/1/2015,3.70339,nc-214s_12,1
NC-214s,9/16/2015,3.032,nc-214s_13,1
NC-214s,10/1/2015,3.64132,nc-214s_14,1
NC-214s,10/5/2015,4.202,nc-214s_15,1
NC-214s,11/1/2015,3.51014,nc-214s_16,1
NC-214s,11/11/2015,6.622,nc-214s_17,1
NC-214s,12/1/2015,4.11272,nc-214s_18,1
NC-214s,1/1/2016,4.99964,nc-214s_19,1
NC-214s,1/8/2016,4.992,nc-214s_20,1
NC-214s,1/13/2016,4.532,nc-214s_21,1
NC-214s,2/1/2016,4.58337,nc-214s_22,1
NC-214s,3/1/2016,5.48042,nc-214s_23,1
NC-214s,3/23/2016,3.862,nc-214s_24,1
NC-214s,4/1/2016,4.27068,nc-214s_25,1
NC-214s,5/1/2016,4.03979,nc-214s_26,1
NC-214s,6/1/2016,3.7442,nc-214s_27,1
NC-214s,6/9/2016,2.602,nc-214s_28,1
NC-214s,6/27/2016,2.892,nc-214s_29,1
NC-214s,7/1/2016,3.57595,nc-214s_30,1
NC-214s,8/1/2016,3.58692,nc-214s_31,1
NC-214s,9/1/2016,3.43954,nc-214s_32,1
NC-214s,9/23/2016,3.762,nc-214s_33,1
NC-214s,10/1/2016,3.5129,nc-214s_34,1
NC-214s,11/1/2016,4.3684,nc-214s_35,1
NC-214s,11/16/2016,4.342,nc-214s_36,1
NC-214s,12/1/2016,4.65381,nc-214s_37,1
NC-214s,1/1/2017,6.43603,nc-214s_38,1
NC-214s,1/27/2017,4.842,nc-214s_39,1
NC-214s,2/1/2017,6.71697,nc-214s_40,1
NC-214s,3/1/2017,5.01985,nc-214s_41,1
NC-214s,4/1/2017,4.98267,nc-214s_42,1
NC-214s,4/11/2017,4.822,nc-214s_43,1
NC-214s,5/1/2017,4.217,nc-214s_44,1
NC-214s,6/1/2017,4.03104,nc-214s_45,1
NC-214s,7/1/2017,3.84977,nc-214s_46,1
NC-214s,7/25/2017,4.962,nc-214s_47,1
NC-214s,8/1/2017,4.12404,nc-214s_48,1
NC-214s,9/1/2017,3.95207,nc-214s_49,1
NC-214s,9/26/2017,3.652,nc-214s_50,1
NC-214s,10/1/2017,3.46207,nc-214s_51,1
NC-214s,10/22/2017,1.776,nc-214s_52,1
NC-214s,11/1/2017,3.92137,nc-214s_53,1
NC-214s,11/17/2017,3.392,nc-214s_54,1
NC-214s,12/1/2017,4.09477,nc-214s_55,1
NC-214s,1/1/2018,4.37634,nc-214s_56,1
NC-214s,1/26/2018,4.462,nc-214s_57,1
NC-214s,2/1/2018,4.19883,nc-214s_58,1
NC-214s,3/1/2018,4.66519,nc-214s_59,1
NC-214s,3/22/2018,6.49,nc-214s_60,1
NC-214s,4/1/2018,4.5444,nc-214s_61,1
NC-214s,4/4/2018,3.902,nc-214s_62,1
NC-214s,4/22/2018,4.482,nc-214s_63,1
NC-214s,5/1/2018,4.36178,nc-214s_64,1
NC-214s,6/1/2018,4.51665,nc-214s_65,1
NC-214s,6/22/2018,4.482,nc-214s_66,1
NC-214s,7/1/2018,4.94085,nc-214s_67,1
NC-214s,8/1/2018,4.85392,nc-214s_68,1
NC-214s,8/21/2018,6.752,nc-214s_69,1
NC-214s,9/1/2018,4.70222,nc-214s_70,1
NC-214s,10/1/2018,4.74716,nc-214s_71,1
NC-214s,10/25/2018,3.342,nc-214s_72,1
NC-214s,11/1/2018,4.51872,nc-214s_73,1
NC-214s,12/1/2018,4.6963,nc-214s_74,1
NC-214s,12/21/2018,5.232,nc-214s_75,1
NC-214s,1/1/2019,5.26848,nc-214s_76,1
NC-214s,2/1/2019,6.19761,nc-214s_77,1
NC-214s,3/1/2019,5.51082,nc-214s_78,1
NC-214s,3/19/2019,4.752,nc-214s_79,1
NC-214s,3/28/2019,6.242,nc-214s_80,1
NC-214s,4/1/2019,4.9642,nc-214s_81,1
NC-214s,5/1/2019,4.94072,nc-214s_82,1
NC-214s,5/14/2019,5.362,nc-214s_83,1
NC-214s,6/1/2019,4.8654,nc-214s_84,1
NC-214s,7/1/2019,4.77769,nc-214s_85,1
NC-214s,8/1/2019,4.69796,nc-214s_86,1
NC-214s,8/15/2019,4.032,nc-214s_87,1
NC-214s,9/1/2019,4.64699,nc-214s_88,1
NC-215d,10/20/2014,4.068,nc-215d_1,1
NC-215d,3/1/2015,2.48025,nc-215d_2,1
NC-215d,3/31/2015,2.768,nc-215d_3,1
NC-215d,4/1/2015,2.63799,nc-215d_4,1
NC-215d,4/15/2015,2.858,nc-215d_5,1
NC-215d,5/1/2015,2.75319,nc-215d_6,1
NC-215d,6/1/2015,2.83656,nc-215d_7,1
NC-215d,6/3/2015,3.788,nc-215d_8,1
NC-215d,7/1/2015,3.03645,nc-215d_9,1
NC-215d,7/24/2015,3.548,nc-215d_10,1
NC-215d,7/24/2015,3.548,nc-215d_11,1
NC-215d,8/1/2015,3.34991,nc-215d_12,1
NC-215d,9/1/2015,3.82773,nc-215d_13,1
NC-215d,9/16/2015,2.918,nc-215d_14,1
NC-215d,10/1/2015,4.08686,nc-215d_15,1
NC-215d,10/5/2015,3.778,nc-215d_16,1
NC-215d,11/1/2015,3.507,nc-215d_17,1
NC-215d,11/11/2015,3.358,nc-215d_18,1
NC-215d,12/1/2015,3.52037,nc-215d_19,1
NC-215d,1/1/2016,4.49424,nc-215d_20,1
NC-215d,1/8/2016,4.078,nc-215d_21,1
NC-215d,1/13/2016,3.518,nc-215d_22,1
NC-215d,2/1/2016,4.54915,nc-215d_23,1
NC-215d,3/1/2016,5.26419,nc-215d_24,1
NC-215d,3/23/2016,3.008,nc-215d_25,1
NC-215d,4/1/2016,4.3227,nc-215d_26,1
NC-215d,5/1/2016,4.27886,nc-215d_27,1
NC-215d,6/1/2016,4.29661,nc-215d_28,1
NC-215d,6/9/2016,2.598,nc-215d_29,1
NC-215d,6/27/2016,2.468,nc-215d_30,1
NC-215d,7/1/2016,4.22097,nc-215d_31,1
NC-215d,8/1/2016,4.31611,nc-215d_32,1
NC-215d,9/1/2016,4.23263,nc-215d_33,1
NC-215d,9/23/2016,3.528,nc-215d_34,1
NC-215d,10/1/2016,4.20438,nc-215d_35,1
NC-215d,11/1/2016,4.61134,nc-215d_36,1
NC-215d,11/16/2016,3.198,nc-215d_37,1
NC-215d,12/1/2016,4.7786,nc-215d_38,1
NC-215d,1/1/2017,6.34111,nc-215d_39,1
NC-215d,1/27/2017,3.908,nc-215d_40,1
NC-215d,2/1/2017,5.53782,nc-215d_41,1
NC-215d,3/1/2017,3.8957,nc-215d_42,1
NC-215d,4/1/2017,3.62787,nc-215d_43,1
NC-215d,4/11/2017,2.808,nc-215d_44,1
NC-215d,5/1/2017,3.26366,nc-215d_45,1
NC-215d,6/1/2017,3.16828,nc-215d_46,1
NC-215d,7/1/2017,2.81008,nc-215d_47,1
NC-215d,7/25/2017,3.398,nc-215d_48,1
NC-215d,8/1/2017,2.83977,nc-215d_49,1
NC-215d,9/1/2017,3.23008,nc-215d_50,1
NC-215d,9/26/2017,3.158,nc-215d_51,1
NC-215d,10/1/2017,3.45498,nc-215d_52,1
NC-215d,11/1/2017,3.23122,nc-215d_53,1
NC-215d,11/6/2017,2.239,nc-215d_54,1
NC-215d,11/17/2017,2.338,nc-215d_55,1
NC-215d,12/1/2017,3.16087,nc-215d_56,1
NC-215d,1/1/2018,3.36232,nc-215d_57,1
NC-215d,1/26/2018,2.748,nc-215d_58,1
NC-215d,2/1/2018,2.67777,nc-215d_59,1
NC-215d,3/1/2018,3.01252,nc-215d_60,1
NC-215d,3/22/2018,4.516,nc-215d_61,1
NC-215d,4/1/2018,2.86255,nc-215d_62,1
NC-215d,4/4/2018,2.708,nc-215d_63,1
NC-215d,4/22/2018,3.618,nc-215d_64,1
NC-215d,5/1/2018,2.79606,nc-215d_65,1
NC-215d,6/1/2018,2.98704,nc-215d_66,1
NC-215d,6/22/2018,3.618,nc-215d_67,1
NC-215d,7/1/2018,3.47529,nc-215d_68,1
NC-215d,8/1/2018,3.48274,nc-215d_69,1
NC-215d,8/21/2018,3.908,nc-215d_70,1
NC-215d,9/1/2018,3.43687,nc-215d_71,1
NC-215d,10/1/2018,3.46467,nc-215d_72,1
NC-215d,10/25/2018,2.548,nc-215d_73,1
NC-215d,11/1/2018,3.4319,nc-215d_74,1
NC-215d,12/1/2018,3.48249,nc-215d_75,1
NC-215d,12/21/2018,4.248,nc-215d_76,1
NC-215d,1/1/2019,3.97978,nc-215d_77,1
NC-215d,2/1/2019,4.80382,nc-215d_78,1
NC-215d,3/1/2019,4.35452,nc-215d_79,1
NC-215d,3/19/2019,4.168,nc-215d_80,1
NC-215d,4/1/2019,3.74524,nc-215d_81,1
NC-215d,4/2/2019,4.734,nc-215d_82,1
NC-215d,5/1/2019,3.72602,nc-215d_83,1
NC-215d,5/14/2019,4.228,nc-215d_84,1
NC-215d,6/1/2019,3.66925,nc-215d_85,1
NC-215d,7/1/2019,3.57324,nc-215d_86,1
NC-215d,8/1/2019,3.58292,nc-215d_87,1
NC-215d,8/15/2019,2.858,nc-215d_88,1
NC-215d,9/1/2019,3.62087,nc-215d_89,1
NC-216s,10/20/2014,72.195,nc-216s_1,1
NC-216s,12/1/2014,82.05989,nc-216s_2,1
NC-216s,1/1/2015,83.31619,nc-216s_3,1
NC-216s,2/1/2015,83.68406,nc-216s_4,1
NC-216s,3/1/2015,83.38148,nc-216s_5,1
NC-216s,3/31/2015,82.415,nc-216s_6,1
NC-216s,4/1/2015,81.78036,nc-216s_7,1
NC-216s,4/15/2015,81.705,nc-216s_8,1
NC-216s,5/1/2015,80.37595,nc-216s_9,1
NC-216s,6/1/2015,78.66043,nc-216s_10,1
NC-216s,6/3/2015,79.625,nc-216s_11,1
NC-216s,7/1/2015,78.31097,nc-216s_12,1
NC-216s,7/24/2015,78.015,nc-216s_13,1
NC-216s,8/1/2015,77.32555,nc-216s_14,1
NC-216s,9/1/2015,76.66485,nc-216s_15,1
NC-216s,9/16/2015,76.395,nc-216s_16,1
NC-216s,10/1/2015,77.68671,nc-216s_17,1
NC-216s,10/12/2015,77.915,nc-216s_18,1
NC-216s,11/1/2015,78.71193,nc-216s_19,1
NC-216s,11/11/2015,78.965,nc-216s_20,1
NC-216s,12/1/2015,80.18956,nc-216s_21,1
NC-216s,1/1/2016,84.98251,nc-216s_22,1
NC-216s,1/8/2016,83.925,nc-216s_23,1
NC-216s,2/1/2016,86.54009,nc-216s_24,1
NC-216s,3/1/2016,88.08729,nc-216s_25,1
NC-216s,3/23/2016,88.065,nc-216s_26,1
NC-216s,4/1/2016,87.20766,nc-216s_27,1
NC-216s,5/1/2016,86.33875,nc-216s_28,1
NC-216s,6/1/2016,85.08894,nc-216s_29,1
NC-216s,6/9/2016,85.315,nc-216s_30,1
NC-216s,7/1/2016,82.55314,nc-216s_31,1
NC-216s,7/19/2016,82.265,nc-216s_32,1
NC-216s,8/1/2016,80.05467,nc-216s_33,1
NC-216s,9/1/2016,76.01709,nc-216s_34,1
NC-216s,9/23/2016,75.185,nc-216s_35,1
NC-216s,10/1/2016,74.40598,nc-216s_36,1
NC-216s,11/1/2016,84.0951,nc-216s_37,1
NC-216s,11/16/2016,83.495,nc-216s_38,1
NC-216s,12/1/2016,85.92937,nc-216s_39,1
NC-216s,1/1/2017,88.9803,nc-216s_40,1
NC-216s,1/27/2017,88.535,nc-216s_41,1
NC-216s,2/1/2017,89.51667,nc-216s_42,1
NC-216s,3/1/2017,87.93334,nc-216s_43,1
NC-216s,4/1/2017,87.86082,nc-216s_44,1
NC-216s,4/11/2017,88.045,nc-216s_45,1
NC-216s,4/12/2017,87.755,nc-216s_46,1
NC-216s,5/1/2017,86.74161,nc-216s_47,1
NC-216s,6/1/2017,85.89635,nc-216s_48,1
NC-216s,7/1/2017,84.68835,nc-216s_49,1
NC-216s,7/25/2017,84.185,nc-216s_50,1
NC-216s,8/1/2017,82.00253,nc-216s_51,1
NC-216s,9/1/2017,80.17528,nc-216s_52,1
NC-216s,9/26/2017,79.405,nc-216s_53,1
NC-216s,10/1/2017,76.16815,nc-216s_54,1
NC-216s,10/30/2017,74.239,nc-216s_55,1
NC-216s,11/1/2017,79.30022,nc-216s_56,1
NC-216s,11/7/2017,73.834,nc-216s_57,1
NC-216s,11/17/2017,82.215,nc-216s_58,1
NC-216s,12/1/2017,83.86838,nc-216s_59,1
NC-216s,1/1/2018,84.88788,nc-216s_60,1
NC-216s,1/26/2018,83.305,nc-216s_61,1
NC-216s,2/1/2018,85.17191,nc-216s_62,1
NC-216s,3/1/2018,86.11943,nc-216s_63,1
NC-216s,3/23/2018,87.232,nc-216s_64,1
NC-216s,4/1/2018,86.65549,nc-216s_65,1
NC-216s,4/4/2018,86.235,nc-216s_66,1
NC-216s,4/22/2018,84.935,nc-216s_67,1
NC-216s,5/1/2018,85.97867,nc-216s_68,1
NC-216s,6/1/2018,85.10531,nc-216s_69,1
NC-216s,6/22/2018,84.935,nc-216s_70,1
NC-216s,7/1/2018,82.87565,nc-216s_71,1
NC-216s,8/1/2018,80.69794,nc-216s_72,1
NC-216s,8/21/2018,80.105,nc-216s_73,1
NC-216s,9/1/2018,76.97624,nc-216s_74,1
NC-216s,10/1/2018,72.6543,nc-216s_75,1
NC-216s,10/25/2018,71.815,nc-216s_76,1
NC-216s,11/1/2018,73.30535,nc-216s_77,1
NC-216s,12/1/2018,84.48193,nc-216s_78,1
NC-216s,12/21/2018,85.435,nc-216s_79,1
NC-216s,1/1/2019,87.83808,nc-216s_80,1
NC-216s,2/1/2019,89.50955,nc-216s_81,1
NC-216s,3/1/2019,88.83778,nc-216s_82,1
NC-216s,3/19/2019,87.835,nc-216s_83,1
NC-216s,4/1/2019,87.17161,nc-216s_84,1
NC-216s,4/8/2019,87.406,nc-216s_85,1
NC-216s,5/1/2019,86.73459,nc-216s_86,1
NC-216s,6/1/2019,86.18661,nc-216s_87,1
NC-216s,7/1/2019,85.23936,nc-216s_88,1
NC-216s,8/1/2019,83.95948,nc-216s_89,1
NC-216s,8/15/2019,84.225,nc-216s_90,1
NC-216s,8/15/2019,84.225,nc-216s_91,1
NC-216s,9/1/2019,81.49313,nc-216s_92,1
NC-217d,10/20/2014,61.577,nc-217d_1,1
NC-217d,12/1/2014,70.23257,nc-217d_2,1
NC-217d,1/1/2015,74.31592,nc-217d_3,1
NC-217d,2/1/2015,76.03425,nc-217d_4,1
NC-217d,3/1/2015,76.71877,nc-217d_5,1
NC-217d,3/31/2015,76.037,nc-217d_6,1
NC-217d,4/1/2015,75.20196,nc-217d_7,1
NC-217d,4/15/2015,75.027,nc-217d_8,1
NC-217d,5/1/2015,73.44155,nc-217d_9,1
NC-217d,6/1/2015,71.55999,nc-217d_10,1
NC-217d,6/3/2015,72.447,nc-217d_11,1
NC-217d,7/1/2015,68.59368,nc-217d_12,1
NC-217d,7/24/2015,67.947,nc-217d_13,1
NC-217d,8/1/2015,65.69327,nc-217d_14,1
NC-217d,9/1/2015,62.609,nc-217d_15,1
NC-217d,9/16/2015,62.217,nc-217d_16,1
NC-217d,10/1/2015,61.43761,nc-217d_17,1
NC-217d,10/12/2015,61.357,nc-217d_18,1
NC-217d,11/1/2015,62.98009,nc-217d_19,1
NC-217d,11/11/2015,62.727,nc-217d_20,1
NC-217d,12/1/2015,65.43284,nc-217d_21,1
NC-217d,1/1/2016,69.89401,nc-217d_22,1
NC-217d,1/8/2016,68.437,nc-217d_23,1
NC-217d,2/1/2016,74.74127,nc-217d_24,1
NC-217d,3/1/2016,77.72349,nc-217d_25,1
NC-217d,3/23/2016,78.897,nc-217d_26,1
NC-217d,4/1/2016,79.39704,nc-217d_27,1
NC-217d,5/1/2016,77.99164,nc-217d_28,1
NC-217d,6/1/2016,75.19026,nc-217d_29,1
NC-217d,6/9/2016,75.967,nc-217d_30,1
NC-217d,7/1/2016,71.22313,nc-217d_31,1
NC-217d,7/19/2016,70.817,nc-217d_32,1
NC-217d,8/1/2016,67.31608,nc-217d_33,1
NC-217d,9/1/2016,64.6575,nc-217d_34,1
NC-217d,9/23/2016,64.017,nc-217d_35,1
NC-217d,10/1/2016,63.13556,nc-217d_36,1
NC-217d,11/1/2016,67.50863,nc-217d_37,1
NC-217d,11/16/2016,66.687,nc-217d_38,1
NC-217d,12/1/2016,70.78173,nc-217d_39,1
NC-217d,1/1/2017,76.47101,nc-217d_40,1
NC-217d,1/27/2017,78.877,nc-217d_41,1
NC-217d,2/1/2017,81.3203,nc-217d_42,1
NC-217d,3/1/2017,82.63968,nc-217d_43,1
NC-217d,4/1/2017,82.42929,nc-217d_44,1
NC-217d,4/11/2017,82.497,nc-217d_45,1
NC-217d,4/12/2017,82.357,nc-217d_46,1
NC-217d,5/1/2017,80.3399,nc-217d_47,1
NC-217d,6/1/2017,77.31786,nc-217d_48,1
NC-217d,7/1/2017,73.94021,nc-217d_49,1
NC-217d,7/25/2017,72.987,nc-217d_50,1
NC-217d,8/1/2017,70.44402,nc-217d_51,1
NC-217d,9/1/2017,66.9966,nc-217d_52,1
NC-217d,9/26/2017,65.667,nc-217d_53,1
NC-217d,10/1/2017,64.55928,nc-217d_54,1
NC-217d,10/30/2017,63.994,nc-217d_55,1
NC-217d,11/1/2017,65.20511,nc-217d_56,1
NC-217d,11/17/2017,65.227,nc-217d_57,1
NC-217d,12/1/2017,68.8088,nc-217d_58,1
NC-217d,1/1/2018,71.0516,nc-217d_59,1
NC-217d,1/26/2018,69.797,nc-217d_60,1
NC-217d,2/1/2018,72.63048,nc-217d_61,1
NC-217d,3/1/2018,73.52895,nc-217d_62,1
NC-217d,4/1/2018,75.63071,nc-217d_63,1
NC-217d,4/2/2018,74.682,nc-217d_64,1
NC-217d,4/4/2018,74.777,nc-217d_65,1
NC-217d,4/22/2018,72.417,nc-217d_66,1
NC-217d,5/1/2018,75.66217,nc-217d_67,1
NC-217d,6/1/2018,73.12485,nc-217d_68,1
NC-217d,6/22/2018,72.417,nc-217d_69,1
NC-217d,7/1/2018,69.60179,nc-217d_70,1
NC-217d,8/1/2018,65.95784,nc-217d_71,1
NC-217d,8/21/2018,64.977,nc-217d_72,1
NC-217d,9/1/2018,63.28428,nc-217d_73,1
NC-217d,10/1/2018,62.36565,nc-217d_74,1
NC-217d,10/25/2018,62.157,nc-217d_75,1
NC-217d,11/1/2018,62.51087,nc-217d_76,1
NC-217d,12/1/2018,66.30781,nc-217d_77,1
NC-217d,12/21/2018,67.077,nc-217d_78,1
NC-217d,1/1/2019,71.67088,nc-217d_79,1
NC-217d,2/1/2019,77.42777,nc-217d_80,1
NC-217d,3/1/2019,81.10428,nc-217d_81,1
NC-217d,3/19/2019,81.397,nc-217d_82,1
NC-217d,4/1/2019,82.00292,nc-217d_83,1
NC-217d,4/8/2019,82.184,nc-217d_84,1
NC-217d,5/1/2019,80.63008,nc-217d_85,1
NC-217d,6/1/2019,78.92853,nc-217d_86,1
NC-217d,7/1/2019,76.12588,nc-217d_87,1
NC-217d,8/1/2019,72.46565,nc-217d_88,1
NC-217d,8/15/2019,72.097,nc-217d_89,1
NC-217d,8/15/2019,72.097,nc-217d_90,1
NC-217d,9/1/2019,68.94768,nc-217d_91,1
NC-218s,10/20/2014,30.87,nc-218s_1,1
NC-218s,3/1/2015,35.0316,nc-218s_2,1
NC-218s,3/31/2015,36.15,nc-218s_3,1
NC-218s,4/1/2015,35.08207,nc-218s_4,1
NC-218s,4/15/2015,35.21,nc-218s_5,1
NC-218s,5/1/2015,34.98551,nc-218s_6,1
NC-218s,6/1/2015,34.55468,nc-218s_7,1
NC-218s,6/3/2015,34.89,nc-218s_8,1
NC-218s,7/1/2015,33.59256,nc-218s_9,1
NC-218s,7/24/2015,33.31,nc-218s_10,1
NC-218s,8/1/2015,32.34217,nc-218s_11,1
NC-218s,9/1/2015,31.19294,nc-218s_12,1
NC-218s,9/16/2015,31.1,nc-218s_13,1
NC-218s,10/1/2015,30.26611,nc-218s_14,1
NC-218s,10/15/2015,30.26,nc-218s_15,1
NC-218s,11/1/2015,29.87142,nc-218s_16,1
NC-218s,11/11/2015,29.93,nc-218s_17,1
NC-218s,12/1/2015,30.57983,nc-218s_18,1
NC-218s,1/1/2016,33.22488,nc-218s_19,1
NC-218s,1/13/2016,32.18,nc-218s_20,1
NC-218s,2/1/2016,33.73977,nc-218s_21,1
NC-218s,3/1/2016,40.09778,nc-218s_22,1
NC-218s,3/23/2016,42.21,nc-218s_23,1
NC-218s,4/1/2016,39.29168,nc-218s_24,1
NC-218s,5/1/2016,37.28193,nc-218s_25,1
NC-218s,6/1/2016,35.56319,nc-218s_26,1
NC-218s,6/9/2016,35.88,nc-218s_27,1
NC-218s,7/1/2016,34.39315,nc-218s_28,1
NC-218s,8/1/2016,33.36285,nc-218s_29,1
NC-218s,9/1/2016,32.4502,nc-218s_30,1
NC-218s,9/23/2016,32.23,nc-218s_31,1
NC-218s,10/1/2016,31.81056,nc-218s_32,1
NC-218s,11/1/2016,32.45565,nc-218s_33,1
NC-218s,11/16/2016,31.94,nc-218s_34,1
NC-218s,12/1/2016,33.78161,nc-218s_35,1
NC-218s,1/1/2017,43.97776,nc-218s_36,1
NC-218s,1/27/2017,47.07,nc-218s_37,1
NC-218s,2/1/2017,48.44535,nc-218s_38,1
NC-218s,3/1/2017,43.12573,nc-218s_39,1
NC-218s,4/1/2017,42.50578,nc-218s_40,1
NC-218s,4/11/2017,43.01,nc-218s_41,1
NC-218s,4/12/2017,42.8,nc-218s_42,1
NC-218s,5/1/2017,39.32357,nc-218s_43,1
NC-218s,6/1/2017,37.10419,nc-218s_44,1
NC-218s,7/1/2017,35.65493,nc-218s_45,1
NC-218s,7/25/2017,35.69,nc-218s_46,1
NC-218s,8/1/2017,35.17336,nc-218s_47,1
NC-218s,9/1/2017,33.98622,nc-218s_48,1
NC-218s,9/26/2017,33.41,nc-218s_49,1
NC-218s,10/1/2017,33.23138,nc-218s_50,1
NC-218s,10/30/2017,33.01,nc-218s_51,1
NC-218s,11/1/2017,32.99676,nc-218s_52,1
NC-218s,11/17/2017,32.84,nc-218s_53,1
NC-218s,12/1/2017,33.34952,nc-218s_54,1
NC-218s,1/1/2018,33.41278,nc-218s_55,1
NC-218s,1/26/2018,33.31,nc-218s_56,1
NC-218s,2/1/2018,33.37165,nc-218s_57,1
NC-218s,3/1/2018,34.56881,nc-218s_58,1
NC-218s,3/23/2018,36.481,nc-218s_59,1
NC-218s,4/1/2018,34.72057,nc-218s_60,1
NC-218s,4/4/2018,34.23,nc-218s_61,1
NC-218s,4/22/2018,33.8,nc-218s_62,1
NC-218s,5/1/2018,34.27061,nc-218s_63,1
NC-218s,6/1/2018,33.9432,nc-218s_64,1
NC-218s,6/22/2018,33.8,nc-218s_65,1
NC-218s,7/1/2018,33.59607,nc-218s_66,1
NC-218s,8/1/2018,32.29894,nc-218s_67,1
NC-218s,8/21/2018,31.76,nc-218s_68,1
NC-218s,9/1/2018,31.12356,nc-218s_69,1
NC-218s,10/1/2018,30.37848,nc-218s_70,1
NC-218s,10/25/2018,30.07,nc-218s_71,1
NC-218s,11/1/2018,30.1283,nc-218s_72,1
NC-218s,12/1/2018,32.11927,nc-218s_73,1
NC-218s,12/21/2018,32.8,nc-218s_74,1
NC-218s,1/1/2019,35.57407,nc-218s_75,1
NC-218s,2/1/2019,41.55527,nc-218s_76,1
NC-218s,3/1/2019,45.91996,nc-218s_77,1
NC-218s,3/19/2019,43.26,nc-218s_78,1
NC-218s,3/29/2019,44.027,nc-218s_79,1
NC-218s,4/1/2019,42.29709,nc-218s_80,1
NC-218s,5/1/2019,39.79779,nc-218s_81,1
NC-218s,5/14/2019,39.11,nc-218s_82,1
NC-218s,6/1/2019,37.74093,nc-218s_83,1
NC-218s,7/1/2019,36.11516,nc-218s_84,1
NC-218s,8/1/2019,34.89188,nc-218s_85,1
NC-218s,8/15/2019,34.89,nc-218s_86,1
NC-218s,8/15/2019,34.89,nc-218s_87,1
NC-218s,9/1/2019,33.67621,nc-218s_88,1
NC-219d,10/20/2014,29.99,nc-219d_1,1
NC-219d,3/1/2015,36.18957,nc-219d_2,1
NC-219d,3/31/2015,35.04,nc-219d_3,1
NC-219d,4/1/2015,36.05521,nc-219d_4,1
NC-219d,4/15/2015,36,nc-219d_5,1
NC-219d,5/1/2015,35.72941,nc-219d_6,1
NC-219d,6/1/2015,35.1529,nc-219d_7,1
NC-219d,6/3/2015,35.45,nc-219d_8,1
NC-219d,7/1/2015,33.86336,nc-219d_9,1
NC-219d,7/24/2015,33.36,nc-219d_10,1
NC-219d,8/1/2015,32.11791,nc-219d_11,1
NC-219d,9/1/2015,30.81425,nc-219d_12,1
NC-219d,9/16/2015,30.58,nc-219d_13,1
NC-219d,10/1/2015,29.96404,nc-219d_14,1
NC-219d,10/15/2015,29.95,nc-219d_15,1
NC-219d,11/1/2015,29.69731,nc-219d_16,1
NC-219d,11/11/2015,29.74,nc-219d_17,1
NC-219d,12/1/2015,30.32661,nc-219d_18,1
NC-219d,1/1/2016,33.36998,nc-219d_19,1
NC-219d,1/13/2016,32.15,nc-219d_20,1
NC-219d,2/1/2016,34.91598,nc-219d_21,1
NC-219d,3/1/2016,39.33505,nc-219d_22,1
NC-219d,3/23/2016,40.36,nc-219d_23,1
NC-219d,4/1/2016,38.71106,nc-219d_24,1
NC-219d,5/1/2016,37.57754,nc-219d_25,1
NC-219d,6/1/2016,36.15065,nc-219d_26,1
NC-219d,6/9/2016,36.36,nc-219d_27,1
NC-219d,7/1/2016,34.79039,nc-219d_28,1
NC-219d,8/1/2016,33.46603,nc-219d_29,1
NC-219d,9/1/2016,32.06354,nc-219d_30,1
NC-219d,9/23/2016,31.56,nc-219d_31,1
NC-219d,10/1/2016,31.44341,nc-219d_32,1
NC-219d,11/1/2016,32.26528,nc-219d_33,1
NC-219d,11/16/2016,31.91,nc-219d_34,1
NC-219d,12/1/2016,34.13935,nc-219d_35,1
NC-219d,1/1/2017,42.06138,nc-219d_36,1
NC-219d,1/27/2017,43.65,nc-219d_37,1
NC-219d,2/1/2017,45.39351,nc-219d_38,1
NC-219d,3/1/2017,41.96663,nc-219d_39,1
NC-219d,4/1/2017,41.33641,nc-219d_40,1
NC-219d,4/11/2017,41.63,nc-219d_41,1
NC-219d,4/12/2017,41.5,nc-219d_42,1
NC-219d,5/1/2017,39.50696,nc-219d_43,1
NC-219d,6/1/2017,37.87586,nc-219d_44,1
NC-219d,7/1/2017,36.50656,nc-219d_45,1
NC-219d,7/25/2017,36.23,nc-219d_46,1
NC-219d,8/1/2017,35.50738,nc-219d_47,1
NC-219d,9/1/2017,34.0829,nc-219d_48,1
NC-219d,9/26/2017,33.43,nc-219d_49,1
NC-219d,10/1/2017,33.19248,nc-219d_50,1
NC-219d,10/24/2017,32.686,nc-219d_51,1
NC-219d,11/1/2017,32.97924,nc-219d_52,1
NC-219d,11/17/2017,32.87,nc-219d_53,1
NC-219d,12/1/2017,33.48787,nc-219d_54,1
NC-219d,1/1/2018,33.81286,nc-219d_55,1
NC-219d,1/26/2018,33.72,nc-219d_56,1
NC-219d,2/1/2018,34.20647,nc-219d_57,1
NC-219d,3/1/2018,35.33665,nc-219d_58,1
NC-219d,3/22/2018,36.99,nc-219d_59,1
NC-219d,4/1/2018,36.1147,nc-219d_60,1
NC-219d,4/4/2018,35.73,nc-219d_61,1
NC-219d,4/22/2018,34.98,nc-219d_62,1
NC-219d,5/1/2018,35.73171,nc-219d_63,1
NC-219d,6/1/2018,35.15411,nc-219d_64,1
NC-219d,6/22/2018,34.98,nc-219d_65,1
NC-219d,7/1/2018,34.3367,nc-219d_66,1
NC-219d,8/1/2018,31.75741,nc-219d_67,1
NC-219d,8/21/2018,31.79,nc-219d_68,1
NC-219d,9/1/2018,31.30965,nc-219d_69,1
NC-219d,10/1/2018,30.58562,nc-219d_70,1
NC-219d,10/25/2018,30.33,nc-219d_71,1
NC-219d,11/1/2018,30.35321,nc-219d_72,1
NC-219d,12/1/2018,32.35021,nc-219d_73,1
NC-219d,12/21/2018,32.61,nc-219d_74,1
NC-219d,1/1/2019,35.74018,nc-219d_75,1
NC-219d,2/1/2019,39.90695,nc-219d_76,1
NC-219d,3/1/2019,42.58664,nc-219d_77,1
NC-219d,3/19/2019,41.41,nc-219d_78,1
NC-219d,3/29/2019,41.912,nc-219d_79,1
NC-219d,4/1/2019,40.39942,nc-219d_80,1
NC-219d,5/1/2019,38.87782,nc-219d_81,1
NC-219d,5/14/2019,38.55,nc-219d_82,1
NC-219d,6/1/2019,37.73783,nc-219d_83,1
NC-219d,7/1/2019,36.38463,nc-219d_84,1
NC-219d,8/1/2019,35.04674,nc-219d_85,1
NC-219d,8/15/2019,35.12,nc-219d_86,1
NC-219d,8/15/2019,35.12,nc-219d_87,1
NC-219d,9/1/2019,33.58822,nc-219d_88,1
NC-220s,10/23/2014,75.271,nc-220s_1,1
NC-220s,12/1/2014,82.45398,nc-220s_2,1
NC-220s,1/1/2015,83.43094,nc-220s_3,1
NC-220s,2/1/2015,84.66055,nc-220s_4,1
NC-220s,3/1/2015,84.26813,nc-220s_5,1
NC-220s,3/31/2015,83.431,nc-220s_6,1
NC-220s,4/1/2015,82.9265,nc-220s_7,1
NC-220s,4/15/2015,82.851,nc-220s_8,1
NC-220s,5/1/2015,81.95025,nc-220s_9,1
NC-220s,6/1/2015,80.48507,nc-220s_10,1
NC-220s,6/4/2015,81.281,nc-220s_11,1
NC-220s,7/1/2015,78.78038,nc-220s_12,1
NC-220s,7/24/2015,78.381,nc-220s_13,1
NC-220s,8/1/2015,77.4712,nc-220s_14,1
NC-220s,9/1/2015,76.31897,nc-220s_15,1
NC-220s,9/16/2015,76.151,nc-220s_16,1
NC-220s,10/1/2015,75.72813,nc-220s_17,1
NC-220s,10/7/2015,75.851,nc-220s_18,1
NC-220s,11/1/2015,75.81046,nc-220s_19,1
NC-220s,11/11/2015,75.721,nc-220s_20,1
NC-220s,12/1/2015,76.22941,nc-220s_21,1
NC-220s,1/1/2016,77.23636,nc-220s_22,1
NC-220s,1/13/2016,77.861,nc-220s_23,1
NC-220s,3/1/2016,87.52106,nc-220s_24,1
NC-220s,3/23/2016,87.981,nc-220s_25,1
NC-220s,4/1/2016,85.89239,nc-220s_26,1
NC-220s,5/1/2016,83.76594,nc-220s_27,1
NC-220s,5/11/2016,84.221,nc-220s_28,1
NC-220s,6/1/2016,81.17727,nc-220s_29,1
NC-220s,6/9/2016,81.651,nc-220s_30,1
NC-220s,7/1/2016,79.28966,nc-220s_31,1
NC-220s,7/19/2016,79.081,nc-220s_32,1
NC-220s,8/1/2016,77.68872,nc-220s_33,1
NC-220s,9/1/2016,76.495,nc-220s_34,1
NC-220s,9/23/2016,76.061,nc-220s_35,1
NC-220s,10/1/2016,76.18755,nc-220s_36,1
NC-220s,11/1/2016,77.59639,nc-220s_37,1
NC-220s,11/16/2016,77.121,nc-220s_38,1
NC-220s,12/1/2016,79.82272,nc-220s_39,1
NC-220s,1/1/2017,88.24827,nc-220s_40,1
NC-220s,1/27/2017,89.131,nc-220s_41,1
NC-220s,2/1/2017,89.70923,nc-220s_42,1
NC-220s,3/1/2017,87.6074,nc-220s_43,1
NC-220s,4/1/2017,87.36777,nc-220s_44,1
NC-220s,4/11/2017,87.851,nc-220s_45,1
NC-220s,5/1/2017,85.0112,nc-220s_46,1
NC-220s,6/1/2017,82.61053,nc-220s_47,1
NC-220s,7/1/2017,80.29475,nc-220s_48,1
NC-220s,7/25/2017,79.541,nc-220s_49,1
NC-220s,8/1/2017,78.9821,nc-220s_50,1
NC-220s,9/1/2017,77.94341,nc-220s_51,1
NC-220s,9/26/2017,77.821,nc-220s_52,1
NC-220s,10/1/2017,77.59212,nc-220s_53,1
NC-220s,10/31/2017,77.19,nc-220s_54,1
NC-220s,11/1/2017,77.60396,nc-220s_55,1
NC-220s,11/17/2017,77.731,nc-220s_56,1
NC-220s,12/1/2017,78.27801,nc-220s_57,1
NC-220s,1/1/2018,78.95032,nc-220s_58,1
NC-220s,1/26/2018,79.141,nc-220s_59,1
NC-220s,2/1/2018,79.09251,nc-220s_60,1
NC-220s,3/1/2018,80.45529,nc-220s_61,1
NC-220s,4/1/2018,83.61347,nc-220s_62,1
NC-220s,4/1/2018,82.49,nc-220s_63,1
NC-220s,4/4/2018,82.421,nc-220s_64,1
NC-220s,4/22/2018,80.231,nc-220s_65,1
NC-220s,5/1/2018,83.13283,nc-220s_66,1
NC-220s,6/1/2018,81.40666,nc-220s_67,1
NC-220s,6/22/2018,80.231,nc-220s_68,1
NC-220s,7/1/2018,79.81671,nc-220s_69,1
NC-220s,8/1/2018,78.2368,nc-220s_70,1
NC-220s,8/21/2018,77.261,nc-220s_71,1
NC-220s,9/1/2018,76.8192,nc-220s_72,1
NC-220s,10/1/2018,76.86996,nc-220s_73,1
NC-220s,10/2/2018,76.4146,nc-220s_74,1
NC-220s,10/25/2018,77.001,nc-220s_75,1
NC-220s,11/1/2018,76.92814,nc-220s_76,1
NC-220s,12/1/2018,78.79208,nc-220s_77,1
NC-220s,12/21/2018,79.111,nc-220s_78,1
NC-220s,1/1/2019,83.76506,nc-220s_79,1
NC-220s,2/1/2019,88.31156,nc-220s_80,1
NC-220s,3/1/2019,88.27376,nc-220s_81,1
NC-220s,3/19/2019,87.341,nc-220s_82,1
NC-220s,3/29/2019,88.47,nc-220s_83,1
NC-220s,4/1/2019,86.58544,nc-220s_84,1
NC-220s,5/1/2019,85.03602,nc-220s_85,1
NC-220s,5/14/2019,84.411,nc-220s_86,1
NC-220s,6/1/2019,83.98596,nc-220s_87,1
NC-220s,7/1/2019,82.12248,nc-220s_88,1
NC-220s,8/1/2019,80.35626,nc-220s_89,1
NC-220s,8/15/2019,80.351,nc-220s_90,1
NC-220s,8/15/2019,80.351,nc-220s_91,1
NC-220s,9/1/2019,78.73495,nc-220s_92,1
NC-221d,10/23/2014,75.325,nc-221d_1,1
NC-221d,3/1/2015,83.89392,nc-221d_2,1
NC-221d,3/31/2015,83.925,nc-221d_3,1
NC-221d,4/1/2015,83.26727,nc-221d_4,1
NC-221d,4/15/2015,83.195,nc-221d_5,1
NC-221d,5/1/2015,82.33843,nc-221d_6,1
NC-221d,6/1/2015,80.69334,nc-221d_7,1
NC-221d,6/4/2015,81.545,nc-221d_8,1
NC-221d,7/1/2015,78.80366,nc-221d_9,1
NC-221d,7/24/2015,78.205,nc-221d_10,1
NC-221d,8/1/2015,77.43628,nc-221d_11,1
NC-221d,9/1/2015,76.20639,nc-221d_12,1
NC-221d,9/16/2015,76.005,nc-221d_13,1
NC-221d,10/1/2015,75.7077,nc-221d_14,1
NC-221d,10/7/2015,75.725,nc-221d_15,1
NC-221d,11/1/2015,76.02499,nc-221d_16,1
NC-221d,11/11/2015,75.735,nc-221d_17,1
NC-221d,12/1/2015,76.50966,nc-221d_18,1
NC-221d,1/1/2016,79.68522,nc-221d_19,1
NC-221d,1/13/2016,78.025,nc-221d_20,1
NC-221d,2/1/2016,83.21192,nc-221d_21,1
NC-221d,3/1/2016,87.35241,nc-221d_22,1
NC-221d,3/23/2016,88.265,nc-221d_23,1
NC-221d,4/1/2016,86.62327,nc-221d_24,1
NC-221d,5/1/2016,84.30254,nc-221d_25,1
NC-221d,5/11/2016,84.765,nc-221d_26,1
NC-221d,6/1/2016,82.24005,nc-221d_27,1
NC-221d,6/9/2016,81.745,nc-221d_28,1
NC-221d,7/1/2016,78.89061,nc-221d_29,1
NC-221d,7/19/2016,78.975,nc-221d_30,1
NC-221d,8/1/2016,77.93436,nc-221d_31,1
NC-221d,9/1/2016,76.62087,nc-221d_32,1
NC-221d,9/23/2016,75.715,nc-221d_33,1
NC-221d,10/1/2016,76.51582,nc-221d_34,1
NC-221d,11/1/2016,77.75758,nc-221d_35,1
NC-221d,11/16/2016,77.325,nc-221d_36,1
NC-221d,12/1/2016,80.24281,nc-221d_37,1
NC-221d,1/1/2017,88.70987,nc-221d_38,1
NC-221d,1/27/2017,89.445,nc-221d_39,1
NC-221d,2/1/2017,90.43434,nc-221d_40,1
NC-221d,3/1/2017,88.45536,nc-221d_41,1
NC-221d,4/1/2017,88.24296,nc-221d_42,1
NC-221d,4/11/2017,88.335,nc-221d_43,1
NC-221d,5/1/2017,86.08999,nc-221d_44,1
NC-221d,6/1/2017,83.30446,nc-221d_45,1
NC-221d,7/1/2017,80.54459,nc-221d_46,1
NC-221d,7/25/2017,79.285,nc-221d_47,1
NC-221d,8/1/2017,78.84569,nc-221d_48,1
NC-221d,9/1/2017,77.78549,nc-221d_49,1
NC-221d,9/26/2017,77.695,nc-221d_50,1
NC-221d,10/1/2017,77.51469,nc-221d_51,1
NC-221d,10/25/2017,76.948,nc-221d_52,1
NC-221d,11/1/2017,77.56474,nc-221d_53,1
NC-221d,11/17/2017,77.685,nc-221d_54,1
NC-221d,12/1/2017,78.3914,nc-221d_55,1
NC-221d,1/1/2018,79.12758,nc-221d_56,1
NC-221d,1/26/2018,80.795,nc-221d_57,1
NC-221d,2/1/2018,79.33281,nc-221d_58,1
NC-221d,3/1/2018,80.73857,nc-221d_59,1
NC-221d,4/1/2018,83.72807,nc-221d_60,1
NC-221d,4/2/2018,83.247,nc-221d_61,1
NC-221d,4/4/2018,83.045,nc-221d_62,1
NC-221d,4/22/2018,80.265,nc-221d_63,1
NC-221d,5/1/2018,82.9365,nc-221d_64,1
NC-221d,6/1/2018,80.68835,nc-221d_65,1
NC-221d,6/22/2018,80.265,nc-221d_66,1
NC-221d,7/1/2018,78.80408,nc-221d_67,1
NC-221d,8/1/2018,77.34448,nc-221d_68,1
NC-221d,8/21/2018,76.865,nc-221d_69,1
NC-221d,9/1/2018,76.63337,nc-221d_70,1
NC-221d,10/1/2018,76.85107,nc-221d_71,1
NC-221d,10/2/2018,76.12903,nc-221d_72,1
NC-221d,10/25/2018,76.825,nc-221d_73,1
NC-221d,11/1/2018,76.96378,nc-221d_74,1
NC-221d,12/1/2018,78.98296,nc-221d_75,1
NC-221d,12/21/2018,79.055,nc-221d_76,1
NC-221d,1/1/2019,84.45228,nc-221d_77,1
NC-221d,2/1/2019,88.96461,nc-221d_78,1
NC-221d,3/1/2019,88.83393,nc-221d_79,1
NC-221d,3/19/2019,87.855,nc-221d_80,1
NC-221d,3/29/2019,88.823,nc-221d_81,1
NC-221d,4/1/2019,87.33894,nc-221d_82,1
NC-221d,5/1/2019,85.76232,nc-221d_83,1
NC-221d,5/14/2019,85.005,nc-221d_84,1
NC-221d,6/1/2019,85.65707,nc-221d_85,1
NC-221d,7/1/2019,82.31444,nc-221d_86,1
NC-221d,8/1/2019,80.47647,nc-221d_87,1
NC-221d,8/15/2019,80.475,nc-221d_88,1
NC-221d,9/1/2019,78.80957,nc-221d_89,1
NC-222s,10/20/2014,187.61,nc-222s_1,1
NC-222s,12/1/2014,194.90336,nc-222s_2,1
NC-222s,12/10/2014,192.23,nc-222s_3,1
NC-222s,12/10/2014,192.22,nc-222s_4,1
NC-222s,1/1/2015,192.37887,nc-222s_5,1
NC-222s,2/1/2015,193.05304,nc-222s_6,1
NC-222s,3/1/2015,192.22188,nc-222s_7,1
NC-222s,3/4/2015,192.37,nc-222s_8,1
NC-222s,3/31/2015,192.01,nc-222s_9,1
NC-222s,4/1/2015,191.96329,nc-222s_10,1
NC-222s,4/15/2015,191.99,nc-222s_11,1
NC-222s,5/1/2015,191.76936,nc-222s_12,1
NC-222s,6/1/2015,191.61739,nc-222s_13,1
NC-222s,6/4/2015,191.77,nc-222s_14,1
NC-222s,7/1/2015,190.54539,nc-222s_15,1
NC-222s,7/24/2015,189.74,nc-222s_16,1
NC-222s,8/1/2015,187.96576,nc-222s_17,1
NC-222s,9/1/2015,186.76278,nc-222s_18,1
NC-222s,9/16/2015,186.55,nc-222s_19,1
NC-222s,10/1/2015,186.03569,nc-222s_20,1
NC-222s,10/7/2015,185.45,nc-222s_21,1
NC-222s,11/1/2015,187.70824,nc-222s_22,1
NC-222s,11/15/2015,187.87,nc-222s_23,1
NC-222s,12/1/2015,191.50212,nc-222s_24,1
NC-222s,1/1/2016,193.71963,nc-222s_25,1
NC-222s,1/8/2016,193.26,nc-222s_26,1
NC-222s,2/1/2016,192.69511,nc-222s_27,1
NC-222s,3/1/2016,194.83941,nc-222s_28,1
NC-222s,3/23/2016,194.23,nc-222s_29,1
NC-222s,4/1/2016,192.555,nc-222s_30,1
NC-222s,5/1/2016,191.87884,nc-222s_31,1
NC-222s,5/11/2016,190.02,nc-222s_32,1
NC-222s,6/1/2016,191.54045,nc-222s_33,1
NC-222s,7/1/2016,191.00326,nc-222s_34,1
NC-222s,7/19/2016,191.02,nc-222s_35,1
NC-222s,8/1/2016,188.55732,nc-222s_36,1
NC-222s,9/1/2016,186.97964,nc-222s_37,1
NC-222s,9/23/2016,186.66,nc-222s_38,1
NC-222s,10/1/2016,189.14323,nc-222s_39,1
NC-222s,11/1/2016,192.3865,nc-222s_40,1
NC-222s,11/16/2016,191.73,nc-222s_41,1
NC-222s,12/1/2016,193.35222,nc-222s_42,1
NC-222s,1/1/2017,196.81631,nc-222s_43,1
NC-222s,1/27/2017,194.92,nc-222s_44,1
NC-222s,2/1/2017,196.97346,nc-222s_45,1
NC-222s,3/1/2017,193.77406,nc-222s_46,1
NC-222s,4/1/2017,193.60675,nc-222s_47,1
NC-222s,4/11/2017,193.73,nc-222s_48,1
NC-222s,4/12/2017,193.62,nc-222s_49,1
NC-222s,5/1/2017,192.31142,nc-222s_50,1
NC-222s,6/1/2017,191.79745,nc-222s_51,1
NC-222s,7/1/2017,191.48911,nc-222s_52,1
NC-222s,7/25/2017,191.46,nc-222s_53,1
NC-222s,8/1/2017,191.2828,nc-222s_54,1
NC-222s,9/1/2017,189.16158,nc-222s_55,1
NC-222s,9/26/2017,187.88,nc-222s_56,1
NC-222s,10/1/2017,187.21559,nc-222s_57,1
NC-222s,10/15/2017,187.046,nc-222s_58,1
NC-222s,11/1/2017,191.12903,nc-222s_59,1
NC-222s,11/17/2017,191.95,nc-222s_60,1
NC-222s,12/1/2017,191.809,nc-222s_61,1
NC-222s,1/1/2018,192.32862,nc-222s_62,1
NC-222s,1/26/2018,192.65,nc-222s_63,1
NC-222s,2/1/2018,192.02717,nc-222s_64,1
NC-222s,3/1/2018,193.1049,nc-222s_65,1
NC-222s,3/24/2018,194.128,nc-222s_66,1
NC-222s,4/1/2018,192.85957,nc-222s_67,1
NC-222s,4/4/2018,192.55,nc-222s_68,1
NC-222s,4/22/2018,191.65,nc-222s_69,1
NC-222s,5/1/2018,192.05077,nc-222s_70,1
NC-222s,6/1/2018,191.70458,nc-222s_71,1
NC-222s,6/22/2018,191.65,nc-222s_72,1
NC-222s,7/1/2018,191.44346,nc-222s_73,1
NC-222s,8/1/2018,189.75122,nc-222s_74,1
NC-222s,8/21/2018,189.08,nc-222s_75,1
NC-222s,9/1/2018,187.67119,nc-222s_76,1
NC-222s,10/1/2018,188.16322,nc-222s_77,1
NC-222s,10/25/2018,187.14,nc-222s_78,1
NC-222s,11/1/2018,188.08845,nc-222s_79,1
NC-222s,12/1/2018,192.12796,nc-222s_80,1
NC-222s,12/21/2018,192.1,nc-222s_81,1
NC-222s,1/1/2019,193.90334,nc-222s_82,1
NC-222s,2/1/2019,196.05049,nc-222s_83,1
NC-222s,3/1/2019,195.15526,nc-222s_84,1
NC-222s,3/19/2019,193.88,nc-222s_85,1
NC-222s,3/28/2019,196.92,nc-222s_86,1
NC-222s,4/1/2019,193.80734,nc-222s_87,1
NC-222s,5/1/2019,193.02569,nc-222s_88,1
NC-222s,5/14/2019,192.68,nc-222s_89,1
NC-222s,6/1/2019,192.50845,nc-222s_90,1
NC-222s,7/1/2019,192.23587,nc-222s_91,1
NC-222s,8/1/2019,191.73305,nc-222s_92,1
NC-222s,8/15/2019,191.83,nc-222s_93,1
NC-222s,8/15/2019,191.83,nc-222s_94,1
NC-222s,9/1/2019,189.38654,nc-222s_95,1
NC-223d,10/20/2014,171.65,nc-223d_1,1
NC-223d,12/1/2014,187.14329,nc-223d_2,1
NC-223d,12/10/2014,182.07,nc-223d_3,1
NC-223d,12/10/2014,182.12,nc-223d_4,1
NC-223d,1/1/2015,188.90742,nc-223d_5,1
NC-223d,2/1/2015,188.01224,nc-223d_6,1
NC-223d,3/1/2015,189.61663,nc-223d_7,1
NC-223d,3/4/2015,189.72,nc-223d_8,1
NC-223d,3/4/2015,189.72,nc-223d_9,1
NC-223d,3/31/2015,183.29,nc-223d_10,1
NC-223d,4/1/2015,183.67158,nc-223d_11,1
NC-223d,4/15/2015,180,nc-223d_12,1
NC-223d,5/1/2015,182.54705,nc-223d_13,1
NC-223d,6/1/2015,181.11611,nc-223d_14,1
NC-223d,6/4/2015,182.28,nc-223d_15,1
NC-223d,7/1/2015,179.0251,nc-223d_16,1
NC-223d,7/24/2015,173.83,nc-223d_17,1
NC-223d,8/1/2015,174.00325,nc-223d_18,1
NC-223d,9/1/2015,168.31928,nc-223d_19,1
NC-223d,9/16/2015,168.08,nc-223d_20,1
NC-223d,10/1/2015,169.88675,nc-223d_21,1
NC-223d,10/7/2015,170.35,nc-223d_22,1
NC-223d,11/1/2015,174.33312,nc-223d_23,1
NC-223d,11/11/2015,175.61,nc-223d_24,1
NC-223d,12/1/2015,181.76769,nc-223d_25,1
NC-223d,1/1/2016,187.93695,nc-223d_26,1
NC-223d,1/8/2016,186.49,nc-223d_27,1
NC-223d,2/1/2016,189.39444,nc-223d_28,1
NC-223d,3/23/2016,191.45,nc-223d_29,1
NC-223d,5/1/2016,182.63426,nc-223d_30,1
NC-223d,5/11/2016,185.6,nc-223d_31,1
NC-223d,6/1/2016,174.67667,nc-223d_32,1
NC-223d,7/1/2016,170.40464,nc-223d_33,1
NC-223d,7/19/2016,174.18,nc-223d_34,1
NC-223d,8/1/2016,164.55529,nc-223d_35,1
NC-223d,9/1/2016,163.46705,nc-223d_36,1
NC-223d,9/23/2016,161.33,nc-223d_37,1
NC-223d,10/1/2016,168.31765,nc-223d_38,1
NC-223d,11/1/2016,180.59921,nc-223d_39,1
NC-223d,11/16/2016,172.48,nc-223d_40,1
NC-223d,12/1/2016,186.45077,nc-223d_41,1
NC-223d,1/1/2017,190.47967,nc-223d_42,1
NC-223d,1/27/2017,192.31,nc-223d_43,1
NC-223d,2/1/2017,192.70954,nc-223d_44,1
NC-223d,4/1/2017,194.12825,nc-223d_45,1
NC-223d,4/11/2017,191.78,nc-223d_46,1
NC-223d,4/12/2017,191.78,nc-223d_47,1
NC-223d,7/1/2017,166.32727,nc-223d_48,1
NC-223d,7/25/2017,167.61,nc-223d_49,1
NC-223d,8/1/2017,167.61478,nc-223d_50,1
NC-223d,9/1/2017,169.64861,nc-223d_51,1
NC-223d,9/26/2017,167.85,nc-223d_52,1
NC-223d,10/1/2017,168.30811,nc-223d_53,1
NC-223d,10/29/2017,165.819,nc-223d_54,1
NC-223d,11/1/2017,172.94837,nc-223d_55,1
NC-223d,11/17/2017,168.288,nc-223d_56,1
NC-223d,12/1/2017,179.15567,nc-223d_57,1
NC-223d,1/1/2018,183.26414,nc-223d_58,1
NC-223d,1/26/2018,185.04,nc-223d_59,1
NC-223d,2/1/2018,184.93798,nc-223d_60,1
NC-223d,3/1/2018,187.50778,nc-223d_61,1
NC-223d,3/22/2018,189.886,nc-223d_62,1
NC-223d,4/1/2018,188.92145,nc-223d_63,1
NC-223d,4/4/2018,188.28,nc-223d_64,1
NC-223d,4/22/2018,181.72,nc-223d_65,1
NC-223d,6/1/2018,180.17843,nc-223d_66,1
NC-223d,6/22/2018,181.72,nc-223d_67,1
NC-223d,6/27/2018,180.57,nc-223d_68,1
NC-223d,7/1/2018,177.39968,nc-223d_69,1
NC-223d,8/1/2018,177.25012,nc-223d_70,1
NC-223d,8/21/2018,174.88,nc-223d_71,1
NC-223d,9/1/2018,171.13732,nc-223d_72,1
NC-223d,10/1/2018,171.34948,nc-223d_73,1
NC-223d,10/25/2018,170.69,nc-223d_74,1
NC-223d,11/1/2018,171.58717,nc-223d_75,1
NC-223d,12/1/2018,181.46025,nc-223d_76,1
NC-223d,12/21/2018,183.08,nc-223d_77,1
NC-223d,1/1/2019,187.73593,nc-223d_78,1
NC-223d,2/1/2019,190.80652,nc-223d_79,1
NC-223d,3/1/2019,192.16738,nc-223d_80,1
NC-223d,3/7/2019,193.61,nc-223d_81,1
NC-223d,3/19/2019,192.52,nc-223d_82,1
NC-223d,4/1/2019,190.41376,nc-223d_83,1
NC-223d,5/1/2019,177.48363,nc-223d_84,1
NC-223d,5/14/2019,183.62,nc-223d_85,1
NC-223d,6/1/2019,176.68243,nc-223d_86,1
NC-223d,8/1/2019,170.6745,nc-223d_87,1
NC-223d,8/15/2019,170.84,nc-223d_88,1
NC-223d,8/15/2019,170.84,nc-223d_89,1
NC-223d,9/1/2019,172.22684,nc-223d_90,1
NC-224,10/16/2014,241.7,nc-224_1,1
NC-224,10/14/2015,229,nc-224_2,1
NC-224,4/6/2016,254,nc-224_3,1
NC-224,10/11/2016,238.35,nc-224_4,1
NC-224,4/10/2017,255.5,nc-224_5,1
NC-224,10/23/2017,239.82,nc-224_6,1
NC-224,4/18/2018,253.94,nc-224_7,1
NC-224,4/17/2019,255.99,nc-224_8,1
NC-225,10/16/2014,274.15,nc-225_1,1
NC-225,4/6/2016,293.42,nc-225_2,1
NC-225,10/11/2016,271.92,nc-225_3,1
NC-225,4/10/2017,295.38,nc-225_4,1
NC-225,10/23/2017,274.61,nc-225_5,1
NC-225,4/18/2018,295.4,nc-225_6,1
NC-225,11/16/2018,273.66,nc-225_7,1
NC-225,4/17/2019,295.04,nc-225_8,1
NC-226,3/24/2015,29.9,nc-226_1,1
NC-226,10/22/2015,17.58,nc-226_2,1
NC-226,4/15/2016,32.73,nc-226_3,1
NC-226,10/17/2016,18.95,nc-226_4,1
NC-226,4/20/2017,37.7,nc-226_5,1
NC-226,12/19/2017,28.95,nc-226_6,1
NC-226,4/24/2018,34.9,nc-226_7,1
NC-226,11/1/2018,20.7,nc-226_8,1
NC-226,4/23/2019,35.87,nc-226_9,1
NC-227,6/11/2015,80.6,nc-227_1,1
NC-227,10/15/2015,57.9,nc-227_2,1
NC-227,4/20/2016,94.11,nc-227_3,1
NC-227,10/12/2016,58.19,nc-227_4,1
NC-227,4/17/2017,103.52,nc-227_5,1
NC-227,10/25/2017,85.15,nc-227_6,1
NC-227,4/9/2018,88.24,nc-227_7,1
NC-227,11/19/2018,45.49,nc-227_8,1
NC-227,4/24/2019,86.7,nc-227_9,1
NC-228,6/23/2015,-62.3,nc-228_1,1
NC-228,10/20/2015,-83.45,nc-228_2,1
NC-228,4/15/2016,-32.64,nc-228_3,1
NC-228,10/12/2016,-100.6,nc-228_4,1
NC-228,4/20/2017,-26.65,nc-228_5,1
NC-228,10/25/2017,-94.9,nc-228_6,1
NC-228,4/13/2018,-43.5,nc-228_7,1
NC-228,11/16/2018,-100.46,nc-228_8,1
NC-228,5/22/2019,-46.86,nc-228_9,1
NC-229,7/8/2016,-57.45,nc-229_1,1
NC-229,11/17/2016,-49.23,nc-229_2,1
NC-229,4/28/2017,-23.2,nc-229_3,1
NC-229,11/8/2017,-62.2,nc-229_4,1
NC-229,4/13/2018,-38.38,nc-229_5,1
NC-229,11/19/2018,-65.16,nc-229_6,1
NC-229,4/25/2019,-36.98,nc-229_7,1
NC-230,5/1/2018,425.79,nc-230_1,1
NC-230,10/17/2018,420.98,nc-230_2,1
NC-230,4/12/2019,428.74,nc-230_3,1
NC-43,9/5/2001,8.2,nc-43_1,1
NC-43,10/5/2001,10.6,nc-43_2,1
NC-43,11/6/2001,15.2,nc-43_3,1
NC-43,12/5/2001,19.3,nc-43_4,1
NC-43,1/4/2002,21.9,nc-43_5,1
NC-43,2/5/2002,24.3,nc-43_6,1
NC-43,3/5/2002,23.9,nc-43_7,1
NC-43,4/4/2002,26.2,nc-43_8,1
NC-43,5/6/2002,20.3,nc-43_9,1
NC-43,6/5/2002,17.2,nc-43_10,1
NC-43,7/3/2002,11.7,nc-43_11,1
NC-43,8/6/2002,6.6,nc-43_12,1
NC-43,9/6/2002,5.8,nc-43_13,1
NC-43,10/7/2002,4.4,nc-43_14,1
NC-43,4/7/2003,22.9,nc-43_15,1
NC-43,10/6/2003,5.2,nc-43_16,1
NC-43,4/12/2004,16.7,nc-43_17,1
NC-43,10/12/2004,0.2,nc-43_18,1
NC-43,4/12/2005,16.5,nc-43_19,1
NC-43,10/4/2005,1.2,nc-43_20,1
NC-43,5/1/2006,20.1,nc-43_21,1
NC-43,10/17/2006,0.9,nc-43_22,1
NC-43,4/10/2007,5.3,nc-43_23,1
NC-43,10/9/2007,-6.5,nc-43_24,1
NC-43,4/21/2008,-0.1,nc-43_25,1
NC-43,10/6/2008,-11.3,nc-43_26,1
NC-43,4/6/2009,-0.9,nc-43_27,1
NC-43,10/14/2009,-12,nc-43_28,1
NC-43,4/13/2010,2.3,nc-43_29,1
NC-43,10/20/2010,-14.3,nc-43_30,1
NC-43,4/19/2011,1.2,nc-43_31,1
NC-43,10/11/2011,-5.5,nc-43_32,1
NC-43,4/19/2012,3.76,nc-43_33,1
NC-43,10/18/2012,-19.3,nc-43_34,1
NC-43,4/16/2013,-3.55,nc-43_35,1
NC-43,10/16/2013,-22.52,nc-43_36,1
NC-43,3/17/2014,-7.5,nc-43_37,1
NC-43,10/13/2014,-8.4,nc-43_38,1
NC-43,3/23/2015,2.71,nc-43_39,1
NC-43,10/14/2015,-12.1,nc-43_40,1
NC-43,4/21/2016,-1.6,nc-43_41,1
NC-43,10/13/2016,-18.48,nc-43_42,1
NC-43,4/13/2017,4,nc-43_43,1
NC-43,11/8/2017,-11.21,nc-43_44,1
NC-43,4/12/2018,-0.37,nc-43_45,1
NC-43,11/19/2018,-18.64,nc-43_46,1
NC-43,4/23/2019,-6.12,nc-43_47,1
NC-51,4/18/2000,-9.3,nc-51_1,1
NC-51,10/12/2000,-13.4,nc-51_2,1
NC-51,4/17/2001,-6.3,nc-51_3,1
NC-51,10/5/2001,-20.2,nc-51_4,1
NC-51,11/6/2001,-19.6,nc-51_5,1
NC-51,12/5/2001,-19.1,nc-51_6,1
NC-51,1/4/2002,-13.4,nc-51_7,1
NC-51,2/5/2002,-10.9,nc-51_8,1
NC-51,3/5/2002,-10.5,nc-51_9,1
NC-51,4/4/2002,-8.8,nc-51_10,1
NC-51,5/6/2002,-11.6,nc-51_11,1
NC-51,6/5/2002,-13.3,nc-51_12,1
NC-51,7/3/2002,-16.9,nc-51_13,1
NC-51,8/6/2002,-20.1,nc-51_14,1
NC-51,9/6/2002,-22.1,nc-51_15,1
NC-51,10/9/2002,-23.5,nc-51_16,1
NC-51,4/8/2003,-11.2,nc-51_17,1
NC-51,10/8/2003,-22.9,nc-51_18,1
NC-51,4/13/2004,-13.4,nc-51_19,1
NC-51,10/13/2004,-25.1,nc-51_20,1
NC-51,4/13/2005,-12.1,nc-51_21,1
NC-51,10/5/2005,-23.5,nc-51_22,1
NC-51,5/4/2006,-11.1,nc-51_23,1
NC-51,10/18/2006,-22.5,nc-51_24,1
NC-51,4/13/2007,-18.1,nc-51_25,1
NC-51,10/11/2007,-25.4,nc-51_26,1
NC-51,4/23/2008,-25.1,nc-51_27,1
NC-51,4/13/2009,-24.8,nc-51_28,1
NC-51,4/15/2010,-24.3,nc-51_29,1
NC-51,4/21/2011,-24.2,nc-51_30,1
NC-56,4/9/1984,27.6,nc-56_1,1
NC-56,10/10/1984,16.6,nc-56_2,1
NC-56,6/10/1985,12.6,nc-56_3,1
NC-56,10/16/1985,9.6,nc-56_4,1
NC-56,3/19/1986,25.6,nc-56_5,1
NC-56,10/30/1986,13.8,nc-56_6,1
NC-56,7/10/1987,5.8,nc-56_7,1
NC-56,11/4/1987,4.9,nc-56_8,1
NC-56,4/22/1988,11.5,nc-56_9,1
NC-56,10/24/1988,6.6,nc-56_10,1
NC-56,5/24/1989,4.7,nc-56_11,1
NC-56,10/4/1989,3.5,nc-56_12,1
NC-56,4/3/1990,11.3,nc-56_13,1
NC-56,10/25/1990,-3.1,nc-56_14,1
NC-56,2/25/1991,-0.6,nc-56_15,1
NC-56,4/17/1991,4.3,nc-56_16,1
NC-56,10/18/1991,0.6,nc-56_17,1
NC-56,4/6/1992,3.6,nc-56_18,1
NC-56,11/4/1992,0.9,nc-56_19,1
NC-56,4/26/1993,11.1,nc-56_20,1
NC-56,11/4/1993,5.6,nc-56_21,1
NC-56,4/7/1994,5.3,nc-56_22,1
NC-56,10/20/1994,3.6,nc-56_23,1
NC-56,5/5/1995,16.6,nc-56_24,1
NC-56,10/26/1995,7.6,nc-56_25,1
NC-56,4/15/1996,9.6,nc-56_26,1
NC-56,11/13/1996,-5.2,nc-56_27,1
NC-56,5/1/1997,4.5,nc-56_28,1
NC-56,10/23/1997,-14,nc-56_29,1
NC-56,5/18/1998,11.1,nc-56_30,1
NC-56,12/17/1998,2.4,nc-56_31,1
NC-56,5/19/1999,8.6,nc-56_32,1
NC-56,10/22/1999,-3.5,nc-56_33,1
NC-56,3/1/2000,1.7,nc-56_34,1
NC-56,10/5/2000,-8.9,nc-56_35,1
NC-56,4/9/2001,-3.1,nc-56_36,1
NC-56,10/5/2001,-17.5,nc-56_37,1
NC-56,11/6/2001,-14.2,nc-56_38,1
NC-56,12/5/2001,-7.2,nc-56_39,1
NC-56,1/4/2002,-2.1,nc-56_40,1
NC-56,2/5/2002,3.8,nc-56_41,1
NC-56,3/5/2002,6.6,nc-56_42,1
NC-56,4/4/2002,1.6,nc-56_43,1
NC-56,5/6/2002,-2.7,nc-56_44,1
NC-56,6/5/2002,-6.8,nc-56_45,1
NC-56,7/3/2002,-14.9,nc-56_46,1
NC-56,8/6/2002,-20.4,nc-56_47,1
NC-56,9/6/2002,-23.8,nc-56_48,1
NC-56,10/7/2002,-25.5,nc-56_49,1
NC-56,4/7/2003,2.8,nc-56_50,1
NC-56,10/6/2003,-22.4,nc-56_51,1
NC-56,4/12/2004,1.4,nc-56_52,1
NC-56,10/12/2004,-32.6,nc-56_53,1
NC-56,4/12/2005,-1.7,nc-56_54,1
NC-56,10/4/2005,-30.5,nc-56_55,1
NC-56,5/1/2006,4.1,nc-56_56,1
NC-56,10/17/2006,-25.6,nc-56_57,1
NC-56,4/10/2007,-10.1,nc-56_58,1
NC-56,10/9/2007,-37.4,nc-56_59,1
NC-56,4/21/2008,-10.4,nc-56_60,1
NC-56,10/7/2008,-43.1,nc-56_61,1
NC-56,4/6/2009,8.6,nc-56_62,1
NC-56,10/14/2009,2.6,nc-56_63,1
NC-56,4/13/2010,3,nc-56_64,1
NC-56,10/21/2010,5.4,nc-56_65,1
NC-56,4/20/2011,3.5,nc-56_66,1
NC-56,10/12/2011,6.4,nc-56_67,1
NC-56,4/19/2012,5.53,nc-56_68,1
NC-56,10/18/2012,6.5,nc-56_69,1
NC-56,4/17/2013,5.75,nc-56_70,1
NC-56,10/16/2013,6.24,nc-56_71,1
NC-56,3/17/2014,6.25,nc-56_72,1
NC-56,10/13/2014,-35.4,nc-56_73,1
NC-56,3/23/2015,-18.45,nc-56_74,1
NC-56,10/12/2015,-36.23,nc-56_75,1
NC-56,4/19/2016,6.6,nc-56_76,1
NC-56,10/13/2016,-39.01,nc-56_77,1
NC-56,10/13/2016,-39.01,nc-56_78,1
NC-56,4/13/2017,-9.2,nc-56_79,1
NC-56,11/8/2017,-31.86,nc-56_80,1
NC-56,4/12/2018,-18.4,nc-56_81,1
NC-56,11/19/2018,-40.41,nc-56_82,1
NC-56,4/23/2019,-17.71,nc-56_83,1
NC-75,1/31/1985,22.2,nc-75_1,1
NC-75,3/19/1986,29.7,nc-75_2,1
NC-75,10/30/1986,11,nc-75_3,1
NC-75,5/9/1987,3.6,nc-75_4,1
NC-75,7/10/1987,-33.6,nc-75_5,1
NC-75,11/4/1987,2.5,nc-75_6,1
NC-75,4/22/1988,13.6,nc-75_7,1
NC-75,10/24/1988,4.6,nc-75_8,1
NC-75,5/24/1989,4.1,nc-75_9,1
NC-75,10/4/1989,5.1,nc-75_10,1
NC-75,2/25/1990,3.7,nc-75_11,1
NC-75,4/30/1990,-6.7,nc-75_12,1
NC-75,10/25/1990,1.3,nc-75_13,1
NC-75,4/17/1991,10.9,nc-75_14,1
NC-75,10/18/1991,-9.9,nc-75_15,1
NC-75,4/6/1992,14.9,nc-75_16,1
NC-75,11/4/1992,3.1,nc-75_17,1
NC-75,4/23/1993,32.7,nc-75_18,1
NC-75,11/4/1993,9.4,nc-75_19,1
NC-75,4/7/1994,12.7,nc-75_20,1
NC-75,10/20/1994,0.2,nc-75_21,1
NC-75,5/5/1995,18,nc-75_22,1
NC-75,10/26/1995,-0.8,nc-75_23,1
NC-75,4/19/1996,17,nc-75_24,1
NC-75,10/22/1996,-2.8,nc-75_25,1
NC-75,10/10/1997,-5.7,nc-75_26,1
NC-75,5/19/1998,17.6,nc-75_27,1
NC-75,12/17/1998,8.8,nc-75_28,1
NC-75,5/19/1999,6.2,nc-75_29,1
NC-75,10/22/1999,-16.3,nc-75_30,1
NC-75,3/1/2000,13.4,nc-75_31,1
NC-75,10/5/2000,-11.8,nc-75_32,1
NC-75,4/9/2001,12.4,nc-75_33,1
NC-75,10/12/2001,-11.4,nc-75_34,1
NC-75,4/9/2002,8.5,nc-75_35,1
NC-75,10/7/2002,-20.1,nc-75_36,1
NC-75,4/7/2003,-8.1,nc-75_37,1
NC-75,10/3/2003,-11.2,nc-75_38,1
NC-75,4/12/2004,-3.8,nc-75_39,1
NC-75,10/12/2004,-19.5,nc-75_40,1
NC-75,4/12/2005,6,nc-75_41,1
NC-75,10/4/2005,-16,nc-75_42,1
NC-75,5/1/2006,7.4,nc-75_43,1
NC-75,10/16/2006,-15.5,nc-75_44,1
NC-75,4/10/2007,-0.7,nc-75_45,1
NC-75,10/9/2007,-25.9,nc-75_46,1
NC-75,4/21/2008,-13.9,nc-75_47,1
NC-75,10/6/2008,-22.2,nc-75_48,1
NC-75,4/6/2009,-5.7,nc-75_49,1
NC-75,10/12/2009,-23,nc-75_50,1
NC-75,4/13/2010,-4.9,nc-75_51,1
NC-75,10/20/2010,-19.7,nc-75_52,1
NC-75,4/19/2011,2.5,nc-75_53,1
NC-75,10/11/2011,-12.2,nc-75_54,1
NC-75,4/17/2012,-3.04,nc-75_55,1
NC-75,10/18/2012,-22.35,nc-75_56,1
NC-75,4/16/2013,-4.45,nc-75_57,1
NC-75,10/16/2013,-29.79,nc-75_58,1
NC-75,3/17/2014,-11.95,nc-75_59,1
NC-75,10/13/2014,-16.6,nc-75_60,1
NC-75,10/14/2014,-16.6,nc-75_61,1
NC-76,4/26/2000,49.5,nc-76_1,1
NC-76,10/11/2000,29.8,nc-76_2,1
NC-76,4/10/2001,51.5,nc-76_3,1
NC-76,10/16/2001,22.3,nc-76_4,1
NC-76,4/15/2002,54.1,nc-76_5,1
NC-76,10/7/2002,8.9,nc-76_6,1
NC-76,4/8/2003,49.3,nc-76_7,1
NC-76,10/8/2003,10.3,nc-76_8,1
NC-76,4/13/2004,44.6,nc-76_9,1
NC-76,10/13/2004,-0.1,nc-76_10,1
NC-76,4/13/2005,41.6,nc-76_11,1
NC-76,10/5/2005,-8.7,nc-76_12,1
NC-76,5/4/2006,42.7,nc-76_13,1
NC-76,10/18/2006,0.7,nc-76_14,1
NC-76,4/13/2007,31.7,nc-76_15,1
NC-76,10/11/2007,-12,nc-76_16,1
NC-76,4/23/2008,27.7,nc-76_17,1
NC-76,10/13/2008,-15.7,nc-76_18,1
NC-76,4/13/2009,22.7,nc-76_19,1
NC-76,10/15/2009,-20.7,nc-76_20,1
NC-76,4/15/2010,28.2,nc-76_21,1
NC-76,10/22/2010,-8.5,nc-76_22,1
NC-76,4/21/2011,33.7,nc-76_23,1
NC-76,10/19/2011,1.9,nc-76_24,1
NC-76,4/23/2012,28.42,nc-76_25,1
NC-76,4/18/2013,20.5,nc-76_26,1
NC-76,10/23/2013,-28.6,nc-76_27,1
NC-76,3/17/2014,9.01,nc-76_28,1
NC-76,10/1/2014,-24.65,nc-76_29,1
NC-76,3/23/2015,22.3,nc-76_30,1
NC-76,10/23/2015,-26.42,nc-76_31,1
NC-76,4/15/2016,28.49,nc-76_32,1
NC-76,10/12/2016,-23.12,nc-76_33,1
NC-76,4/20/2017,33.4,nc-76_34,1
NC-76,4/13/2018,28.25,nc-76_35,1
NC-76,11/16/2018,-11.58,nc-76_36,1
NC-76,4/25/2019,34.56,nc-76_37,1
NC-95,4/10/1984,37.4,nc-95_1,1
NC-95,10/18/1984,3.4,nc-95_2,1
NC-95,3/20/1986,40.9,nc-95_3,1
NC-95,10/31/1986,2.9,nc-95_4,1
NC-95,7/10/1987,-21.1,nc-95_5,1
NC-95,11/2/1987,-1.4,nc-95_6,1
NC-95,4/25/1988,6.4,nc-95_7,1
NC-95,10/24/1988,-1.6,nc-95_8,1
NC-95,3/24/1989,-9.7,nc-95_9,1
NC-95,10/4/1989,-10.6,nc-95_10,1
NC-95,2/25/1990,4.9,nc-95_11,1
NC-95,4/3/1990,-8.4,nc-95_12,1
NC-95,10/25/1990,-12.9,nc-95_13,1
NC-95,4/18/1991,0.6,nc-95_14,1
NC-95,10/21/1991,-16.3,nc-95_15,1
NC-95,4/6/1992,2.7,nc-95_16,1
NC-95,11/9/1992,-33.6,nc-95_17,1
NC-95,4/26/1993,0.9,nc-95_18,1
NC-95,11/4/1993,-23.1,nc-95_19,1
NC-95,4/8/1994,-15.2,nc-95_20,1
NC-95,10/18/1994,-24.7,nc-95_21,1
NC-95,5/12/1995,-3.6,nc-95_22,1
NC-95,10/26/1995,-12.1,nc-95_23,1
NC-95,11/13/1996,-21.1,nc-95_24,1
NC-95,5/1/1997,-8.1,nc-95_25,1
NC-95,10/24/1997,-22.6,nc-95_26,1
NC-95,6/1/1998,1.9,nc-95_27,1
NC-95,12/21/1998,-13.1,nc-95_28,1
NC-95,5/20/1999,-2.8,nc-95_29,1
NC-95,10/22/1999,-13.6,nc-95_30,1
NC-95,3/1/2000,0.7,nc-95_31,1
NC-95,10/5/2000,-22.4,nc-95_32,1
NC-95,4/9/2001,-7.1,nc-95_33,1
NC-95,9/5/2001,-23.4,nc-95_34,1
NC-95,10/5/2001,-23.8,nc-95_35,1
NC-95,11/6/2001,-21.8,nc-95_36,1
NC-95,12/5/2001,-17.1,nc-95_37,1
NC-95,1/4/2002,-12.6,nc-95_38,1
NC-95,2/5/2002,-13.1,nc-95_39,1
NC-95,3/5/2002,-8.3,nc-95_40,1
NC-95,4/4/2002,-6.4,nc-95_41,1
NC-95,5/6/2002,-9.3,nc-95_42,1
NC-95,6/5/2002,-15.7,nc-95_43,1
NC-95,8/6/2002,-14.1,nc-95_44,1
NC-95,10/7/2002,-64.1,nc-95_45,1
NC-95,4/7/2003,-9.3,nc-95_46,1
NC-95,10/6/2003,-14.1,nc-95_47,1
NC-95,4/12/2004,-9.4,nc-95_48,1
NC-95,10/12/2004,-25.7,nc-95_49,1
NC-95,4/12/2005,-8.1,nc-95_50,1
NC-95,10/4/2005,-27.3,nc-95_51,1
NC-95,5/1/2006,-9.9,nc-95_52,1
NC-95,10/16/2006,-24.3,nc-95_53,1
NC-95,4/12/2007,-14.1,nc-95_54,1
NC-95,10/9/2007,-26.5,nc-95_55,1
NC-95,4/22/2008,-23.2,nc-95_56,1
NC-95,10/7/2008,-27.3,nc-95_57,1
NC-95,4/6/2009,-24.8,nc-95_58,1
NC-95,10/14/2009,-33,nc-95_59,1
NC-95,4/14/2010,-20,nc-95_60,1
NC-95,10/21/2010,-34.4,nc-95_61,1
NC-95,4/20/2011,-21.9,nc-95_62,1
NC-95,10/12/2011,-29.9,nc-95_63,1
NC-95,4/19/2012,-24.18,nc-95_64,1
NC-95,10/18/2012,-32.95,nc-95_65,1
NC-95,4/17/2013,-27.3,nc-95_66,1
NC-95,10/16/2013,-31.88,nc-95_67,1
NC-95,3/17/2014,-26.86,nc-95_68,1
NC-95,10/10/2014,-27.2,nc-95_69,1
NC-95,3/20/2015,-24.27,nc-95_70,1
NC-95,10/23/2015,-26.76,nc-95_71,1
NC-95,4/27/2016,-22.23,nc-95_72,1
NC-95,10/17/2016,-28.64,nc-95_73,1
NC-95,4/20/2017,-20.95,nc-95_74,1
NC-95,11/8/2017,-26.82,nc-95_75,1
NC-95,4/11/2018,-22.46,nc-95_76,1
NC-95,11/2/2018,-27.85,nc-95_77,1
NC-95,4/23/2019,-22.78,nc-95_78,1
NC-98,4/18/2000,-7.6,nc-98_1,1
NC-98,10/12/2000,-28.7,nc-98_2,1
NC-98,4/10/2001,-4.5,nc-98_3,1
NC-98,10/16/2001,-33.3,nc-98_4,1
NC-98,4/15/2002,-8.5,nc-98_5,1
NC-98,10/9/2002,-35.2,nc-98_6,1
NC-98,4/8/2003,-8.4,nc-98_7,1
NC-98,10/8/2003,-35.7,nc-98_8,1
NC-98,4/13/2004,-16.6,nc-98_9,1
NC-98,10/13/2004,-44.8,nc-98_10,1
NC-98,4/13/2005,-9.2,nc-98_11,1
NC-98,10/5/2005,-43.8,nc-98_12,1
NC-98,5/5/2006,-10.3,nc-98_13,1
NC-98,10/18/2006,-40.4,nc-98_14,1
NC-98,4/12/2007,-21.8,nc-98_15,1
NC-98,10/11/2007,-45.1,nc-98_16,1
NC-98,4/23/2008,-30.3,nc-98_17,1
NC-98,10/13/2008,-54.8,nc-98_18,1
NC-98,4/13/2009,-28.4,nc-98_19,1
NC-98,10/15/2009,-52.2,nc-98_20,1
NC-98,4/15/2010,-29.2,nc-98_21,1
NC-98,10/22/2010,-55,nc-98_22,1
NC-98,4/21/2011,-31.7,nc-98_23,1
NC-98,10/19/2011,-51,nc-98_24,1
NC-98,4/23/2012,-32.18,nc-98_25,1
NC-98,10/25/2012,-55.1,nc-98_26,1
NC-98,4/18/2013,-44.3,nc-98_27,1
NC-98,10/23/2013,-52.3,nc-98_28,1
NC-98,3/17/2014,-48.1,nc-98_29,1
NC-98,10/13/2014,-59.3,nc-98_30,1
NC-98,3/20/2015,-42.6,nc-98_31,1
NC-98,10/23/2015,-52.3,nc-98_32,1
NC-98,4/21/2016,-40.75,nc-98_33,1
NC-98,10/17/2016,-52.73,nc-98_34,1
NC-98,4/20/2017,-41.15,nc-98_35,1
NC-98,11/8/2017,-61.7,nc-98_36,1
NC-98,4/11/2018,-49.1,nc-98_37,1
NC-98,11/6/2018,-51.12,nc-98_38,1
NC-98,4/23/2019,-49,nc-98_39,1
SL71MW-1,12/10/2008,205.6,sl71mw-1_1,1
SL71MW-1,2/24/2009,213.13,sl71mw-1_2,1
SL71MW-2,12/10/2008,203.13,sl71mw-2_1,1
SL71MW-2,2/24/2009,211.97,sl71mw-2_2,1
SL71MW-4,12/10/2008,205.15,sl71mw-4_1,1
SL71MW-4,2/24/2009,208.74,sl71mw-4_2,1
SL82MW-10,12/14/2015,13.34,sl82mw-10_1,0
SL82MW-10,3/15/2016,16.26,sl82mw-10_2,0
SL82MW-10,5/11/2016,15.48,sl82mw-10_3,0
SL82MW-10,6/3/2016,10.53,sl82mw-10_4,0
SL82MW-10,7/13/2016,12.14,sl82mw-10_5,0
SL82MW-10,8/24/2016,11.43,sl82mw-10_6,0
SL82MW-10,9/14/2016,11.31,sl82mw-10_7,0
SL82MW-10,12/6/2016,13.73,sl82mw-10_8,0
SL82MW-10,3/6/2017,16.32,sl82mw-10_9,0
SL82MW-10,6/6/2017,11.98,sl82mw-10_10,0
SL82MW-10,9/7/2017,11.55,sl82mw-10_11,0
SL82MW-10,3/5/2018,14.88,sl82mw-10_12,0
SL82MW-10,9/10/2018,12.15,sl82mw-10_13,0
SL82MW-11,12/14/2015,9.5,sl82mw-11_1,0
SL82MW-11,3/15/2016,13.21,sl82mw-11_2,0
SL82MW-11,5/11/2016,10.48,sl82mw-11_3,0
SL82MW-11,6/3/2016,9.81,sl82mw-11_4,0
SL82MW-11,7/13/2016,8.63,sl82mw-11_5,0
SL82MW-11,8/24/2016,8.51,sl82mw-11_6,0
SL82MW-11,9/14/2016,8.49,sl82mw-11_7,0
SL82MW-11,12/6/2016,10.61,sl82mw-11_8,0
SL82MW-11,3/6/2017,13.33,sl82mw-11_9,0
SL82MW-11,9/6/2017,8.93,sl82mw-11_10,0
SL82MW-11,3/5/2018,11.35,sl82mw-11_11,0
SL82MW-11,9/10/2018,8.79,sl82mw-11_12,0
SL82MW-12,12/14/2015,18.78,sl82mw-12_1,0
SL82MW-12,3/15/2016,23.36,sl82mw-12_2,0
SL82MW-12,5/11/2016,21.01,sl82mw-12_3,0
SL82MW-12,6/3/2016,12.36,sl82mw-12_4,0
SL82MW-12,7/13/2016,17.48,sl82mw-12_5,0
SL82MW-12,8/24/2016,16.56,sl82mw-12_6,0
SL82MW-12,9/14/2016,16.42,sl82mw-12_7,0
SL82MW-12,12/6/2016,20.21,sl82mw-12_8,0
SL82MW-12,3/6/2017,23.67,sl82mw-12_9,0
SL82MW-12,6/6/2017,18.01,sl82mw-12_10,0
SL82MW-12,9/6/2017,16.79,sl82mw-12_11,0
SL82MW-12,3/5/2018,20.5,sl82mw-12_12,0
SL82MW-12,9/10/2018,17.31,sl82mw-12_13,0
SL82MW-13,12/14/2015,13.71,sl82mw-13_1,0
SL82MW-13,3/15/2016,17.55,sl82mw-13_2,0
SL82MW-13,5/11/2016,15.07,sl82mw-13_3,0
SL82MW-13,6/3/2016,14.13,sl82mw-13_4,0
SL82MW-13,7/13/2016,12.11,sl82mw-13_5,0
SL82MW-13,8/24/2016,11.75,sl82mw-13_6,0
SL82MW-13,9/14/2016,11.61,sl82mw-13_7,0
SL82MW-13,12/6/2016,14.75,sl82mw-13_8,0
SL82MW-13,3/6/2017,18.2,sl82mw-13_9,0
SL82MW-13,6/6/2017,14.85,sl82mw-13_10,0
SL82MW-13,9/6/2017,11.8,sl82mw-13_11,0
SL82MW-13,3/5/2018,15.48,sl82mw-13_12,0
SL82MW-13,9/10/2018,12.64,sl82mw-13_13,0
SL82MW-14,12/14/2015,9.61,sl82mw-14_1,0
SL82MW-14,3/15/2016,12.99,sl82mw-14_2,0
SL82MW-14,5/11/2016,10.59,sl82mw-14_3,0
SL82MW-14,6/3/2016,9.62,sl82mw-14_4,0
SL82MW-14,7/13/2016,8.93,sl82mw-14_5,0
SL82MW-14,8/24/2016,8.74,sl82mw-14_6,0
SL82MW-14,9/14/2016,8.42,sl82mw-14_7,0
SL82MW-14,12/6/2016,9.99,sl82mw-14_8,0
SL82MW-14,3/6/2017,12.61,sl82mw-14_9,0
SL82MW-14,9/6/2017,9.06,sl82mw-14_10,0
SL82MW-14,3/5/2018,11.04,sl82mw-14_11,0
SL82MW-14,9/10/2018,8.75,sl82mw-14_12,0
SL82MW-3,3/10/2005,22.86,sl82mw-3_1,0
SL82MW-3,6/17/2005,20.44,sl82mw-3_2,0
SL82MW-3,9/15/2005,19.28,sl82mw-3_3,0
SL82MW-3,12/15/2005,19.99,sl82mw-3_4,0
SL82MW-3,3/7/2006,25.41,sl82mw-3_5,0
SL82MW-3,6/6/2006,20.41,sl82mw-3_6,0
SL82MW-3,9/6/2006,18.94,sl82mw-3_7,0
SL82MW-3,12/5/2006,19.71,sl82mw-3_8,0
SL82MW-3,3/1/2007,22.64,sl82mw-3_9,0
SL82MW-3,6/1/2007,19.81,sl82mw-3_10,0
SL82MW-3,9/5/2007,18.43,sl82mw-3_11,0
SL82MW-3,12/4/2007,19.35,sl82mw-3_12,0
SL82MW-3,3/21/2008,20.8,sl82mw-3_13,0
SL82MW-3,6/6/2008,18.99,sl82mw-3_14,0
SL82MW-3,8/19/2008,17.05,sl82mw-3_15,0
SL82MW-3,12/16/2008,19.17,sl82mw-3_16,0
SL82MW-3,3/17/2009,22.48,sl82mw-3_17,0
SL82MW-3,5/27/2009,20.18,sl82mw-3_18,0
SL82MW-3,9/9/2009,21,sl82mw-3_19,0
SL82MW-3,12/2/2009,21.74,sl82mw-3_20,0
SL82MW-3,3/9/2010,25.7,sl82mw-3_21,0
SL82MW-3,6/2/2010,23.09,sl82mw-3_22,0
SL82MW-3,9/7/2010,21.65,sl82mw-3_23,0
SL82MW-3,3/24/2011,28.19,sl82mw-3_24,0
SL82MW-3,9/20/2011,21.46,sl82mw-3_25,0
SL82MW-3,3/20/2012,26.3,sl82mw-3_26,0
SL82MW-3,10/25/2012,21.22,sl82mw-3_27,0
SL82MW-3,3/25/2013,22.28,sl82mw-3_28,0
SL82MW-3,11/7/2013,20.73,sl82mw-3_29,0
SL82MW-3,3/18/2014,24.05,sl82mw-3_30,0
SL82MW-3,10/8/2014,20.98,sl82mw-3_31,0
SL82MW-3,12/14/2015,21.23,sl82mw-3_32,0
SL82MW-3,3/15/2016,28.04,sl82mw-3_33,0
SL82MW-3,5/11/2016,22.81,sl82mw-3_34,0
SL82MW-3,6/3/2016,21.89,sl82mw-3_35,0
SL82MW-3,7/13/2016,20.9,sl82mw-3_36,0
SL82MW-3,8/24/2016,20.99,sl82mw-3_37,0
SL82MW-3,11/9/2016,22.39,sl82mw-3_38,0
SL82MW-3,12/6/2016,22.79,sl82mw-3_39,0
SL82MW-3,3/6/2017,26.27,sl82mw-3_40,0
SL82MW-3,6/6/2017,22.54,sl82mw-3_41,0
SL82MW-3,9/6/2017,20.9,sl82mw-3_42,0
SL82MW-3,3/5/2018,24.69,sl82mw-3_43,0
SL82MW-3,9/10/2018,20.8,sl82mw-3_44,0
SL82MW-6,9/9/2009,21.19,sl82mw-6_1,0
SLMW-6,12/2/2009,21.93,sl82mw-6_2,0
SLMW-6,3/9/2010,24.89,sl82mw-6_3,0
SLMW-6,6/2/2010,20.05,sl82mw-6_4,0
SLMW-6,9/7/2010,18.97,sl82mw-6_5,0
SLMW-6,3/24/2011,26.4,sl82mw-6_6,0
SLMW-6,9/20/2011,19.65,sl82mw-6_7,0
SLMW-6,3/20/2012,23.37,sl82mw-6_8,0
SLMW-6,10/25/2012,21.29,sl82mw-6_9,0
SLMW-6,3/25/2013,22.4,sl82mw-6_10,0
SLMW-6,11/7/2013,20.99,sl82mw-6_11,0
SLMW-6,3/18/2014,23.57,sl82mw-6_12,0
SLMW-6,10/8/2014,21.07,sl82mw-6_13,0
SLMW-6,12/14/2015,20.97,sl82mw-6_14,0
SLMW-6,3/15/2016,25.85,sl82mw-6_15,0
SLMW-6,5/11/2016,23.01,sl82mw-6_16,0
SLMW-6,6/3/2016,22.45,sl82mw-6_17,0
SLMW-6,7/13/2016,21.25,sl82mw-6_18,0
SLMW-6,8/24/2016,21.5,sl82mw-6_19,0
SLMW-6,12/6/2016,22.95,sl82mw-6_20,0
SLMW-6,3/6/2017,26,sl82mw-6_21,0
SLMW-6,6/6/2017,22.95,sl82mw-6_22,0
SLMW-6,9/6/2017,21.63,sl82mw-6_23,0
SLMW-6,3/5/2018,24.85,sl82mw-6_24,0
SLMW-6,9/10/2018,21.47,sl82mw-6_25,0
SL82MW-9,12/14/2015,18.53,sl82mw-9_1,0
SL82MW-9,3/15/2016,23.04,sl82mw-9_2,0
SL82MW-9,5/11/2016,20.7,sl82mw-9_3,0
SL82MW-9,6/3/2016,19.87,sl82mw-9_4,0
SL82MW-9,7/13/2016,17.18,sl82mw-9_5,0
SL82MW-9,8/24/2016,16.34,sl82mw-9_6,0
SL82MW-9,9/14/2016,16.1,sl82mw-9_7,0
SL82MW-9,12/6/2016,19.89,sl82mw-9_8,0
SL82MW-9,3/6/2017,23.42,sl82mw-9_9,0
SL82MW-9,6/6/2017,19.74,sl82mw-9_10,0
SL82MW-9,9/6/2017,16.53,sl82mw-9_11,0
SL82MW-9,3/5/2018,20.21,sl82mw-9_12,0
SL82MW-9,9/10/2018,17.02,sl82mw-9_13,0
SL29MW-1,5/23/2005,60.38,sl29mw-1_1,1
SL29MW-1,8/29/2005,58.2,sl29mw-1_2,1
SL29MW-1,11/22/2005,58.87,sl29mw-1_3,1
SL29MW-1,2/24/2006,60.37,sl29mw-1_4,1
SL29MW-1,5/5/2006,60.65,sl29mw-1_5,1
SL29MW-1,8/11/2006,58.83,sl29mw-1_6,1
SL29MW-1,2/28/2007,60.88,sl29mw-1_7,1
SL29MW-1,5/25/2007,59,sl29mw-1_8,1
SL29MW-1,8/31/2007,58.38,sl29mw-1_9,1
SL29MW-1,12/4/2007,59.08,sl29mw-1_10,1
SL29MW-3A,2/28/2007,60.21,sl29mw-3a_1,1
SL29MW-3A,5/25/2007,58.31,sl29mw-3a_2,1
SL29MW-3A,8/31/2007,57.31,sl29mw-3a_3,1
SL29MW-3A,12/4/2007,58.22,sl29mw-3a_4,1
SL29MW-3B,2/28/2007,60.12,sl29mw-3b_1,1
SL29MW-3B,5/25/2007,57.82,sl29mw-3b_2,1
SL29MW-3B,8/31/2007,56.76,sl29mw-3b_3,1
SL29MW-3B,12/4/2007,57.64,sl29mw-3b_4,1
SL29MW-3C,2/28/2007,59.2,sl29mw-3c_1,1
SL29MW-3C,5/25/2007,57.54,sl29mw-3c_2,1
SL29MW-3C,8/31/2007,56.24,sl29mw-3c_3,1
SL29MW-3C,12/4/2007,56.85,sl29mw-3c_4,1
SL29MW-4A,2/28/2007,58.18,sl29mw-4a_1,1
SL29MW-4A,5/25/2007,56.38,sl29mw-4a_2,1
SL29MW-4A,8/31/2007,54.88,sl29mw-4a_3,1
SL29MW-4A,12/4/2007,55.55,sl29mw-4a_4,1
SL29MW-4B,2/28/2007,58.23,sl29mw-4b_1,1
SL29MW-4B,5/25/2007,56.34,sl29mw-4b_2,1
SL29MW-4B,8/31/2007,54.92,sl29mw-4b_3,1
SL29MW-4B,12/4/2007,55.54,sl29mw-4b_4,1
SL29MW-4C,2/28/2007,57.98,sl29mw-4c_1,1
SL29MW-4C,5/25/2007,56.25,sl29mw-4c_2,1
SL29MW-4C,8/31/2007,54.91,sl29mw-4c_3,1
SL29MW-4C,12/4/2007,55.45,sl29mw-4c_4,1
SL29MW-5A,2/28/2007,58.94,sl29mw-5a_1,1
SL29MW-5A,5/25/2007,57.09,sl29mw-5a_2,1
SL29MW-5A,8/31/2007,55.42,sl29mw-5a_3,1
SL29MW-5A,12/4/2007,56.21,sl29mw-5a_4,1
SL29MW-5B,2/28/2007,58.58,sl29mw-5b_1,1
SL29MW-5B,5/25/2007,56.8,sl29mw-5b_2,1
SL29MW-5B,8/31/2007,55.29,sl29mw-5b_3,1
SL29MW-5C,2/28/2007,57.65,sl29mw-5c_1,1
SL29MW-5C,5/25/2007,55.16,sl29mw-5c_2,1
SL29MW-5C,8/31/2007,54.65,sl29mw-5c_3,1
SL29MW-5C,12/4/2007,55.25,sl29mw-5c_4,1
T006BC-1,1/28/2004,78.48,t006bc-1_1,1
T006BC-1,2/25/2005,79.08,t006bc-1_2,1
T006BC-1,5/25/2005,78.19,t006bc-1_3,1
T006BC-1,8/26/2005,76.01,t006bc-1_4,1
T006BC-1,1/26/2006,78.58,t006bc-1_5,1
T006NP-7,1/22/2004,76.78,t006np-7_1,1
T006NP-7,1/28/2004,76.86,t006np-7_2,1
T006NP-7,2/25/2005,77.49,t006np-7_3,1
T006NP-7,5/25/2005,76.85,t006np-7_4,1
T006NP-7,8/26/2005,75.05,t006np-7_5,1
T006NP-7,1/31/2006,77.86,t006np-7_6,1
T008BC-4,12/6/2001,30.54,t008bc-4_1,1
T008BC-4,7/8/2002,29.35,t008bc-4_2,1
T008BC-4,9/30/2002,28.31,t008bc-4_3,1
T008BC-4,12/26/2002,31.59,t008bc-4_4,1
T008BC-4,3/20/2003,31.19,t008bc-4_5,1
T008BC-4,4/22/2003,31.27,t008bc-4_6,1
T008BC-4,7/17/2003,30.14,t008bc-4_7,1
T008BC-4,10/10/2003,28.73,t008bc-4_8,1
T008BC-4,1/20/2004,31.51,t008bc-4_9,1
T008BC-4,4/28/2004,29.95,t008bc-4_10,1
T008BC-4,7/12/2004,29.23,t008bc-4_11,1
T008BC-4,11/16/2004,30.01,t008bc-4_12,1
T008BC-4,1/3/2005,31.62,t008bc-4_13,1
T008BC-4,4/19/2005,31.5,t008bc-4_14,1
T008BC-4,7/7/2005,31.2,t008bc-4_15,1
T008BC-4,10/21/2005,29.92,t008bc-4_16,1
T008BC-4,1/4/2006,33.38,t008bc-4_17,1
T008BC-4,4/3/2006,32.74,t008bc-4_18,1
T008BC-4,7/24/2006,29.28,t008bc-4_19,1
T008BC-4,11/10/2006,29.59,t008bc-4_20,1
T008BC-4,1/26/2007,30.71,t008bc-4_21,1
T008BC-4,4/16/2007,30.87,t008bc-4_22,1
T008BC-4,7/25/2007,29.79,t008bc-4_23,1
T008BC-4,10/15/2007,29.17,t008bc-4_24,1
T008BC-4,1/21/2008,31.84,t008bc-4_25,1
T008BC-4,4/17/2008,30.55,t008bc-4_26,1
T008BC-4,7/17/2008,29.69,t008bc-4_27,1
T008BC-4,10/13/2008,29.35,t008bc-4_28,1
T008BC-4,1/14/2009,30.78,t008bc-4_29,1
T008BC-4,4/15/2009,31.37,t008bc-4_30,1
T008BC-4,7/16/2009,29.1,t008bc-4_31,1
T008BC-4,1/13/2010,30.8,t008bc-4_32,1
T008BC-4,7/19/2010,30.26,t008bc-4_33,1
T008BC-4,1/20/2011,31.8,t008bc-4_34,1
T008BC-4,7/11/2011,31.05,t008bc-4_35,1
T008MW-2,12/6/2001,29.75,t008mw-2_1,1
T008MW-2,7/8/2002,28.34,t008mw-2_2,1
T008MW-2,9/30/2002,27.87,t008mw-2_3,1
T008MW-2,12/26/2002,29.82,t008mw-2_4,1
T008MW-2,3/20/2003,29.45,t008mw-2_5,1
T008MW-2,4/22/2003,29.46,t008mw-2_6,1
T008MW-2,7/17/2003,28.59,t008mw-2_7,1
T008MW-2,10/10/2003,27.64,t008mw-2_8,1
T008MW-2,1/20/2004,29.57,t008mw-2_9,1
T008MW-2,4/28/2004,28.48,t008mw-2_10,1
T008MW-2,7/12/2004,27.97,t008mw-2_11,1
T008MW-2,11/16/2004,28.72,t008mw-2_12,1
T008MW-2,1/3/2005,30.35,t008mw-2_13,1
T008MW-2,4/19/2005,29.72,t008mw-2_14,1
T008MW-2,7/7/2005,29.03,t008mw-2_15,1
T008MW-2,10/21/2005,28.21,t008mw-2_16,1
T008MW-2,4/3/2006,30.09,t008mw-2_17,1
T008MW-2,7/24/2006,28.29,t008mw-2_18,1
T008MW-2,11/9/2006,27.99,t008mw-2_19,1
T008MW-2,1/26/2007,27.93,t008mw-2_20,1
T008MW-2,4/16/2007,28.5,t008mw-2_21,1
T008MW-2,7/25/2007,27.82,t008mw-2_22,1
T008MW-2,10/15/2007,27.89,t008mw-2_23,1
T008MW-2,1/21/2008,29.36,t008mw-2_24,1
T008MW-2,4/17/2008,28.61,t008mw-2_25,1
T008MW-2,7/17/2008,27.2,t008mw-2_26,1
T008MW-2,10/13/2008,27.66,t008mw-2_27,1
T008MW-2,1/14/2009,28.82,t008mw-2_28,1
T008MW-2,4/15/2009,29.23,t008mw-2_29,1
T008MW-2,7/16/2009,28.16,t008mw-2_30,1
T008MW-2,1/13/2010,29.19,t008mw-2_31,1
T008MW-2,7/19/2010,28.59,t008mw-2_32,1
T008MW-2,1/20/2011,29.27,t008mw-2_33,1
T008MW-2,7/11/2011,28.92,t008mw-2_34,1
T008V-1,4/22/2003,31.48,t008v-1_1,1
T008V-1,7/17/2003,30.11,t008v-1_2,1
T008V-1,10/10/2003,28.62,t008v-1_3,1
T008V-1,1/20/2004,31.92,t008v-1_4,1
T008V-1,4/28/2004,30.14,t008v-1_5,1
T008V-1,7/12/2004,29.21,t008v-1_6,1
T008V-1,11/16/2004,30.11,t008v-1_7,1
T008V-1,4/19/2005,31.96,t008v-1_8,1
T008V-1,7/7/2005,30.96,t008v-1_9,1
T008V-1,10/21/2005,30.06,t008v-1_10,1
T008V-1,4/3/2006,32.94,t008v-1_11,1
T008V-1,7/24/2006,29.39,t008v-1_12,1
T008V-1,11/9/2006,29.53,t008v-1_13,1
T008V-1,1/25/2007,30.66,t008v-1_14,1
T008V-1,4/16/2007,30.84,t008v-1_15,1
T008V-1,7/25/2007,29.72,t008v-1_16,1
T008V-1,10/15/2007,29.23,t008v-1_17,1
T008V-1,1/21/2008,31.85,t008v-1_18,1
T008V-1,4/17/2008,30.52,t008v-1_19,1
T008V-1,7/17/2008,29.7,t008v-1_20,1
T008V-1,10/13/2008,29.31,t008v-1_21,1
T008V-1,1/14/2009,30.82,t008v-1_22,1
T008V-1,4/15/2009,31.32,t008v-1_23,1
T008V-1,1/13/2010,30.74,t008v-1_24,1
T008V-1,7/19/2010,30.23,t008v-1_25,1
T008V-1,1/20/2011,32.03,t008v-1_26,1
T008V-1,7/11/2011,30.99,t008v-1_27,1
T029MW-1,7/23/2002,343.53,t029mw-1_1,1
T029MW-1,10/11/2002,343.06,t029mw-1_2,1
T029MW-1,1/2/2003,346.94,t029mw-1_3,1
T029MW-1,4/9/2003,346.14,t029mw-1_4,1
T029MW-1,10/20/2003,343.52,t029mw-1_5,1
T029MW-1,4/16/2004,345.61,t029mw-1_6,1
T029MW-1,10/12/2004,343.1,t029mw-1_7,1
T029MW-1,4/18/2005,346.2,t029mw-1_8,1
T029MW-1,10/12/2005,343.63,t029mw-1_9,1
T029MW-1,4/3/2006,348.15,t029mw-1_10,1
T029MW-3,7/23/2002,343.36,t029mw-3_1,1
T029MW-3,10/11/2002,342.85,t029mw-3_2,1
T029MW-3,1/2/2003,346.94,t029mw-3_3,1
T029MW-3,4/9/2003,346.05,t029mw-3_4,1
T029MW-3,10/20/2003,343.29,t029mw-3_5,1
T029MW-3,4/16/2004,345.53,t029mw-3_6,1
T029MW-3,10/12/2004,342.89,t029mw-3_7,1
T029MW-3,4/18/2005,346.12,t029mw-3_8,1
T029MW-3,10/12/2005,343.45,t029mw-3_9,1
T029MW-3,4/3/2006,349.17,t029mw-3_10,1
T037C-9,10/14/2002,346.96,t037c-9_1,1
T037C-9,10/28/2003,346.94,t037c-9_2,1
T037C-9,10/8/2004,346.74,t037c-9_3,1
T037C-9,4/14/2005,347.75,t037c-9_4,1
T037C-9,10/6/2005,347.06,t037c-9_5,1
T037C-9,10/6/2006,346.91,t037c-9_6,1
T044EX-6,8/22/2006,15.36,t044ex-6_1,1
T044EX-6,2/28/2007,23.47,t044ex-6_2,1
T044EX-6,5/24/2007,31.21,t044ex-6_3,1
T044EX-6,8/23/2007,21.02,t044ex-6_4,1
T044EX-6,11/27/2007,22.2,t044ex-6_5,1
T044EX-6,2/28/2008,27.18,t044ex-6_6,1
T044EX-6,5/27/2008,29.78,t044ex-6_7,1
T044EX-6,8/26/2008,23.11,t044ex-6_8,1
T044EX-6,11/25/2008,16.94,t044ex-6_9,1
T044EX-6,3/3/2009,27.48,t044ex-6_10,1
T044EX-6,5/27/2009,15.21,t044ex-6_11,1
T044EX-6,8/27/2009,15.09,t044ex-6_12,1
T044EX-6,11/19/2009,15.24,t044ex-6_13,1
T044EX-6,2/18/2010,15.13,t044ex-6_14,1
T044EX-6,5/6/2010,15.32,t044ex-6_15,1
T044EX-6,2/4/2011,15.18,t044ex-6_16,1
T044EX-6,8/12/2011,15.25,t044ex-6_17,1
T044EX-6,2/10/2012,26.39,t044ex-6_18,1
T044EX-6,5/14/2012,25.5,t044ex-6_19,1
T044EX-6,8/13/2012,25.59,t044ex-6_20,1
T044EX-6,11/19/2012,26.57,t044ex-6_21,1
T044EX-6,1/26/2013,26.44,t044ex-6_22,1
T044EX-6,7/31/2013,25.74,t044ex-6_23,1
T044MW-17,1/24/2002,33.44,t044mw-17_1,1
T044MW-17,4/23/2002,32.46,t044mw-17_2,1
T044MW-17,7/16/2002,31.81,t044mw-17_3,1
T044MW-17,10/21/2002,31.84,t044mw-17_4,1
T044MW-17,1/7/2003,33.99,t044mw-17_5,1
T044MW-17,4/10/2003,32.13,t044mw-17_6,1
T044MW-17,7/30/2003,32.53,t044mw-17_7,1
T044MW-17,10/21/2003,32.06,t044mw-17_8,1
T044MW-17,1/14/2004,33.47,t044mw-17_9,1
T044MW-17,4/28/2004,32.92,t044mw-17_10,1
T044MW-17,7/7/2004,32.49,t044mw-17_11,1
T044MW-17,10/8/2004,32.27,t044mw-17_12,1
T044MW-17,1/21/2005,33.67,t044mw-17_13,1
T044MW-17,4/6/2005,33.53,t044mw-17_14,1
T044MW-17,7/26/2005,33.16,t044mw-17_15,1
T044MW-17,10/4/2005,32.73,t044mw-17_16,1
T044MW-17,1/31/2006,31.04,t044mw-17_17,1
T044MW-17,6/30/2006,32.72,t044mw-17_18,1
T044MW-17,8/22/2006,32.73,t044mw-17_19,1
T044MW-17,11/28/2006,32.11,t044mw-17_20,1
T044MW-17,2/27/2007,32.56,t044mw-17_21,1
T044MW-17,5/24/2007,32.24,t044mw-17_22,1
T044MW-17,8/23/2007,32.08,t044mw-17_23,1
T044MW-17,11/27/2007,31.95,t044mw-17_24,1
T044MW-17,2/28/2008,33.24,t044mw-17_25,1
T044MW-17,5/27/2008,32.09,t044mw-17_26,1
T044MW-17,8/26/2008,31.82,t044mw-17_27,1
T044MW-17,11/25/2008,31.84,t044mw-17_28,1
T044MW-17,3/3/2009,34.2,t044mw-17_29,1
T044MW-17,5/27/2009,32.4,t044mw-17_30,1
T044MW-17,8/27/2009,32.12,t044mw-17_31,1
T044MW-17,11/19/2009,31.99,t044mw-17_32,1
T044MW-17,2/18/2010,33.8,t044mw-17_33,1
T044MW-17,5/6/2010,33.03,t044mw-17_34,1
T044MW-17,2/4/2011,32.75,t044mw-17_35,1
T044MW-17,8/12/2011,32.63,t044mw-17_36,1
T044MW-17,2/10/2012,33.1,t044mw-17_37,1
T044MW-17,5/14/2012,33.33,t044mw-17_38,1
T044MW-17,8/13/2012,32.76,t044mw-17_39,1
T044MW-17,11/19/2012,32.46,t044mw-17_40,1
T044MW-17,1/26/2013,33.1,t044mw-17_41,1
T044MW-17,7/31/2013,32.22,t044mw-17_42,1
T061MW-2,1/31/2005,235.02,t061mw-2_1,1
T061MW-2,5/2/2005,235.05,t061mw-2_2,1
T061MW-2,7/15/2005,234.37,t061mw-2_3,1
T061MW-2,11/11/2005,234.59,t061mw-2_4,1
T061MW-2,1/23/2006,234.95,t061mw-2_5,1
T061MW-2,5/2/2006,235.15,t061mw-2_6,1
T061MW-2,7/14/2006,234.45,t061mw-2_7,1
T061MW-2,10/27/2006,233.98,t061mw-2_8,1
T061MW-2,1/24/2007,234.08,t061mw-2_9,1
T061MW-2,5/31/2007,233.78,t061mw-2_10,1
T061MW-2,9/25/2007,233.53,t061mw-2_11,1
T061MW-2,12/14/2007,234.69,t061mw-2_12,1
T061MW-2,3/27/2008,234.99,t061mw-2_13,1
T061MW-2,7/22/2008,233.45,t061mw-2_14,1
T061MW-2,10/30/2008,233.23,t061mw-2_15,1
T061MW-2,1/15/2009,235.03,t061mw-2_16,1
T061MW-2,4/28/2009,235.1,t061mw-2_17,1
T061MW-2,12/1/2009,234.43,t061mw-2_18,1
T061MW-2,6/29/2010,234.36,t061mw-2_19,1
T061MW-2,11/18/2010,234.68,t061mw-2_20,1
T061MW-2,2/23/2011,235.31,t061mw-2_21,1
T061MW-2,7/15/2011,235.62,t061mw-2_22,1
T061MW-2,6/14/2012,235.04,t061mw-2_23,1
T061MW-2,6/13/2014,234.18,t061mw-2_24,1
T110MW-1,2/22/2002,10.38,t110mw-1_1,1
T110MW-1,8/7/2002,7.95,t110mw-1_2,1
T110MW-1,11/22/2002,8.39,t110mw-1_3,1
T110MW-1,2/21/2003,10.59,t110mw-1_4,1
T110MW-1,5/23/2003,9.98,t110mw-1_5,1
T110MW-1,8/12/2003,7.3,t110mw-1_6,1
T110MW-1,11/17/2003,7.83,t110mw-1_7,1
T110MW-1,2/12/2004,10.01,t110mw-1_8,1
T110MW-1,5/5/2004,9.04,t110mw-1_9,1
T110MW-1,8/30/2004,6.7,t110mw-1_10,1
T110MW-1,11/29/2004,8.85,t110mw-1_11,1
T110MW-1,2/28/2005,11.37,t110mw-1_12,1
T110MW-1,6/6/2005,9.73,t110mw-1_13,1
T110MW-1,8/30/2005,8.11,t110mw-1_14,1
T110MW-1,11/29/2005,8.51,t110mw-1_15,1
T110MW-1,2/28/2006,10.32,t110mw-1_16,1
T110MW-1,6/13/2006,9.52,t110mw-1_17,1
T110MW-1,8/22/2006,8.56,t110mw-1_18,1
T110MW-1,11/27/2006,8.83,t110mw-1_19,1
T110MW-1,2/15/2007,10,t110mw-1_20,1
T110MW-1,5/17/2007,12.44,t110mw-1_21,1
T110MW-1,8/16/2007,10.12,t110mw-1_22,1
T110MW-1,11/15/2007,9.77,t110mw-1_23,1
T110MW-1,2/14/2008,12.4,t110mw-1_24,1
T110MW-1,5/15/2008,10.34,t110mw-1_25,1
T110MW-1,8/28/2008,8.48,t110mw-1_26,1
T110MW-1,11/20/2008,9.39,t110mw-1_27,1
T110MW-1,2/25/2009,14.06,t110mw-1_28,1
T110MW-1,5/18/2009,10.94,t110mw-1_29,1
T110MW-1,8/20/2009,9.65,t110mw-1_30,1
T110MW-1,2/11/2010,12.65,t110mw-1_31,1
T110MW-1,2/17/2011,12.29,t110mw-1_32,1
T110MW-1,8/19/2011,9.91,t110mw-1_33,1
T110MW-1,2/10/2012,11.05,t110mw-1_34,1
T110MW-1,8/1/2012,9.7,t110mw-1_35,1
T110MW-11,2/22/2002,7.45,t110mw-11_1,1
T110MW-11,8/7/2002,5.13,t110mw-11_2,1
T110MW-11,11/22/2002,5.16,t110mw-11_3,1
T110MW-11,2/21/2003,8.1,t110mw-11_4,1
T110MW-11,5/23/2003,7.09,t110mw-11_5,1
T110MW-11,8/12/2003,4.97,t110mw-11_6,1
T110MW-11,11/17/2003,4.8,t110mw-11_7,1
T110MW-11,2/12/2004,7.34,t110mw-11_8,1
T110MW-11,5/5/2004,6.2,t110mw-11_9,1
T110MW-11,8/30/2004,4.81,t110mw-11_10,1
T110MW-11,11/29/2004,5.97,t110mw-11_11,1
T110MW-11,2/28/2005,9.04,t110mw-11_12,1
T110MW-11,6/6/2005,7.21,t110mw-11_13,1
T110MW-11,8/30/2005,5.7,t110mw-11_14,1
T110MW-11,11/29/2005,5.4,t110mw-11_15,1
T110MW-11,2/28/2006,7.94,t110mw-11_16,1
T110MW-11,6/13/2006,7.62,t110mw-11_17,1
T110MW-11,8/22/2006,5.92,t110mw-11_18,1
T110MW-11,11/27/2006,5.63,t110mw-11_19,1
T110MW-11,2/15/2007,6.64,t110mw-11_20,1
T110MW-11,5/17/2007,6.47,t110mw-11_21,1
T110MW-11,8/16/2007,5.34,t110mw-11_22,1
T110MW-11,11/15/2007,5.1,t110mw-11_23,1
T110MW-11,2/14/2008,7.33,t110mw-11_24,1
T110MW-11,5/15/2008,6.58,t110mw-11_25,1
T110MW-11,8/28/2008,4.68,t110mw-11_26,1
T110MW-11,11/20/2008,4.74,t110mw-11_27,1
T110MW-11,2/25/2009,7.52,t110mw-11_28,1
T110MW-11,5/18/2009,6.95,t110mw-11_29,1
T110MW-11,8/20/2009,5.4,t110mw-11_30,1
T110MW-11,2/11/2010,7.01,t110mw-11_31,1
T110MW-11,2/17/2011,5.91,t110mw-11_32,1
T110MW-11,8/19/2011,6.5,t110mw-11_33,1
T110MW-11,2/10/2012,6.7,t110mw-11_34,1
T110MW-11,8/1/2012,5.5,t110mw-11_35,1
T110MW-19,5/17/2007,6.62,t110mw-19_1,1
T110MW-19,8/16/2007,5.57,t110mw-19_2,1
T110MW-19,11/15/2007,5.65,t110mw-19_3,1
T110MW-19,2/14/2008,9.03,t110mw-19_4,1
T110MW-19,5/15/2008,6.29,t110mw-19_5,1
T110MW-19,8/28/2008,5.17,t110mw-19_6,1
T110MW-19,11/20/2008,5.56,t110mw-19_7,1
T110MW-19,2/25/2009,10.75,t110mw-19_8,1
T110MW-19,5/18/2009,7.02,t110mw-19_9,1
T110MW-19,8/20/2009,5.93,t110mw-19_10,1
T110MW-19,2/11/2010,9.26,t110mw-19_11,1
T110MW-19,2/17/2011,8.28,t110mw-19_12,1
T110MW-19,8/19/2011,6.64,t110mw-19_13,1
T110MW-19,2/10/2012,7.39,t110mw-19_14,1
T110MW-19,8/1/2012,6.02,t110mw-19_15,1
T110MW-9,2/22/2002,7.88,t110mw-9_1,1
T110MW-9,8/7/2002,4.78,t110mw-9_2,1
T110MW-9,11/22/2002,4.98,t110mw-9_3,1
T110MW-9,2/21/2003,8.84,t110mw-9_4,1
T110MW-9,5/23/2003,7.39,t110mw-9_5,1
T110MW-9,8/12/2003,4.7,t110mw-9_6,1
T110MW-9,11/17/2003,4.88,t110mw-9_7,1
T110MW-9,2/12/2004,7.2,t110mw-9_8,1
T110MW-9,5/5/2004,6.26,t110mw-9_9,1
T110MW-9,8/30/2004,4.11,t110mw-9_10,1
T110MW-9,11/29/2004,5.42,t110mw-9_11,1
T110MW-9,2/28/2005,9.39,t110mw-9_12,1
T110MW-9,6/6/2005,6.99,t110mw-9_13,1
T110MW-9,8/30/2005,5.02,t110mw-9_14,1
T110MW-9,11/29/2005,4.96,t110mw-9_15,1
T110MW-9,2/28/2006,7.95,t110mw-9_16,1
T110MW-9,6/13/2006,7.02,t110mw-9_17,1
T110MW-9,8/22/2006,5.24,t110mw-9_18,1
T110MW-9,11/27/2006,4.5,t110mw-9_19,1
T110MW-9,2/15/2007,6.89,t110mw-9_20,1
T110MW-9,5/17/2007,6.27,t110mw-9_21,1
T110MW-9,8/16/2007,4.5,t110mw-9_22,1
T110MW-9,11/15/2007,4.6,t110mw-9_23,1
T110MW-9,2/14/2008,8.59,t110mw-9_24,1
T110MW-9,5/15/2008,5.34,t110mw-9_25,1
T110MW-9,8/28/2008,3.8,t110mw-9_26,1
T110MW-9,11/20/2008,4.43,t110mw-9_27,1
T110MW-9,2/25/2009,9.64,t110mw-9_28,1
T110MW-9,5/18/2009,6.51,t110mw-9_29,1
T110MW-9,8/20/2009,4.75,t110mw-9_30,1
T110MW-9,2/11/2010,4.89,t110mw-9_31,1
T110MW-9,2/17/2011,8.42,t110mw-9_32,1
T110MW-9,8/19/2011,5.68,t110mw-9_33,1
T110MW-9,2/10/2012,6.52,t110mw-9_34,1
T110MW-9,8/1/2012,5.1,t110mw-9_35,1
T124MW-13,3/23/2005,9.54,t124mw-13_1,1
T124MW-13,6/21/2005,8.35,t124mw-13_2,1
T124MW-13,9/21/2005,5.13,t124mw-13_3,1
T124MW-13,2/15/2006,11.12,t124mw-13_4,1
T124MW-13,6/2/2006,10.01,t124mw-13_5,1
T124MW-13,9/25/2006,6.33,t124mw-13_6,1
T124MW-13,12/28/2006,8.49,t124mw-13_7,1
T124MW-13,6/14/2007,7.13,t124mw-13_8,1
T124MW-13,9/28/2007,5.87,t124mw-13_9,1
T124MW-13,12/6/2007,5.89,t124mw-13_10,1
T124MW-13,3/19/2008,8.45,t124mw-13_11,1
T124MW-13,5/28/2008,6.84,t124mw-13_12,1
T124MW-13,9/3/2008,5.78,t124mw-13_13,1
T124MW-13,11/24/2008,6.35,t124mw-13_14,1
T124MW-13,3/5/2009,11.07,t124mw-13_15,1
T124MW-13,12/9/2009,7.74,t124mw-13_16,1
T124MW-13,8/3/2010,6.64,t124mw-13_17,1
T124MW-13,3/17/2011,11.78,t124mw-13_18,1
T124MW-13,9/30/2011,6.73,t124mw-13_19,1
T124MW-13,3/29/2012,12.71,t124mw-13_20,1
T124MW-13,9/5/2012,6.65,t124mw-13_21,1
T124MW-2,3/22/2002,9.88,t124mw-2_1,1
T124MW-2,6/25/2002,5.66,t124mw-2_2,1
T124MW-2,9/17/2002,4.42,t124mw-2_3,1
T124MW-2,12/18/2002,11.11,t124mw-2_4,1
T124MW-2,3/19/2003,9.66,t124mw-2_5,1
T124MW-2,6/25/2003,6.43,t124mw-2_6,1
T124MW-2,9/17/2003,5.02,t124mw-2_7,1
T124MW-2,12/30/2003,10.83,t124mw-2_8,1
T124MW-2,3/24/2004,8.99,t124mw-2_9,1
T124MW-2,6/29/2004,5.47,t124mw-2_10,1
T124MW-2,9/21/2004,4.8,t124mw-2_11,1
T124MW-2,12/27/2004,8.53,t124mw-2_12,1
T124MW-2,9/21/2005,3.11,t124mw-2_13,1
T124MW-2,2/15/2006,9.93,t124mw-2_14,1
T124MW-2,6/2/2006,9.18,t124mw-2_15,1
T124MW-2,9/25/2006,5.5,t124mw-2_16,1
T124MW-2,12/28/2006,9.59,t124mw-2_17,1
T124MW-2,3/1/2007,10.84,t124mw-2_18,1
T124MW-2,6/14/2007,6.69,t124mw-2_19,1
T124MW-2,9/28/2007,5.94,t124mw-2_20,1
T124MW-2,12/6/2007,4.5,t124mw-2_21,1
T124MW-2,3/19/2008,7.32,t124mw-2_22,1
T124MW-2,5/28/2008,6.2,t124mw-2_23,1
T124MW-2,9/3/2008,5.09,t124mw-2_24,1
T124MW-2,11/24/2008,4.92,t124mw-2_25,1
T124MW-2,3/5/2009,11.8,t124mw-2_26,1
T124MW-2,12/9/2009,6.1,t124mw-2_27,1
T124MW-2,8/3/2010,6.07,t124mw-2_28,1
T124MW-2,3/17/2011,12.45,t124mw-2_29,1
T124MW-2,3/29/2012,12.85,t124mw-2_30,1
T124MW-2,9/5/2012,5.99,t124mw-2_31,1
T132MW-1,11/19/2001,376.79,t132mw-1_1,1
T132MW-1,3/28/2002,379.24,t132mw-1_2,1
T140MW-3,3/23/2000,7.09,t140mw-3_1,0
T140MW-3,8/31/2000,3.57,t140mw-3_2,0
T140MW-3,3/2/2001,10.54,t140mw-3_3,0
T140MW-3,3/28/2002,11.74,t140mw-3_4,0
T140MW-3,6/29/2002,11.65,t140mw-3_5,0
T140MW-3,9/16/2002,6.02,t140mw-3_6,0
T140MW-3,3/24/2003,8.96,t140mw-3_7,0
T140MW-3,9/16/2003,6.36,t140mw-3_8,0
T140MW-3,9/1/2005,3.8,t140mw-3_9,0
T140MW-3,3/15/2006,10.86,t140mw-3_10,0
T140MW-3,9/6/2006,3.65,t140mw-3_11,0
T140MW-3,3/7/2007,7.54,t140mw-3_12,0
T140MW-3,9/10/2007,3.16,t140mw-3_13,0
T140MW-3,2/28/2008,9.87,t140mw-3_14,0
T140MW-3,9/17/2008,3.21,t140mw-3_15,0
T140MW-3,3/17/2009,8.57,t140mw-3_16,0
T140MW-3,9/1/2009,3.77,t140mw-3_17,0
T140MW-3,3/4/2010,11.26,t140mw-3_18,0
T140MW-3,9/28/2010,4,t140mw-3_19,0
T140MW-3,3/17/2011,10.79,t140mw-3_20,0
T140MW-3,9/16/2011,4.09,t140mw-3_21,0
T140MW-3,3/22/2012,10.39,t140mw-3_22,0
T140MW-8,11/30/2005,3.1,t140mw-8_1,0
T140MW-8,12/29/2005,3.6,t140mw-8_2,0
T140MW-8,3/15/2006,8.84,t140mw-8_3,0
T140MW-8,9/6/2006,3.75,t140mw-8_4,0
T140MW-8,3/7/2007,6.34,t140mw-8_5,0
T140MW-8,9/10/2007,2.6,t140mw-8_6,0
T140MW-8,2/28/2008,8.44,t140mw-8_7,0
T140MW-8,9/17/2008,2.81,t140mw-8_8,0
T140MW-8,3/17/2009,7.29,t140mw-8_9,0
T140MW-8,9/1/2009,3.32,t140mw-8_10,0
T140MW-8,3/4/2010,11.7,t140mw-8_11,0
T140MW-8,9/28/2010,3.54,t140mw-8_12,0
T140MW-8,3/17/2011,10.32,t140mw-8_13,0
T140MW-8,9/16/2011,3.94,t140mw-8_14,0
T140MW-8,3/22/2012,7.29,t140mw-8_15,0
T143MW-3,3/4/2002,271.76,t143mw-3_1,1
T143MW-3,6/7/2002,270.47,t143mw-3_2,1
T143MW-3,10/9/2002,267.31,t143mw-3_3,1
T143MW-3,1/24/2003,272.58,t143mw-3_4,1
T143MW-3,8/28/2003,268.99,t143mw-3_5,1
T143MW-3,11/11/2003,267.77,t143mw-3_6,1
T143MW-3,2/9/2004,273.84,t143mw-3_7,1
T143MW-3,5/25/2004,271.21,t143mw-3_8,1
T143MW-3,8/18/2004,269.63,t143mw-3_9,1
T143MW-3,11/16/2004,272.44,t143mw-3_10,1
T143MW-3,3/17/2005,273.41,t143mw-3_11,1
T143MW-3,6/6/2005,272.67,t143mw-3_12,1
T143MW-3,9/6/2005,269.85,t143mw-3_13,1
T143MW-3,12/9/2005,272.74,t143mw-3_14,1
T143MW-3,3/24/2006,274.22,t143mw-3_15,1
T143MW-3,6/13/2006,271.39,t143mw-3_16,1
T143MW-3,3/15/2007,273.48,t143mw-3_17,1
T143MW-3,11/20/2007,266.56,t143mw-3_18,1
T143MW-3,2/21/2008,272.85,t143mw-3_19,1
T143MW-3,5/19/2008,271.76,t143mw-3_20,1
T143MW-3,8/4/2008,268.25,t143mw-3_21,1
T143MW-3,3/18/2009,272.54,t143mw-3_22,1
T143MW-3,9/8/2009,265.39,t143mw-3_23,1
T153MW-2,2/22/2002,70.82,t153mw-2_1,1
T153MW-2,3/13/2003,70.07,t153mw-2_2,1
T153MW-2,2/25/2005,70.91,t153mw-2_3,1
T153MW-2,5/13/2005,69.1,t153mw-2_4,1
T153MW-2,8/11/2005,70.33,t153mw-2_5,1
T153MW-5,2/22/2002,71.09,t153mw-5_1,1
T153MW-5,3/13/2003,70.11,t153mw-5_2,1
T153MW-5,2/25/2005,70.93,t153mw-5_3,1
T153MW-5,5/13/2005,69.12,t153mw-5_4,1
T153MW-5,8/11/2005,70.36,t153mw-5_5,1
T164EX-1,10/16/2003,3.06,t164ex-1_1,1
T164EX-1,1/21/2004,6.95,t164ex-1_2,1
T164EX-1,4/12/2004,6.78,t164ex-1_3,1
T164EX-1,7/7/2004,6.31,t164ex-1_4,1
T164EX-1,10/18/2004,3.99,t164ex-1_5,1
T164EX-1,1/25/2005,8.02,t164ex-1_6,1
T164EX-1,4/6/2005,9.29,t164ex-1_7,1
T164EX-1,7/14/2005,5.72,t164ex-1_8,1
T164EX-1,4/11/2007,6.3,t164ex-1_9,1
T164EX-1,10/4/2007,2.78,t164ex-1_10,1
T164EX-1,1/17/2008,6.39,t164ex-1_11,1
T164EX-1,4/30/2008,4.65,t164ex-1_12,1
T164EX-1,7/10/2008,4.49,t164ex-1_13,1
T164EX-1,10/8/2008,0.51,t164ex-1_14,1
T164EX-1,1/26/2009,5.75,t164ex-1_15,1
T164EX-1,5/6/2010,8.04,t164ex-1_16,1
T164EX-1,1/5/2011,9.94,t164ex-1_17,1
T164EX-1,8/3/2011,6.39,t164ex-1_18,1
T164EX-1,1/24/2012,7.34,t164ex-1_19,1
T164EX-1,5/16/2012,7.79,t164ex-1_20,1
T164EX-1,7/27/2012,7.74,t164ex-1_21,1
T164EX-1,11/7/2012,5.41,t164ex-1_22,1
T164MW-1,7/22/2003,5.14,t164mw-1_1,1
T164MW-1,10/16/2003,4.05,t164mw-1_2,1
T164MW-1,1/21/2004,7.12,t164mw-1_3,1
T164MW-1,4/12/2004,5.26,t164mw-1_4,1
T164MW-1,7/7/2004,4.82,t164mw-1_5,1
T164MW-1,10/18/2004,3.61,t164mw-1_6,1
T164MW-1,1/25/2005,7.53,t164mw-1_7,1
T164MW-1,4/6/2005,8.95,t164mw-1_8,1
T164MW-1,7/14/2005,5.46,t164mw-1_9,1
T164MW-1,10/26/2005,3.91,t164mw-1_10,1
T164MW-1,1/24/2006,9.08,t164mw-1_11,1
T164MW-1,4/6/2006,9.88,t164mw-1_12,1
T164MW-1,7/31/2006,4.56,t164mw-1_13,1
T164MW-1,10/16/2006,4.56,t164mw-1_14,1
T164MW-1,1/22/2007,3.88,t164mw-1_15,1
T164MW-1,4/11/2007,5.41,t164mw-1_16,1
T164MW-1,7/9/2007,4.04,t164mw-1_17,1
T164MW-1,10/4/2007,3.23,t164mw-1_18,1
T164MW-1,1/17/2008,6.62,t164mw-1_19,1
T164MW-1,4/30/2008,5,t164mw-1_20,1
T164MW-1,7/10/2008,3.93,t164mw-1_21,1
T164MW-1,10/8/2008,2.86,t164mw-1_22,1
T164MW-1,1/26/2009,4.93,t164mw-1_23,1
T164MW-1,5/6/2010,7.21,t164mw-1_24,1
T164MW-1,1/5/2011,9.04,t164mw-1_25,1
T164MW-1,8/3/2011,5.61,t164mw-1_26,1
T164MW-1,1/24/2012,6.53,t164mw-1_27,1
T164MW-1,5/16/2012,7.02,t164mw-1_28,1
T164MW-1,7/27/2012,6.98,t164mw-1_29,1
T164MW-1,11/7/2012,4.58,t164mw-1_30,1
T164MW-4,7/22/2003,5.05,t164mw-4_1,1
T164MW-4,10/16/2003,4.04,t164mw-4_2,1
T164MW-4,1/21/2004,7.11,t164mw-4_3,1
T164MW-4,4/12/2004,6.42,t164mw-4_4,1
T164MW-4,7/7/2004,5.99,t164mw-4_5,1
T164MW-4,10/18/2004,3.63,t164mw-4_6,1
T164MW-4,1/25/2005,7.66,t164mw-4_7,1
T164MW-4,4/6/2005,8.93,t164mw-4_8,1
T164MW-4,7/14/2005,5.41,t164mw-4_9,1
T164MW-4,10/26/2005,3.98,t164mw-4_10,1
T164MW-4,1/24/2006,9.83,t164mw-4_11,1
T164MW-4,4/6/2006,10.78,t164mw-4_12,1
T164MW-4,7/31/2006,5.24,t164mw-4_13,1
T164MW-4,10/16/2006,5.24,t164mw-4_14,1
T164MW-4,1/22/2007,4.58,t164mw-4_15,1
T164MW-4,4/11/2007,5.46,t164mw-4_16,1
T164MW-4,7/9/2007,4.27,t164mw-4_17,1
T164MW-4,10/4/2007,3.52,t164mw-4_18,1
T164MW-4,1/17/2008,6.78,t164mw-4_19,1
T164MW-4,4/30/2008,5.13,t164mw-4_20,1
T164MW-4,7/10/2008,4.03,t164mw-4_21,1
T164MW-4,10/8/2008,3.13,t164mw-4_22,1
T164MW-4,1/26/2009,4.93,t164mw-4_23,1
T164MW-4,5/6/2010,8.3,t164mw-4_24,1
T164MW-4,1/5/2011,9.32,t164mw-4_25,1
T164MW-4,8/3/2011,5.53,t164mw-4_26,1
T164MW-4,1/24/2012,6.37,t164mw-4_27,1
T164MW-4,5/16/2012,6.91,t164mw-4_28,1
T164MW-4,7/27/2012,6.84,t164mw-4_29,1
T164MW-4,11/7/2012,4.53,t164mw-4_30,1
T166MW-3,3/16/2004,47.9,t166mw-3_1,1
T166MW-3,1/31/2006,45.2,t166mw-3_2,1
T166MW-3,3/22/2007,46.04,t166mw-3_3,1
T166MW-3,3/19/2008,45.72,t166mw-3_4,1
T168MW-6,6/27/1998,233.14,t168mw-6_1,1
T168MW-6,2/28/2002,233.56,t168mw-6_2,1
T168MW-6,9/25/2002,232.88,t168mw-6_3,1
T168MW-6,12/20/2002,235.05,t168mw-6_4,1
T168MW-6,3/10/2003,233.35,t168mw-6_5,1
T168MW-6,6/24/2003,233.04,t168mw-6_6,1
T168MW-6,9/23/2003,232.62,t168mw-6_7,1
T168MW-6,12/18/2003,233.43,t168mw-6_8,1
T168MW-6,3/26/2004,233.81,t168mw-6_9,1
T168MW-6,6/22/2004,233.17,t168mw-6_10,1
T168MW-6,9/10/2004,232.45,t168mw-6_11,1
T168MW-6,12/29/2004,234.65,t168mw-6_12,1
T168MW-6,2/28/2005,232.64,t168mw-6_13,1
T168MW-6,6/2/2005,233.34,t168mw-6_14,1
T168MW-6,8/31/2005,233.01,t168mw-6_15,1
T168MW-6,12/15/2005,233.55,t168mw-6_16,1
T168MW-6,3/9/2006,234.09,t168mw-6_17,1
T168MW-6,6/21/2006,233.26,t168mw-6_18,1
T168MW-6,9/8/2006,231.12,t168mw-6_19,1
T168MW-6,12/22/2006,233.71,t168mw-6_20,1
T168MW-6,5/17/2007,233.29,t168mw-6_21,1
T168MW-6,9/14/2007,233.13,t168mw-6_22,1
T168MW-6,12/29/2008,233.62,t168mw-6_23,1
T168MW-6,3/13/2009,233.59,t168mw-6_24,1
T168MW-6,6/17/2009,233.43,t168mw-6_25,1
T168MW-6,9/15/2009,232.8,t168mw-6_26,1
T168MW-6,12/2/2009,233.4,t168mw-6_27,1
T168MW-6,3/15/2010,233.66,t168mw-6_28,1
T168MW-6,6/1/2010,233.5,t168mw-6_29,1
T168MW-6,9/13/2010,232.95,t168mw-6_30,1
T168MW-6,12/3/2010,233.64,t168mw-6_31,1
T168MW-6,3/9/2011,233.66,t168mw-6_32,1
T168MW-6,6/6/2011,233.73,t168mw-6_33,1
T168MW-6,8/30/2011,233.05,t168mw-6_34,1
T168MW-6,12/7/2011,233.38,t168mw-6_35,1
T168MW-6,3/1/2012,233.86,t168mw-6_36,1
T168MW-6,6/29/2012,233.19,t168mw-6_37,1
T168MW-6,9/17/2012,232.46,t168mw-6_38,1
T168MW-6,12/5/2012,234.43,t168mw-6_39,1
T168MW-6,3/7/2013,233.58,t168mw-6_40,1
T168MW-6,6/18/2013,233.03,t168mw-6_41,1
T190MW-8,3/4/2002,248.14,t190mw-8_1,1
T190MW-8,3/19/2003,248.7,t190mw-8_2,1
T190MW-8,9/9/2003,248.19,t190mw-8_3,1
T190MW-8,3/9/2004,248.54,t190mw-8_4,1
T190MW-8,9/8/2004,247.59,t190mw-8_5,1
T190MW-8,3/24/2005,249.63,t190mw-8_6,1
T190MW-8,9/23/2005,247.13,t190mw-8_7,1
T190MW-8,3/16/2006,249.57,t190mw-8_8,1
T190MW-8,3/14/2007,247.99,t190mw-8_9,1
T190MW-8,9/13/2007,246.78,t190mw-8_10,1
T190MW-8,3/13/2008,247.97,t190mw-8_11,1
T190MW-8,9/24/2008,246.41,t190mw-8_12,1
T190MW-8,3/3/2009,250.36,t190mw-8_13,1
T190MW-8,9/21/2009,246.33,t190mw-8_14,1
T190MW-8,3/2/2010,249.53,t190mw-8_15,1
T190MW-8,3/1/2011,249.03,t190mw-8_16,1
T190MW-8,9/13/2011,247.76,t190mw-8_17,1
T196MW-2,5/23/2007,343.34,t196mw-2_1,1
T196MW-2,9/5/2007,342.03,t196mw-2_2,1
T196MW-2,11/21/2007,342.42,t196mw-2_3,1
T196MW-2,3/14/2008,342.6,t196mw-2_4,1
T196MW-2,6/12/2008,342.55,t196mw-2_5,1
T196MW-2,9/25/2008,342.45,t196mw-2_6,1
T196MW-2,12/11/2008,343.71,t196mw-2_7,1
T196MW-2,3/26/2010,345.39,t196mw-2_8,1
T196MW-2,7/28/2010,343.13,t196mw-2_9,1
T196MW-2,10/14/2010,341.27,t196mw-2_10,1
T196MW-3,5/23/2007,343.24,t196mw-3_1,1
T196MW-3,9/5/2007,342.17,t196mw-3_2,1
T196MW-3,11/21/2007,342.58,t196mw-3_3,1
T196MW-3,3/14/2008,342.67,t196mw-3_4,1
T196MW-3,6/12/2008,342.64,t196mw-3_5,1
T196MW-3,9/25/2008,342.46,t196mw-3_6,1
T196MW-3,12/11/2008,344.06,t196mw-3_7,1
T196MW-3,3/26/2010,345.2,t196mw-3_8,1
T196MW-3,7/28/2010,343,t196mw-3_9,1
T196MW-3,10/14/2010,323.16,t196mw-3_10,0
T205MW-8,2/4/2005,54.29,t205mw-8_1,1
T205MW-8,6/24/2005,53.69,t205mw-8_2,1
T205MW-8,9/12/2005,52.59,t205mw-8_3,1
T224MW-6,11/14/2003,53.98,t224mw-6_1,1
T224MW-6,2/12/2004,54.73,t224mw-6_2,1
T224MW-6,5/12/2004,52.28,t224mw-6_3,1
T224MW-6,8/31/2004,51.16,t224mw-6_4,1
T224MW-6,11/29/2004,53.93,t224mw-6_5,1
T241MW-3,11/13/2002,46.08,t241mw-3_1,1
T241MW-3,4/30/2003,46.42,t241mw-3_2,1
T241MW-3,9/8/2003,45.52,t241mw-3_3,1
T241MW-3,11/10/2003,45.92,t241mw-3_4,1
T241MW-3,3/2/2004,46.87,t241mw-3_5,1
T241MW-3,5/6/2004,45.99,t241mw-3_6,1
T241MW-3,7/7/2004,45.87,t241mw-3_7,1
T241MW-3,10/27/2004,46.25,t241mw-3_8,1
T241MW-3,5/11/2005,46.57,t241mw-3_9,1
T241MW-3,8/24/2005,46.47,t241mw-3_10,1
T244MW10D,1/16/2002,36.9,t244mw10d_1,1
T244MW10D,4/17/2002,36.9,t244mw10d_2,1
T244MW10D,7/15/2002,34.26,t244mw10d_3,1
T244MW10D,11/1/2002,29.11,t244mw10d_4,1
T244MW10D,1/31/2003,35.55,t244mw10d_5,1
T244MW10D,4/16/2003,35.65,t244mw10d_6,1
T244MW10D,7/16/2003,31.13,t244mw10d_7,1
T244MW10D,10/27/2003,29.45,t244mw10d_8,1
T244MW10D,1/22/2004,35.47,t244mw10d_9,1
T244MW10D,4/19/2004,33.72,t244mw10d_10,1
T244MW10D,7/22/2004,29.38,t244mw10d_11,1
T244MW10D,10/26/2004,31.68,t244mw10d_12,1
T244MW10D,1/19/2005,37.23,t244mw10d_13,1
T244MW10D,4/25/2005,35.6,t244mw10d_14,1
T244MW10D,7/26/2005,31.65,t244mw10d_15,1
T244MW10D,11/14/2005,30.83,t244mw10d_16,1
T244MW10D,2/15/2006,32.18,t244mw10d_17,1
T244MW11D,1/16/2002,31.5,t244mw11d_1,1
T244MW11D,4/17/2002,27.92,t244mw11d_2,1
T244MW11D,7/15/2002,22.54,t244mw11d_3,1
T244MW11D,11/1/2002,22.37,t244mw11d_4,1
T244MW11D,1/31/2003,30.35,t244mw11d_5,1
T244MW11D,4/16/2003,30.43,t244mw11d_6,1
T244MW11D,7/16/2003,23.85,t244mw11d_7,1
T244MW11D,10/27/2003,23.34,t244mw11d_8,1
T244MW11D,1/22/2004,29.29,t244mw11d_9,1
T244MW11D,4/19/2004,28.44,t244mw11d_10,1
T244MW11D,7/22/2004,22.71,t244mw11d_11,1
T244MW11D,10/26/2004,25.51,t244mw11d_12,1
T244MW11D,1/19/2005,28.3,t244mw11d_13,1
T244MW11D,4/25/2005,29.83,t244mw11d_14,1
T244MW11D,7/26/2005,25.69,t244mw11d_15,1
T244MW11D,11/14/2005,26.21,t244mw11d_16,1
T244MW11D,2/15/2006,30.11,t244mw11d_17,1
T244MW-4,1/16/2002,35.37,t244mw-4_1,1
T244MW-4,4/17/2002,33.84,t244mw-4_2,1
T244MW-4,7/15/2002,32.89,t244mw-4_3,1
T244MW-4,11/1/2002,31.29,t244mw-4_4,1
T244MW-4,1/31/2003,35.39,t244mw-4_5,1
T244MW-4,4/16/2003,36.28,t244mw-4_6,1
T244MW-4,7/16/2003,32.84,t244mw-4_7,1
T244MW-4,10/27/2003,31.64,t244mw-4_8,1
T244MW-4,1/22/2004,34.48,t244mw-4_9,1
T244MW-4,4/19/2004,33.03,t244mw-4_10,1
T244MW-4,7/22/2004,31.26,t244mw-4_11,1
T244MW-4,10/26/2004,32.96,t244mw-4_12,1
T244MW-4,1/19/2005,35.82,t244mw-4_13,1
T244MW-4,4/25/2005,34.46,t244mw-4_14,1
T244MW-4,7/26/2005,33.1,t244mw-4_15,1
T244MW-4,11/14/2005,32.41,t244mw-4_16,1
T244MW-4,2/15/2006,35.06,t244mw-4_17,1
T244MW-6,1/16/2002,36.14,t244mw-6_1,1
T244MW-6,4/17/2002,34.54,t244mw-6_2,1
T244MW-6,7/15/2002,32.27,t244mw-6_3,1
T244MW-6,11/1/2002,30.92,t244mw-6_4,1
T244MW-6,1/31/2003,36.55,t244mw-6_5,1
T244MW-6,4/16/2003,36.72,t244mw-6_6,1
T244MW-6,7/16/2003,32.81,t244mw-6_7,1
T244MW-6,10/27/2003,31.13,t244mw-6_8,1
T244MW-6,1/22/2004,34.72,t244mw-6_9,1
T244MW-6,4/19/2004,32.75,t244mw-6_10,1
T244MW-6,7/22/2004,30.47,t244mw-6_11,1
T244MW-6,10/26/2004,31.54,t244mw-6_12,1
T244MW-6,1/19/2005,36.58,t244mw-6_13,1
T244MW-6,4/25/2005,34.72,t244mw-6_14,1
T244MW-6,7/26/2005,32.97,t244mw-6_15,1
T244MW-6,11/14/2005,31.45,t244mw-6_16,1
T244MW-6,2/15/2006,35.8,t244mw-6_17,1
T244MW-7S,1/16/2002,34.28,t244mw-7s_1,1
T244MW-7S,4/17/2002,32.85,t244mw-7s_2,1
T244MW-7S,7/15/2002,31.02,t244mw-7s_3,1
T244MW-7S,11/1/2002,29.73,t244mw-7s_4,1
T244MW-7S,1/31/2003,34.27,t244mw-7s_5,1
T244MW-7S,4/16/2003,34.81,t244mw-7s_6,1
T244MW-7S,7/16/2003,31.29,t244mw-7s_7,1
T244MW-7S,10/27/2003,29.84,t244mw-7s_8,1
T244MW-7S,1/22/2004,33.46,t244mw-7s_9,1
T244MW-7S,4/19/2004,32.11,t244mw-7s_10,1
T244MW-7S,7/22/2004,29.96,t244mw-7s_11,1
T244MW-7S,10/26/2004,30.81,t244mw-7s_12,1
T244MW-7S,1/19/2005,34.89,t244mw-7s_13,1
T244MW-7S,4/25/2005,32.76,t244mw-7s_14,1
T244MW-7S,7/26/2005,31.84,t244mw-7s_15,1
T244MW-7S,11/14/2005,30.81,t244mw-7s_16,1
T244MW-7S,2/15/2006,33.04,t244mw-7s_17,1
T244MW-8S,1/16/2002,37.42,t244mw-8s_1,1
T244MW-8S,4/17/2002,35.81,t244mw-8s_2,1
T244MW-8S,7/15/2002,34.31,t244mw-8s_3,1
T244MW-8S,11/1/2002,33.42,t244mw-8s_4,1
T244MW-8S,1/31/2003,37.71,t244mw-8s_5,1
T244MW-8S,4/16/2003,39.21,t244mw-8s_6,1
T244MW-8S,7/16/2003,34.79,t244mw-8s_7,1
T244MW-8S,10/27/2003,33.75,t244mw-8s_8,1
T244MW-8S,1/22/2004,34.16,t244mw-8s_9,1
T244MW-8S,4/19/2004,33.21,t244mw-8s_10,1
T244MW-8S,7/22/2004,31.61,t244mw-8s_11,1
T244MW-8S,10/26/2004,32.66,t244mw-8s_12,1
T244MW-8S,1/19/2005,37.45,t244mw-8s_13,1
T244MW-8S,4/25/2005,35.86,t244mw-8s_14,1
T244MW-8S,7/26/2005,33.41,t244mw-8s_15,1
T244MW-8S,11/14/2005,33.01,t244mw-8s_16,1
T244MW-8S,2/15/2006,36.78,t244mw-8s_17,1
T244MW-9D,1/16/2002,32.77,t244mw-9d_1,1
T244MW-9D,4/17/2002,29.22,t244mw-9d_2,1
T244MW-9D,7/15/2002,23.41,t244mw-9d_3,1
T244MW-9D,11/1/2002,23.56,t244mw-9d_4,1
T244MW-9D,1/31/2003,30.65,t244mw-9d_5,1
T244MW-9D,4/16/2003,31.89,t244mw-9d_6,1
T244MW-9D,7/16/2003,23.7,t244mw-9d_7,1
T244MW-9D,10/27/2003,23.3,t244mw-9d_8,1
T244MW-9D,1/22/2004,30.13,t244mw-9d_9,1
T244MW-9D,4/19/2004,29.72,t244mw-9d_10,1
T244MW-9D,7/22/2004,23.65,t244mw-9d_11,1
T244MW-9D,10/26/2004,28.65,t244mw-9d_12,1
T244MW-9D,1/19/2005,33.26,t244mw-9d_13,1
T244MW-9D,4/25/2005,31.29,t244mw-9d_14,1
T244MW-9D,7/26/2005,26.84,t244mw-9d_15,1
T244MW-9D,11/14/2005,27.68,t244mw-9d_16,1
T244MW-9D,2/15/2006,31.22,t244mw-9d_17,1
T244PZ-1,1/16/2002,35.21,t244pz-1_1,1
T244PZ-1,4/17/2002,31.42,t244pz-1_2,1
T244PZ-1,7/15/2002,26.85,t244pz-1_3,1
T244PZ-1,11/1/2002,24.53,t244pz-1_4,1
T244PZ-1,1/31/2003,31.52,t244pz-1_5,1
T244PZ-1,4/16/2003,32.86,t244pz-1_6,1
T244PZ-1,7/16/2003,25.31,t244pz-1_7,1
T244PZ-1,10/27/2003,24.73,t244pz-1_8,1
T244PZ-1,1/22/2004,30.96,t244pz-1_9,1
T244PZ-1,4/19/2004,30.24,t244pz-1_10,1
T244PZ-1,7/22/2004,25,t244pz-1_11,1
T244PZ-1,10/26/2004,29.16,t244pz-1_12,1
T244PZ-1,1/19/2005,34.12,t244pz-1_13,1
T244PZ-1,4/25/2005,32.11,t244pz-1_14,1
T244PZ-1,7/26/2005,27.74,t244pz-1_15,1
T244PZ-1,11/14/2005,28.71,t244pz-1_16,1
T244PZ-1,2/15/2006,32.43,t244pz-1_17,1
T244PZ-2,1/16/2002,39.44,t244pz-2_1,1
T244PZ-2,4/17/2002,36.36,t244pz-2_2,1
T244PZ-2,7/15/2002,32.3,t244pz-2_3,1
T244PZ-2,11/1/2002,31.83,t244pz-2_4,1
T244PZ-2,1/31/2003,38.02,t244pz-2_5,1
T244PZ-2,4/16/2003,37.9,t244pz-2_6,1
T244PZ-2,7/16/2003,32.84,t244pz-2_7,1
T244PZ-2,10/27/2003,31.99,t244pz-2_8,1
T244PZ-2,1/22/2004,37.65,t244pz-2_9,1
T244PZ-2,4/19/2004,35.82,t244pz-2_10,1
T244PZ-2,7/22/2004,31.89,t244pz-2_11,1
T244PZ-2,10/26/2004,33.99,t244pz-2_12,1
T244PZ-2,1/19/2005,38.69,t244pz-2_13,1
T244PZ-2,4/25/2005,38.84,t244pz-2_14,1
T244PZ-2,7/26/2005,34.01,t244pz-2_15,1
T244PZ-2,11/14/2005,34.24,t244pz-2_16,1
T244PZ-2,2/15/2006,39.48,t244pz-2_17,1
T244PZ-3,1/16/2002,31.56,t244pz-3_1,1
T244PZ-3,4/17/2002,27.93,t244pz-3_2,1
T244PZ-3,7/15/2002,22.59,t244pz-3_3,1
T244PZ-3,11/1/2002,22.44,t244pz-3_4,1
T244PZ-3,1/31/2003,29.96,t244pz-3_5,1
T244PZ-3,4/16/2003,30.49,t244pz-3_6,1
T244PZ-3,7/16/2003,23.69,t244pz-3_7,1
T244PZ-3,10/27/2003,22.71,t244pz-3_8,1
T244PZ-3,1/22/2004,29.35,t244pz-3_9,1
T244PZ-3,4/19/2004,28.44,t244pz-3_10,1
T244PZ-3,7/22/2004,22.79,t244pz-3_11,1
T244PZ-3,10/26/2004,26.19,t244pz-3_12,1
T244PZ-3,1/19/2005,31.77,t244pz-3_13,1
T244PZ-3,4/25/2005,29.83,t244pz-3_14,1
T244PZ-3,7/26/2005,25.46,t244pz-3_15,1
T244PZ-3,11/14/2005,26.44,t244pz-3_16,1
T244PZ-3,2/15/2006,30.29,t244pz-3_17,1
T244U-1,1/16/2002,38.38,t244u-1_1,1
T244U-1,4/17/2002,37.37,t244u-1_2,1
T244U-1,7/15/2002,35.78,t244u-1_3,1
T244U-1,11/1/2002,34.78,t244u-1_4,1
T244U-1,1/31/2003,38.01,t244u-1_5,1
T244U-1,4/16/2003,40.54,t244u-1_6,1
T244U-1,7/16/2003,36.36,t244u-1_7,1
T244U-1,10/27/2003,35.03,t244u-1_8,1
T244U-1,1/22/2004,37.61,t244u-1_9,1
T244U-1,4/19/2004,36.24,t244u-1_10,1
T244U-1,7/22/2004,34.69,t244u-1_11,1
T244U-1,10/26/2004,37.39,t244u-1_12,1
T244U-1,1/19/2005,38.75,t244u-1_13,1
T244U-1,4/25/2005,38.09,t244u-1_14,1
T244U-1,7/26/2005,36.37,t244u-1_15,1
T244U-1,11/14/2005,35.79,t244u-1_16,1
T244U-1,2/15/2006,38.37,t244u-1_17,1
T250MW-4,1/30/2006,349.21,t250mw-4_1,1
T250MW-4,5/4/2006,348.02,t250mw-4_2,1
T250MW-4,8/26/2006,344.53,t250mw-4_3,1
T250MW-4,10/30/2006,344.48,t250mw-4_4,1
T250MW-4,2/9/2007,346.07,t250mw-4_5,1
T250MW-4,5/11/2007,345.63,t250mw-4_6,1
T250MW-4,8/10/2007,344.45,t250mw-4_7,1
T250MW-4,11/16/2007,344.68,t250mw-4_8,1
T250MW-4,2/8/2008,350.57,t250mw-4_9,1
T250MW-4,5/9/2008,345.35,t250mw-4_10,1
T250MW-4,8/8/2008,344.5,t250mw-4_11,1
T250MW-4,11/7/2008,344.75,t250mw-4_12,1
T250MW-4,2/6/2009,345.08,t250mw-4_13,1
T250MW-4,5/8/2009,346.95,t250mw-4_14,1
T250MW-4,7/22/2009,344.71,t250mw-4_15,1
T250MW-4,1/26/2010,351.38,t250mw-4_16,1
T250MW-4,7/6/2010,345.41,t250mw-4_17,1
T250MW-4,1/20/2011,348.9,t250mw-4_18,1
T250MW-4,4/11/2011,349.47,t250mw-4_19,1
T250MW-4,7/6/2011,345.9,t250mw-4_20,1
T250MW-4,9/28/2011,344.47,t250mw-4_21,1
T250MW-4,10/17/2011,344.66,t250mw-4_22,1
T250MW-4,11/7/2011,344.67,t250mw-4_23,1
T250MW-4,12/7/2011,344.63,t250mw-4_24,1
T250MW-4,12/29/2011,344.44,t250mw-4_25,1
T250MW-4,1/9/2012,344.76,t250mw-4_26,1
T250MW-4,7/10/2012,344.76,t250mw-4_27,1
T250MW-4,10/4/2012,344.58,t250mw-4_28,1
T250MW-4,1/8/2013,349.72,t250mw-4_29,1
T250MW-4,4/4/2013,346.52,t250mw-4_30,1
T250MW-4,7/9/2013,344.79,t250mw-4_31,1
T250MW-4,10/2/2013,344.72,t250mw-4_32,1
T250MW-4,10/22/2013,344.73,t250mw-4_33,1
T250MW-4,11/21/2013,344.78,t250mw-4_34,1
T250MW-4,12/19/2013,344.78,t250mw-4_35,1
T250MW-4,1/2/2014,344.74,t250mw-4_36,1
T250MW-4,1/20/2014,344.67,t250mw-4_37,1
T256MW-4,1/4/2005,16.63,t256mw-4_1,1
T256MW-4,4/20/2005,10.99,t256mw-4_2,1
T256MW-4,8/23/2005,9.49,t256mw-4_3,1
T256MW-4,11/28/2005,10.07,t256mw-4_4,1
T256MW-4,2/9/2006,12.5,t256mw-4_5,1
T256MW-4,5/15/2006,10.65,t256mw-4_6,1
T256MW-4,8/18/2006,9.91,t256mw-4_7,1
T256MW-4,11/6/2006,10.01,t256mw-4_8,1
T256MW-4,2/7/2007,10.23,t256mw-4_9,1
T256MW-4,5/7/2007,11.22,t256mw-4_10,1
T256MW-4,8/8/2007,9.97,t256mw-4_11,1
T256MW-4,11/18/2007,6.74,t256mw-4_12,1
T256MW-4,2/12/2008,10.65,t256mw-4_13,1
T256MW-4,5/14/2008,6.03,t256mw-4_14,1
T256MW-4,9/11/2008,5.63,t256mw-4_15,1
T256MW-4,11/24/2008,6.24,t256mw-4_16,1
T256MW-4,2/17/2009,11.3,t256mw-4_17,1
T256MW-4,5/13/2009,10.82,t256mw-4_18,1
T256MW-4,7/30/2009,8.83,t256mw-4_19,1
T256MW-4,11/11/2009,9.47,t256mw-4_20,1
T256MW-4,2/2/2010,13.69,t256mw-4_21,1
T256MW-4,4/28/2010,12.02,t256mw-4_22,1
T256MW-4,7/27/2010,10.07,t256mw-4_23,1
T256MW-4,10/12/2010,9.55,t256mw-4_24,1
T256MW-8,1/4/2005,1.32,t256mw-8_1,1
T256MW-8,4/20/2005,11.08,t256mw-8_2,1
T256MW-8,8/23/2005,9.02,t256mw-8_3,1
T256MW-8,11/28/2005,9.47,t256mw-8_4,1
T256MW-8,2/9/2006,12.32,t256mw-8_5,1
T256MW-8,5/15/2006,10.6,t256mw-8_6,1
T256MW-8,8/18/2006,9.43,t256mw-8_7,1
T256MW-8,11/6/2006,9.64,t256mw-8_8,1
T256MW-8,2/7/2007,8.81,t256mw-8_9,1
T256MW-8,5/7/2007,10.44,t256mw-8_10,1
T256MW-8,8/8/2007,9.25,t256mw-8_11,1
T256MW-8,11/18/2007,8.56,t256mw-8_12,1
T256MW-8,2/12/2008,11.99,t256mw-8_13,1
T256MW-8,5/14/2008,9.12,t256mw-8_14,1
T256MW-8,9/11/2008,8.46,t256mw-8_15,1
T256MW-8,11/24/2008,8.81,t256mw-8_16,1
T256MW-8,2/17/2009,13.45,t256mw-8_17,1
T256MW-8,5/13/2009,10.58,t256mw-8_18,1
T256MW-8,7/30/2009,9.04,t256mw-8_19,1
T256MW-8,11/11/2009,9.47,t256mw-8_20,1
T256MW-8,2/2/2010,13.1,t256mw-8_21,1
T256MW-8,4/28/2010,11.67,t256mw-8_22,1
T256MW-8,7/27/2010,9.49,t256mw-8_23,1
T256MW-8,10/12/2010,9.52,t256mw-8_24,1
T259ML5-5,4/4/2002,330.34,t259ml5-5_1,1
T259ML5-5,5/13/2002,330.32,t259ml5-5_2,1
T259ML5-5,10/15/2002,329.02,t259ml5-5_3,1
T259MW12,,332.34,t259mw12_1,1
T259MW13,,330.65,t259mw13_1,1
T259MW2,5/13/2002,328.18,t259mw2_1,1
T259MW2,10/15/2002,325.85,t259mw2_2,1
T259MW6,5/13/2002,329.6,t259mw6_1,1
T259MW6,10/15/2002,328.25,t259mw6_2,1
T262MW-3,12/6/2001,40.02,t262mw-3_1,1
T262MW-3,3/1/2002,38.82,t262mw-3_2,1
T262MW-3,4/15/2002,38.78,t262mw-3_3,1
T262MW-3,7/22/2002,37.72,t262mw-3_4,1
T262MW-3,11/11/2002,38.64,t262mw-3_5,1
T262MW-3,3/5/2003,38.5,t262mw-3_6,1
T262MW-3,2/25/2004,39.26,t262mw-3_7,1
T262MW-3,5/25/2004,38.22,t262mw-3_8,1
T262MW-3,8/31/2004,37.62,t262mw-3_9,1
T262MW-3,11/29/2004,38.49,t262mw-3_10,1
T262MW-3,3/3/2005,38.93,t262mw-3_11,1
T262MW-3,6/22/2005,37.51,t262mw-3_12,1
T262MW-3,9/23/2005,37.84,t262mw-3_13,1
T262MW-3,11/3/2005,38.09,t262mw-3_14,1
T262MW-3,2/23/2006,38.83,t262mw-3_15,1
T262MW-3,5/23/2006,37.97,t262mw-3_16,1
T262MW-3,8/4/2006,37.86,t262mw-3_17,1
T262MW-3,10/30/2006,37.72,t262mw-3_18,1
T262MW-3,2/2/2007,38.72,t262mw-3_19,1
T262MW-3,5/18/2007,38.2,t262mw-3_20,1
T262MW-3,7/5/2007,37.75,t262mw-3_21,1
T262MW-3,10/5/2007,37.84,t262mw-3_22,1
T284MW-1,3/13/2002,17.85,t284mw-1_1,1
T284MW-1,6/13/2002,15.9,t284mw-1_2,1
T284MW-1,9/16/2002,15.01,t284mw-1_3,1
T284MW-1,2/13/2003,17.06,t284mw-1_4,1
T284MW-1,5/28/2003,18.16,t284mw-1_5,1
T284MW-1,8/26/2003,15.71,t284mw-1_6,1
T284MW-1,11/24/2003,15.15,t284mw-1_7,1
T284MW-1,2/26/2004,18.55,t284mw-1_8,1
T284MW-1,5/13/2004,16.29,t284mw-1_9,1
T284MW-1,8/26/2004,14.18,t284mw-1_10,1
T284MW-1,11/19/2004,16.43,t284mw-1_11,1
T284MW-1,2/28/2005,17.6,t284mw-1_12,1
T284MW-1,5/26/2005,20.11,t284mw-1_13,1
T284MW-1,8/30/2005,17.33,t284mw-1_14,1
T284MW-1,11/22/2005,16.66,t284mw-1_15,1
T284MW-1,2/27/2006,19.22,t284mw-1_16,1
T284MW-1,5/25/2006,17.99,t284mw-1_17,1
T284MW-1,8/30/2006,17.91,t284mw-1_18,1
T293MW-1,12/28/2005,161.87,t293mw-1_1,0
T293MW-1,4/26/2006,162.48,t293mw-1_2,0
T293MW-1,6/27/2006,161.53,t293mw-1_3,0
T317MW-2,1/15/2008,5.81,t317mw-2_1,1
T317MW-2,4/23/2008,2.91,t317mw-2_2,1
T317MW-2,7/11/2008,2.46,t317mw-2_3,1
T317MW-2,10/16/2008,2.39,t317mw-2_4,1
T317MW-2,3/18/2009,5.9,t317mw-2_5,1
T317MW-2,3/26/2009,3,t317mw-2_6,1
T317MW-2,9/21/2009,2.46,t317mw-2_7,1
T317MW-2,9/24/2010,1.48,t317mw-2_8,1
T317MW-2,3/16/2011,8.53,t317mw-2_9,1
T317MW-4,3/26/2010,3.14,t317mw-4_1,1
T317MW-4,9/24/2010,1.68,t317mw-4_2,1
T317MW-4,3/16/2011,8.98,t317mw-4_3,1
T7200MW-4,9/30/2008,26.05,t7200mw-4_1,1
T7200MW-4,12/16/2008,25.09,t7200mw-4_2,1
T7200MW-4,3/10/2009,45.96,t7200mw-4_3,1
T7200MW-4,6/9/2009,41.78,t7200mw-4_4,1
T7200MW-4,1/8/2010,34.28,t7200mw-4_5,1
T7200MW-4,12/9/2010,37.21,t7200mw-4_6,1
T7200MW-4,6/7/2011,45.56,t7200mw-4_7,1
T7200MW-4,10/25/2011,35.08,t7200mw-4_8,1
T7200MW-4,4/25/2012,50.15,t7200mw-4_9,1
T7200MW-4,12/6/2012,37.13,t7200mw-4_10,1
T7200MW-4,4/9/2013,42.78,t7200mw-4_11,1
T7200MW-4,11/12/2013,23.26,t7200mw-4_12,1
T7200MW-4,6/4/2014,41.28,t7200mw-4_13,1
T7200MW-4,12/16/2014,41.45,t7200mw-4_14,1
T7200MW-4,6/11/2015,34.04,t7200mw-4_15,1
T7200MW-4,12/15/2015,22.61,t7200mw-4_16,1
T7200MW-4,3/30/2016,50.27,t7200mw-4_17,1
T7200MW-4,8/30/2016,25.26,t7200mw-4_18,1
T7200MW-4,3/23/2017,49.58,t7200mw-4_19,1
T7200MW-4,10/30/2017,22.66,t7200mw-4_20,1
T7200MW-4,3/12/2018,33.87,t7200mw-4_21,1
T7200MW8D,11/12/2013,20.61,t7200mw8d_1,1
T7200MW8D,6/4/2014,34.51,t7200mw8d_2,1
T7200MW8D,12/16/2014,36.98,t7200mw8d_3,1
T7200MW8D,6/11/2015,32.39,t7200mw8d_4,1
T7200MW8D,12/15/2015,22.17,t7200mw8d_5,1
T7200MW8D,3/30/2016,46.34,t7200mw8d_6,1
T7200MW8D,8/30/2016,23.5,t7200mw8d_7,1
T7200MW8D,3/23/2017,46.85,t7200mw8d_8,1
T7200MW8D,10/30/2017,21.09,t7200mw8d_9,1
T7200MW8D,3/12/2018,31,t7200mw8d_10,1
T7200MW8D,10/24/2018,19.02,t7200mw8d_11,1
T859MW-6,11/17/2003,40.27,t859mw-6_1,1
T859MW-6,2/19/2004,42.25,t859mw-6_2,1
W1,1/1/2009,128.476432,w1_1,1
W1,2/1/2009,139.176432,w1_2,1
W1,3/1/2009,151.001432,w1_3,1
W1,4/1/2009,149.226432,w1_4,1
W1,5/1/2009,146.076432,w1_5,1
W1,6/1/2009,148.396432,w1_6,1
W1,7/1/2009,150.476432,w1_7,1
W1,8/1/2009,143.326432,w1_8,1
W1,9/1/2009,134.126432,w1_9,1
W1,10/1/2009,136.576432,w1_10,1
W1,11/1/2009,143.951432,w1_11,1
W1,12/1/2009,143.901432,w1_12,1
W1,1/1/2010,147.201432,w1_13,1
W1,2/1/2010,152.201432,w1_14,1
W1,3/1/2010,154.516432,w1_15,1
W1,4/1/2010,154.451432,w1_16,1
W1,5/1/2010,153.851432,w1_17,1
W1,6/1/2010,152.596432,w1_18,1
W1,7/1/2010,148.776432,w1_19,1
W1,8/1/2010,144.826432,w1_20,1
W1,9/1/2010,142.051432,w1_21,1
W1,10/1/2010,137.876432,w1_22,1
W1,11/1/2010,145.626432,w1_23,1
W1,12/1/2010,147.876432,w1_24,1
W1,1/1/2011,153.376432,w1_25,1
W1,2/1/2011,153.676432,w1_26,1
W1,3/1/2011,157.256432,w1_27,1
W1,4/1/2011,157.276432,w1_28,1
W1,5/1/2011,154.026432,w1_29,1
W1,6/1/2011,152.876432,w1_30,1
W1,7/1/2011,149.276432,w1_31,1
W1,8/1/2011,145.301432,w1_32,1
W1,9/1/2011,142.451432,w1_33,1
W1,10/1/2011,141.626432,w1_34,1
W1,11/1/2011,142.276432,w1_35,1
W1,12/1/2011,144.526432,w1_36,1
W1,1/1/2012,146.536432,w1_37,1
W1,2/1/2012,148.396432,w1_38,1
W1,3/1/2012,150.026432,w1_39,1
W1,4/1/2012,153.516432,w1_40,1
W1,5/1/2012,152.2097653,w1_41,1
W1,6/1/2012,148.251432,w1_42,1
W1,7/1/2012,144.951432,w1_43,1
W1,8/1/2012,142.376432,w1_44,1
W1,11/1/2012,142.826432,w1_45,1
W1,12/1/2012,149.9430987,w1_46,1
W1,1/1/2013,153.7097653,w1_47,1
W1,2/1/2013,153.156432,w1_48,1
W1,3/1/2013,152.226432,w1_49,1
W1,4/1/2013,150.026432,w1_50,1
W1,5/1/2013,146.096432,w1_51,1
W1,6/1/2013,143.376432,w1_52,1
W1,7/1/2013,141.701432,w1_53,1
W1,8/1/2013,141.076432,w1_54,1
W1,9/1/2013,139.3430987,w1_55,1
W1,10/1/2013,138.0430987,w1_56,1
W1,11/1/2013,139.426432,w1_57,1
W1,12/1/2013,136.676432,w1_58,1
W1,1/1/2014,133.936432,w1_59,1
W1,2/1/2014,143.201432,w1_60,1
W1,3/1/2014,149.256432,w1_61,1
W1,4/1/2014,149.751432,w1_62,1
W1,5/1/2014,150.056432,w1_63,1
W1,6/1/2014,148.416432,w1_64,1
W1,7/1/2014,142.8430987,w1_65,1
W1,8/1/2014,132.426432,w1_66,1
W1,9/1/2014,124.426432,w1_67,1
W1,10/1/2014,123.7597653,w1_68,1
W1,11/1/2014,124.7097653,w1_69,1
W1,12/1/2014,143.076432,w1_70,1
W1,1/1/2015,150.751432,w1_71,1
W1,2/1/2015,151.801432,w1_72,1
W1,3/1/2015,152.001432,w1_73,1
W1,4/1/2015,148.596432,w1_74,1
W1,5/1/2015,145.936432,w1_75,1
W1,6/1/2015,146.996432,w1_76,1
W1,7/1/2015,143.876432,w1_77,1
W1,8/1/2015,134.676432,w1_78,1
W1,9/1/2015,128.976432,w1_79,1
W1,10/1/2015,123.676432,w1_80,1
W1,11/1/2015,130.751432,w1_81,1
W1,12/1/2015,138.551432,w1_82,1
W1,1/1/2016,148.376432,w1_83,1
W1,2/1/2016,151.056432,w1_84,1
W1,3/1/2016,155.6097653,w1_85,1
W1,4/1/2016,154.656432,w1_86,1
W1,5/1/2016,153.151432,w1_87,1
W1,6/1/2016,149.196432,w1_88,1
W1,7/1/2016,144.776432,w1_89,1
W1,8/1/2016,148.876432,w1_90,1
W1,9/1/2016,151.116432,w1_91,1
W1,10/1/2016,151.156432,w1_92,1
W1,11/1/2016,149.751432,w1_93,1
W1,12/1/2016,148.8097653,w1_94,1
W1,1/1/2017,157.251432,w1_95,1
W1,2/1/2017,159.416432,w1_96,1
W1,3/1/2017,156.6430987,w1_97,1
W1,4/1/2017,155.6097653,w1_98,1
W1,5/1/2017,154.136432,w1_99,1
W1,6/1/2017,152.916432,w1_100,1
W1,7/1/2017,151.296432,w1_101,1
W1,8/1/2017,146.776432,w1_102,1
W1,9/1/2017,143.696432,w1_103,1
W1,10/1/2017,141.8430987,w1_104,1
W1,11/1/2017,141.176432,w1_105,1
W1,12/1/2017,147.651432,w1_106,1
W1,1/1/2018,146.1097653,w1_107,1
W1,2/1/2018,146.4597653,w1_108,1
W1,3/1/2018,146.926432,w1_109,1
W1,4/1/2018,150.801432,w1_110,1
W1,5/1/2018,151.776432,w1_111,1
W1,6/1/2018,151.1097653,w1_112,1
W1,7/1/2018,146.651432,w1_113,1
W1,8/1/2018,142.176432,w1_114,1
W1,9/1/2018,141.4430987,w1_115,1
W1,10/1/2018,141.9097653,w1_116,1
W1,11/1/2018,142.576432,w1_117,1
W1,12/1/2018,147.1097653,w1_118,1
W1,1/1/2019,149.776432,w1_119,1
W1,2/1/2019,154.956432,w1_120,1
W1,3/1/2019,158.856432,w1_121,1
W1,4/1/2019,156.076432,w1_122,1
W1,5/1/2019,154.076432,w1_123,1
W1,6/1/2019,152.636432,w1_124,1
W1,7/1/2019,151.376432,w1_125,1
W1,8/1/2019,146.576432,w1_126,1
W1,9/1/2019,142.501432,w1_127,1
W2,3/1/2009,149.319787,w2_1,1
W2,4/1/2009,147.494787,w2_2,1
W2,5/1/2009,144.5364537,w2_3,1
W2,2/1/2010,150.894787,w2_4,1
W2,3/1/2010,153.369787,w2_5,1
W2,4/1/2010,153.294787,w2_6,1
W2,5/1/2010,152.519787,w2_7,1
W2,6/1/2010,150.809787,w2_8,1
W2,7/1/2010,147.289787,w2_9,1
W2,1/1/2011,152.069787,w2_10,1
W2,2/1/2011,151.844787,w2_11,1
W2,3/1/2011,156.729787,w2_12,1
W2,4/1/2011,156.989787,w2_13,1
W2,5/1/2011,152.969787,w2_14,1
W2,6/1/2011,151.149787,w2_15,1
W2,7/1/2011,148.049787,w2_16,1
W2,4/1/2012,151.389787,w2_17,1
W2,5/1/2012,150.6031203,w2_18,1
W2,6/1/2012,146.494787,w2_19,1
W2,7/1/2012,144.169787,w2_20,1
W2,12/1/2012,146.0364537,w2_21,1
W2,1/1/2013,152.869787,w2_22,1
W2,2/1/2013,151.209787,w2_23,1
W2,3/1/2013,150.169787,w2_24,1
W2,4/1/2013,148.119787,w2_25,1
W2,5/1/2013,145.169787,w2_26,1
W2,2/1/2014,143.669787,w2_27,1
W2,3/1/2014,144.689787,w2_28,1
W2,4/1/2014,145.294787,w2_29,1
W2,5/1/2014,145.129787,w2_30,1
W2,6/1/2014,145.294787,w2_31,1
W2,12/1/2014,146.769787,w2_32,1
W2,1/1/2015,147.719787,w2_33,1
W2,2/1/2015,148.194787,w2_34,1
W2,3/1/2015,149.644787,w2_35,1
W2,4/1/2015,146.549787,w2_36,1
W2,2/1/2016,148.449787,w2_37,1
W2,3/1/2016,153.669787,w2_38,1
W2,4/1/2016,154.069787,w2_39,1
W2,5/1/2016,151.369787,w2_40,1
W2,6/1/2016,147.889787,w2_41,1
W2,9/1/2016,145.869787,w2_42,1
W2,10/1/2016,146.409787,w2_43,1
W2,11/1/2016,146.694787,w2_44,1
W2,12/1/2016,146.269787,w2_45,1
W2,1/1/2017,156.569787,w2_46,1
W2,2/1/2017,159.949787,w2_47,1
W2,3/1/2017,156.5531203,w2_48,1
W2,4/1/2017,154.9031203,w2_49,1
W2,5/1/2017,152.629787,w2_50,1
W2,6/1/2017,150.729787,w2_51,1
W2,7/1/2017,149.149787,w2_52,1
W2,8/1/2017,145.2364537,w2_53,1
W2,5/1/2018,147.569787,w2_54,1
W2,6/1/2018,147.369787,w2_55,1
W2,7/1/2018,144.869787,w2_56,1
W2,1/1/2019,147.694787,w2_57,1
W2,2/1/2019,154.389787,w2_58,1
W2,3/1/2019,159.029787,w2_59,1
W2,4/1/2019,155.569787,w2_60,1
W2,5/1/2019,152.549787,w2_61,1
W2,6/1/2019,150.189787,w2_62,1
W2,7/1/2019,148.819787,w2_63,1
