WELLID,NNODES,Type,LOSSTYPE,PUMPLOC,Qlimit,PPFLAG,PUMPCAP,Rw,Rskin,Kskin,Ztop,Zbotm,ROW,COL,Hlim ,QCUT,cellid,x,y,layertop,layerbot,avgRate,maxRate,minRate
AG_01_001,-1,FMP_AG,SKIN,0,1,1,0,0.667,1.0,10.0,525.0,385.0,67,24,399.0,0.0,11904,6392189.6,1972328.8,1,1,-484.0175480454547,-0.04762,-5889.99676
AG_01_002,-1,FMP_AG,SKIN,0,1,1,0,0.667,1.0,10.0,364.0,296.0,50,18,303.0,0.0,8838,6386463.4,1979290.1,2,4,-17124.898591849047,-0.069051,-99608.47714
AG_01_003,-1,FMP_AG,SKIN,0,1,1,0,0.667,1.0,10.0,350.0,205.0,54,20,219.0,0.0,9560,6388087.1,1977752.8,2,5,-15226.362276408789,-0.069051,-45626.23979
AG_01_004,-1,FMP_AG,SKIN,0,1,1,0,0.667,1.0,10.0,346.0,274.0,54,28,281.0,0.0,9568,6391845.9,1979120.9,2,4,-15091.457323955961,-0.069051,-45626.23979
AG_01_005,-1,FMP_AG,SKIN,0,1,1,0,0.667,1.0,10.0,330.0,273.0,66,44,278.0,0.0,11744,6401415.6,1976218.9,2,3,-153.53943326729583,-0.069051,-1146.07999
AG_01_006,-1,FMP_AG,SKIN,0,1,1,0,0.667,1.0,10.0,366.0,259.0,50,23,270.0,0.0,8843,6388812.6,1980145.2,2,4,-15155.897646628915,-0.069051,-45626.23979
AG_01_007,-1,FMP_AG,SKIN,0,1,1,0,0.667,1.0,10.0,367.0,232.0,48,30,245.0,0.0,8490,6391759.5,1982282.0,2,5,-1236.0916904654093,-0.069051,-6315.11414
AG_01_008,-1,FMP_AG,SKIN,0,1,1,0,0.667,1.0,10.0,366.0,235.0,50,31,248.0,0.0,8851,6392571.4,1981513.3,2,5,-2457.8599143647807,-0.069051,-11818.777155
AG_01_009,-1,FMP_AG,SKIN,0,1,1,0,0.667,1.0,10.0,374.0,204.0,48,19,221.0,0.0,8479,6386591.2,1980400.9,2,6,-14978.564731959104,-0.069051,-45626.23979
AG_01_010,-1,FMP_AG,SKIN,0,1,1,0,0.667,1.0,10.0,366.0,298.0,50,33,305.0,0.0,8853,6393511.1,1981855.3,2,4,-313.3406796446542,-0.069051,-2340.94149
AG_01_011,-1,FMP_AG,SKIN,0,1,1,0,0.667,1.0,10.0,365.0,160.0,48,23,180.0,0.0,8483,6388470.6,1981084.9,2,6,-15083.02814055973,-0.069051,-45626.23979
AG_01_012,-1,FMP_AG,SKIN,0,1,1,0,0.667,1.0,10.0,369.0,297.0,47,32,304.0,0.0,8312,6392528.2,1983093.8,2,4,-347.3153442578616,-0.069051,-2346.51426
AG_01_013,-1,FMP_AG,SKIN,0,1,1,0,0.667,1.0,10.0,397.0,150.0,45,34,175.0,0.0,7954,6393125.9,1984375.5,2,7,-2971.927525591195,-0.069051,-14308.52102
AG_01_014,-1,FMP_AG,SKIN,0,1,1,0,0.667,1.0,10.0,548.0,172.0,41,20,209.0,0.0,7220,6385864.0,1983860.8,1,6,-2706.044134647799,-0.069051,-12162.22502
AG_01_015,-1,FMP_AG,SKIN,0,1,1,0,0.667,1.0,10.0,362.0,119.0,45,19,144.0,0.0,7939,6386078.2,1981810.4,3,7,-3049.2627764874223,-0.069051,-14308.52102
AG_01_016,-1,FMP_AG,SKIN,0,1,1,0,0.667,1.0,10.0,362.0,234.0,44,26,247.0,0.0,7766,6389196.1,1983477.3,3,5,-1219.5816594748433,-0.069051,-6064.0491
AG_01_017,-1,FMP_AG,SKIN,0,1,1,0,0.667,1.0,10.0,273.0,169.0,70,43,180.0,0.0,12463,6401629.7,1974168.5,2,5,-931.036046685534,-0.069051,-5162.952835
AG_01_018,-1,FMP_AG,SKIN,0,1,1,0,0.667,1.0,10.0,365.0,90.2,48,12,118.0,0.0,8472,6383302.3,1979203.8,3,7,-3761.076926283017,-0.069051,-20861.186325
AG_01_019,-1,FMP_AG,SKIN,0,1,1,0,0.667,1.0,10.0,323.0,116.0,53,31,136.0,0.0,9391,6393084.4,1980103.7,3,7,-2813.851863798742,-0.069051,-12989.88806
AG_01_020,-1,FMP_AG,SKIN,0,1,1,0,0.667,1.0,10.0,344.0,50.7,47,17,80.0,0.0,8297,6385480.5,1980528.7,3,8,-4041.0380132169803,-0.069051,-24350.989045
AG_01_021,-1,FMP_AG,SKIN,0,1,1,0,0.667,1.0,10.0,240.0,96.7,76,38,111.0,0.0,13538,6400306.6,1970494.3,2,6,-1820.5983563459126,-0.069051,-8024.463945
AG_01_022,-1,FMP_AG,SKIN,0,1,1,0,0.667,1.0,10.0,358.0,137.0,41,22,160.0,0.0,7222,6386803.7,1984202.8,3,7,-3037.350331518868,-0.069051,-14308.52102
AG_01_023,-1,FMP_AG,SKIN,0,1,1,0,0.667,1.0,10.0,295.0,153.0,55,23,167.0,0.0,9743,6389667.7,1977796.0,3,6,-1895.4793871163527,-0.069051,-8024.463945
AG_01_024,-1,FMP_AG,SKIN,0,1,1,0,0.667,1.0,10.0,236.0,118.0,68,42,130.0,0.0,12102,6400817.9,1974937.2,4,6,-1744.556131471699,-0.069051,-8024.463945
AG_01_025,-1,FMP_AG,SKIN,0,1,1,0,0.667,1.0,10.0,224.0,106.0,71,40,118.0,0.0,12640,6400391.2,1973185.6,3,6,-1762.8222719119508,-0.069051,-8024.463945
AG_01_026,-1,FMP_AG,SKIN,0,1,1,0,0.667,1.0,10.0,264.0,144.0,62,38,156.0,0.0,11018,6397912.4,1977072.2,4,6,-1747.7366760943405,-0.069051,-8024.463945
AG_01_027,-1,FMP_AG,SKIN,0,1,1,0,0.667,1.0,10.0,221.0,-100.0,79,36,-68.2,0.0,14076,6399879.9,1968742.8,4,8,-5307.9389391603745,-0.069051,-29631.003865
AG_01_028,-1,FMP_AG,SKIN,0,1,1,0,0.667,1.0,10.0,470.0,226.0,56,11,250.0,0.0,9911,6384200.5,1975274.0,1,6,-1510.5396643176098,-0.069051,-10480.50103
AG_01_029,-1,FMP_AG,SKIN,0,1,1,0,0.667,1.0,10.0,563.0,314.0,54,14,339.0,0.0,9554,6385268.0,1976726.7,1,4,-283.2995347264149,-0.069051,-5889.99676
AG_01_030,-1,FMP_AG,SKIN,0,1,1,0,0.667,1.0,10.0,436.0,175.0,59,13,201.0,0.0,10453,6385653.2,1974206.5,1,6,-2262.9820426823894,-0.069051,-10486.63397
AG_01_031,-1,FMP_AG,SKIN,0,1,1,0,0.667,1.0,10.0,115.0,32.1,67,45,40.4,0.0,11925,6402056.4,1975920.0,6,7,-1574.7443126194971,-0.069051,-7362.62997
AG_02_001,-1,FMP_AG,SKIN,0,1,1,0,0.667,1.0,10.0,238.0,-169.0,110,64,-128.0,0.0,19684,6418336.9,1958965.8,1,8,-2858.8181173781245,-0.120681,-6834.523405
AG_02_002,-1,FMP_AG,SKIN,0,1,1,0,0.667,1.0,10.0,261.0,52.0,106,62,72.9,0.0,18962,6416713.2,1960503.2,1,6,-2858.8181173781245,-0.120681,-6834.523405
AG_02_003,-1,FMP_AG,SKIN,0,1,1,0,0.667,1.0,10.0,236.0,11.0,92,53,33.5,0.0,16433,6410090.4,1965542.0,3,7,-2858.8181173781245,-0.120681,-6834.523405
AG_02_004,-1,FMP_AG,SKIN,0,1,1,0,0.667,1.0,10.0,252.0,-36.9,85,46,-7.98,0.0,15166,6405604.4,1967633.8,2,7,-2858.8181173781245,-0.120681,-6834.523405
AG_02_005,-1,FMP_AG,SKIN,0,1,1,0,0.667,1.0,10.0,205.0,24.0,100,66,42.1,0.0,17886,6417566.5,1964006.3,3,6,-2858.8181173781245,-0.120681,-6834.523405
AG_02_006,-1,FMP_AG,SKIN,0,1,1,0,0.667,1.0,10.0,260.0,-10.7,79,43,16.5,0.0,14083,6403168.8,1969939.9,2,7,-2858.8181173781245,-0.120681,-6834.523405
AG_02_007,-1,FMP_AG,SKIN,0,1,1,0,0.667,1.0,10.0,259.0,-11.6,81,51,15.5,0.0,14451,6407269.6,1970368.2,2,7,-2858.8181173781245,-0.120681,-6834.523405
AG_02_008,-1,FMP_AG,SKIN,0,1,1,0,0.667,1.0,10.0,255.0,-61.0,79,53,-29.4,0.0,14093,6407867.3,1971650.0,2,8,-2858.8181173781245,-0.120681,-6834.523405
AG_02_009,-1,FMP_AG,SKIN,0,1,1,0,0.667,1.0,10.0,195.0,-206.0,109,67,-166.0,0.0,19507,6419575.5,1959948.7,2,8,-2858.8181173781245,-0.120681,-6834.523405
AG_02_010,-1,FMP_AG,SKIN,0,1,1,0,0.667,1.0,10.0,237.0,1.43,105,62,25.0,0.0,18782,6416542.2,1960973.0,2,6,-2858.8181173781245,-0.120681,-6834.523405
AG_02_011,-1,FMP_AG,SKIN,0,1,1,0,0.667,1.0,10.0,235.0,-65.3,82,50,-35.3,0.0,14630,6406970.8,1969727.4,3,8,-2858.8181173781245,-0.120681,-6834.523405
AG_02_012,-1,FMP_AG,SKIN,0,1,1,0,0.667,1.0,10.0,239.0,-61.2,83,49,-31.2,0.0,14809,6406672.0,1969086.5,3,7,-2858.8181173781245,-0.120681,-6834.523405
AG_02_013,-1,FMP_AG,SKIN,0,1,1,0,0.667,1.0,10.0,223.0,-87.6,83,53,-56.5,0.0,14813,6408551.3,1969770.6,3,8,-2858.8181173781245,-0.120681,-6834.523405
AG_02_014,-1,FMP_AG,SKIN,0,1,1,0,0.667,1.0,10.0,269.0,-53.6,75,44,-21.3,0.0,13364,6402954.6,1971990.3,2,8,-2858.8181173781245,-0.120681,-6834.523405
AG_02_015,-1,FMP_AG,SKIN,0,1,1,0,0.667,1.0,10.0,238.0,-85.6,83,46,-53.2,0.0,14806,6405262.4,1968573.5,3,8,-2858.8181173781245,-0.120681,-6834.523405
AG_02_016,-1,FMP_AG,SKIN,0,1,1,0,0.667,1.0,10.0,240.0,-83.6,81,44,-51.2,0.0,14444,6403980.7,1969171.2,3,8,-2858.8181173781245,-0.120681,-6834.523405
AG_02_017,-1,FMP_AG,SKIN,0,1,1,0,0.667,1.0,10.0,255.0,141.0,78,38,153.0,0.0,13898,6400648.6,1969554.7,2,5,-2858.8181173781245,-0.120681,-6834.523405
AG_02_018,-1,FMP_AG,SKIN,0,1,1,0,0.667,1.0,10.0,198.0,3.87,95,62,23.3,0.0,16982,6414832.1,1965671.5,3,6,-2858.8181173781245,-0.120681,-6834.523405
AG_02_019,-1,FMP_AG,SKIN,0,1,1,0,0.667,1.0,10.0,214.0,-188.0,83,48,-148.0,0.0,14808,6406202.1,1968915.5,3,9,-2858.8181173781245,-0.120681,-6834.523405
AG_02_020,-1,FMP_AG,SKIN,0,1,1,0,0.667,1.0,10.0,198.0,-0.173,98,61,19.6,0.0,17521,6414875.3,1964091.0,3,7,-2858.8181173781245,-0.120681,-6834.523405
AG_02_021,-1,FMP_AG,SKIN,0,1,1,0,0.667,1.0,10.0,210.0,-85.9,81,55,-56.3,0.0,14455,6409149.0,1971052.3,3,8,-2858.8181173781245,-0.120681,-6834.523405
AG_02_022,-1,FMP_AG,SKIN,0,1,1,0,0.667,1.0,10.0,180.0,-117.0,105,64,-87.0,0.0,18784,6417481.9,1961315.1,3,8,-2858.8181173781245,-0.120681,-6834.523405
AG_02_023,-1,FMP_AG,SKIN,0,1,1,0,0.667,1.0,10.0,230.0,69.0,80,40,85.1,0.0,14260,6401930.3,1968957.0,3,6,-2858.8181173781245,-0.120681,-6834.523405
AG_02_024,-1,FMP_AG,SKIN,0,1,1,0,0.667,1.0,10.0,162.0,-223.0,105,65,-185.0,0.0,18785,6417951.7,1961486.1,4,9,-2858.8181173781245,-0.120681,-6834.523405
AG_02_025,-1,FMP_AG,SKIN,0,1,1,0,0.667,1.0,10.0,202.0,3.82,85,50,23.6,0.0,15170,6407483.8,1968317.9,4,7,-2858.8181173781245,-0.120681,-6834.523405
AG_02_026,-1,FMP_AG,SKIN,0,1,1,0,0.667,1.0,10.0,226.0,-79.4,107,61,-48.9,0.0,19141,6416414.4,1959862.3,3,7,-2858.8181173781245,-0.120681,-6834.523405
AG_02_027,-1,FMP_AG,SKIN,0,1,1,0,0.667,1.0,10.0,198.0,-96.7,85,51,-67.2,0.0,15171,6407953.7,1968488.9,4,8,-2858.8181173781245,-0.120681,-6834.523405
AG_02_028,-1,FMP_AG,SKIN,0,1,1,0,0.667,1.0,10.0,210.0,-102.0,110,61,-70.4,0.0,19681,6416927.4,1958452.8,3,8,-2858.8181173781245,-0.120681,-6834.523405
AG_02_029,-1,FMP_AG,SKIN,0,1,1,0,0.667,1.0,10.0,194.0,-97.3,87,51,-68.2,0.0,15531,6408295.7,1967549.2,4,8,-2858.8181173781245,-0.120681,-6834.523405
AG_02_030,-1,FMP_AG,SKIN,0,1,1,0,0.667,1.0,10.0,192.0,-12.6,94,57,7.88,0.0,16797,6412311.8,1965286.3,4,7,-2858.8181173781245,-0.120681,-6834.523405
AG_02_031,-1,FMP_AG,SKIN,0,1,1,0,0.667,1.0,10.0,179.0,-27.2,91,63,-6.55,0.0,16263,6414617.9,1967721.9,4,7,-2858.8181173781245,-0.120681,-6834.523405
AG_02_032,-1,FMP_AG,SKIN,0,1,1,0,0.667,1.0,10.0,202.0,-72.7,82,41,-45.2,0.0,14621,6402742.2,1968188.3,4,8,-2858.8181173781245,-0.120681,-6834.523405
AG_02_033,-1,FMP_AG,SKIN,0,1,1,0,0.667,1.0,10.0,231.0,-53.9,82,62,-25.4,0.0,14642,6412608.9,1971779.5,4,8,-2858.8181173781245,-0.120681,-6834.523405
AG_02_034,-1,FMP_AG,SKIN,0,1,1,0,0.667,1.0,10.0,152.0,-194.0,101,62,-159.0,0.0,18062,6415858.1,1962852.4,4,8,-2858.8181173781245,-0.120681,-6834.523405
AG_02_035,-1,FMP_AG,SKIN,0,1,1,0,0.667,1.0,10.0,141.0,-74.4,99,66,-52.9,0.0,17706,6417395.5,1964476.2,4,7,-2858.8181173781245,-0.120681,-6834.523405
AG_02_036,-1,FMP_AG,SKIN,0,1,1,0,0.667,1.0,10.0,187.0,-175.0,109,62,-139.0,0.0,19502,6417226.2,1959093.7,3,8,-2858.8181173781245,-0.120681,-6834.523405
AG_02_037,-1,FMP_AG,SKIN,0,1,1,0,0.667,1.0,10.0,178.0,-131.0,84,47,-100.0,0.0,14987,6405903.3,1968274.7,4,8,-2858.8181173781245,-0.120681,-6834.523405
AG_02_038,-1,FMP_AG,SKIN,0,1,1,0,0.667,1.0,10.0,174.0,-134.0,87,61,-104.0,0.0,15541,6412994.2,1969259.3,4,8,-2858.8181173781245,-0.120681,-6834.523405
AG_02_039,-1,FMP_AG,SKIN,0,1,1,0,0.667,1.0,10.0,176.0,-132.0,87,62,-101.0,0.0,15542,6413464.0,1969430.3,4,8,-2858.8181173781245,-0.120681,-6834.523405
AG_02_040,-1,FMP_AG,SKIN,0,1,1,0,0.667,1.0,10.0,201.0,-107.0,83,62,-75.9,0.0,14822,6412780.0,1971309.7,4,8,-2858.8181173781245,-0.120681,-6834.523405
AG_02_041,-1,FMP_AG,SKIN,0,1,1,0,0.667,1.0,10.0,187.0,-85.6,81,58,-58.3,0.0,14458,6410558.6,1971565.3,4,8,-2858.8181173781245,-0.120681,-6834.523405
AG_02_042,-1,FMP_AG,SKIN,0,1,1,0,0.667,1.0,10.0,138.0,-82.3,95,64,-60.3,0.0,16984,6415771.8,1966013.5,4,7,-2858.8181173781245,-0.120681,-6834.523405
AG_02_043,-1,FMP_AG,SKIN,0,1,1,0,0.667,1.0,10.0,150.0,-171.0,87,54,-139.0,0.0,15534,6409705.2,1968062.2,4,8,-2858.8181173781245,-0.120681,-6834.523405
AG_02_044,-1,FMP_AG,SKIN,0,1,1,0,0.667,1.0,10.0,154.0,-167.0,88,58,-135.0,0.0,15718,6411755.6,1968276.4,4,8,-2858.8181173781245,-0.120681,-6834.523405
AG_02_045,-1,FMP_AG,SKIN,0,1,1,0,0.667,1.0,10.0,152.0,-211.0,107,64,-175.0,0.0,19144,6417823.9,1960375.4,4,8,-2858.8181173781245,-0.120681,-6834.523405
AG_02_046,-1,FMP_AG,SKIN,0,1,1,0,0.667,1.0,10.0,108.0,-195.0,107,66,-165.0,0.0,19146,6418763.6,1960717.4,5,8,-2858.8181173781245,-0.120681,-6834.523405
AG_02_047,-1,FMP_AG,SKIN,0,1,1,0,0.667,1.0,10.0,112.0,-192.0,102,67,-161.0,0.0,18247,6418378.4,1963237.6,5,8,-2858.8181173781245,-0.120681,-6834.523405
AG_02_048,-1,FMP_AG,SKIN,0,1,1,0,0.667,1.0,10.0,179.0,-84.6,83,61,-58.2,0.0,14821,6412310.1,1971138.7,5,8,-2858.8181173781245,-0.120681,-6834.523405
AG_02_049,-1,FMP_AG,SKIN,0,1,1,0,0.667,1.0,10.0,137.0,-90.6,93,58,-67.8,0.0,16618,6412610.7,1965927.2,5,8,-2858.8181173781245,-0.120681,-6834.523405
AG_02_050,-1,FMP_AG,SKIN,0,1,1,0,0.667,1.0,10.0,128.0,-204.0,90,54,-171.0,0.0,16074,6410218.3,1966652.7,5,9,-2858.8181173781245,-0.120681,-6834.523405
AG_02_051,-1,FMP_AG,SKIN,0,1,1,0,0.667,1.0,10.0,151.0,-182.0,95,56,-149.0,0.0,16976,6412013.0,1964645.4,5,8,-2858.8181173781245,-0.120681,-6834.523405
AG_02_052,-1,FMP_AG,SKIN,0,1,1,0,0.667,1.0,10.0,96.3,-430.0,103,64,-377.0,0.0,18424,6417139.9,1962254.8,5,10,-2858.8181173781245,-0.120681,-6834.523405
AG_02_053,-1,FMP_AG,SKIN,0,1,1,0,0.667,1.0,10.0,108.0,-88.6,98,68,-68.9,0.0,17528,6418164.2,1965288.0,5,7,-2858.8181173781245,-0.120681,-6834.523405
AG_02_054,-1,FMP_AG,SKIN,0,1,1,0,0.667,1.0,10.0,136.0,-185.0,86,47,-153.0,0.0,15347,6406245.3,1967335.0,5,8,-2858.8181173781245,-0.120681,-6834.523405
AG_02_055,-1,FMP_AG,SKIN,0,1,1,0,0.667,1.0,10.0,130.0,-108.0,97,60,-84.7,0.0,17340,6414234.4,1964389.8,5,8,-2858.8181173781245,-0.120681,-6834.523405
AG_02_056,-1,FMP_AG,SKIN,0,1,1,0,0.667,1.0,10.0,146.0,-91.9,96,57,-68.1,0.0,17157,6412653.9,1964346.6,5,8,-2858.8181173781245,-0.120681,-6834.523405
AG_02_057,-1,FMP_AG,SKIN,0,1,1,0,0.667,1.0,10.0,95.5,-147.0,94,64,-122.0,0.0,16804,6415600.8,1966483.4,5,8,-2858.8181173781245,-0.120681,-6834.523405
AG_02_058,-1,FMP_AG,SKIN,0,1,1,0,0.667,1.0,10.0,94.6,-151.0,93,62,-127.0,0.0,16622,6414490.1,1966611.2,5,8,-2858.8181173781245,-0.120681,-6834.523405
AG_02_059,-1,FMP_AG,SKIN,0,1,1,0,0.667,1.0,10.0,132.0,-211.0,108,64,-177.0,0.0,19324,6417994.9,1959905.5,4,8,-2858.8181173781245,-0.120681,-6834.523405
AG_02_060,-1,FMP_AG,SKIN,0,1,1,0,0.667,1.0,10.0,84.1,-172.0,91,59,-146.0,0.0,16259,6412738.5,1967037.9,5,8,-2858.8181173781245,-0.120681,-6834.523405
AG_02_061,-1,FMP_AG,SKIN,0,1,1,0,0.667,1.0,10.0,56.8,-203.0,96,65,-177.0,0.0,17165,6416412.6,1965714.7,6,8,-2858.8181173781245,-0.120681,-6834.523405
AG_02_062,-1,FMP_AG,SKIN,0,1,1,0,0.667,1.0,10.0,41.4,-221.0,102,66,-194.0,0.0,18246,6417908.5,1963066.6,6,9,-2858.8181173781245,-0.120681,-6834.523405
AG_03_001,-1,FMP_AG,SKIN,0,1,1,0,0.667,1.0,10.0,817.0,738.0,70,23,746.0,0.0,12443,6392232.8,1970748.3,1,1,,,
AG_03_002,-1,FMP_AG,SKIN,0,1,1,0,0.667,1.0,10.0,354.0,255.0,56,34,264.0,0.0,9934,6395007.0,1979207.2,2,4,-750.501139903537,-0.253955,-3404.12722
AG_03_003,-1,FMP_AG,SKIN,0,1,1,0,0.667,1.0,10.0,365.0,232.0,53,34,245.0,0.0,9394,6394494.0,1980616.8,2,5,-2101.4471268070724,-0.253955,-4948.279265
AG_03_004,-1,FMP_AG,SKIN,0,1,1,0,0.667,1.0,10.0,340.0,275.0,66,49,282.0,0.0,11749,6403764.8,1977073.9,2,4,-200.52025266237945,-0.253955,-1614.869505
AG_03_005,-1,FMP_AG,SKIN,0,1,1,0,0.667,1.0,10.0,224.0,31.7,97,70,50.9,0.0,17350,6418932.9,1966099.9,3,6,-2272.029790774918,-0.253955,-5767.383215
AG_03_006,-1,FMP_AG,SKIN,0,1,1,0,0.667,1.0,10.0,220.0,36.8,93,64,55.1,0.0,16624,6415429.7,1966953.2,3,6,-2272.029790774918,-0.253955,-5767.383215
AG_03_007,-1,FMP_AG,SKIN,0,1,1,0,0.667,1.0,10.0,263.0,-53.7,76,45,-22.0,0.0,13545,6403595.5,1971691.4,3,8,-2272.029790774918,-0.253955,-5767.383215
AG_03_008,-1,FMP_AG,SKIN,0,1,1,0,0.667,1.0,10.0,279.0,-38.5,77,47,-6.77,0.0,13727,6404706.2,1971563.6,2,7,-2272.029790774918,-0.253955,-5767.383215
AG_03_009,-1,FMP_AG,SKIN,0,1,1,0,0.667,1.0,10.0,284.0,-33.3,75,45,-1.57,0.0,13365,6403424.5,1972161.3,2,7,-2272.029790774918,-0.253955,-5767.383215
AG_03_010,-1,FMP_AG,SKIN,0,1,1,0,0.667,1.0,10.0,236.0,-38.3,95,54,-10.9,0.0,16974,6411073.3,1964303.4,3,7,-2272.029790774918,-0.253955,-5767.383215
AG_03_011,-1,FMP_AG,SKIN,0,1,1,0,0.667,1.0,10.0,236.0,-87.6,82,46,-55.2,0.0,14626,6405091.4,1969043.3,3,8,-2272.029790774918,-0.253955,-5767.383215
AG_03_012,-1,FMP_AG,SKIN,0,1,1,0,0.667,1.0,10.0,486.0,383.0,60,40,394.0,0.0,10660,6398510.1,1978353.9,1,1,-2.9490969999999996,-1e-05,-8.842557
AG_03_013,-1,FMP_AG,SKIN,0,1,1,0,0.667,1.0,10.0,439.0,231.0,49,37,252.0,0.0,8677,6395219.5,1983009.2,1,5,-2202.2222589903517,-0.253955,-5602.592975
AG_03_014,-1,FMP_AG,SKIN,0,1,1,0,0.667,1.0,10.0,246.0,-134.0,79,49,-96.4,0.0,14089,6405987.9,1970965.9,3,8,-2272.029790774918,-0.253955,-5767.383215
AG_03_015,-1,FMP_AG,SKIN,0,1,1,0,0.667,1.0,10.0,384.0,67.6,43,14,99.2,0.0,7574,6383386.9,1981895.0,3,8,-2272.029790774918,-0.253955,-5767.383215
AG_03_016,-1,FMP_AG,SKIN,0,1,1,0,0.667,1.0,10.0,372.0,68.8,86,64,99.1,0.0,15364,6414232.7,1970242.1,1,6,-2272.029790774918,-0.253955,-5767.383215
AG_03_017,-1,FMP_AG,SKIN,0,1,1,0,0.667,1.0,10.0,392.0,281.0,65,42,292.0,0.0,11562,6400304.8,1976346.7,1,3,-93.5089713954984,-0.253955,-1099.227395
AG_03_018,-1,FMP_AG,SKIN,0,1,1,0,0.667,1.0,10.0,277.0,-56.0,79,64,-22.7,0.0,14104,6413035.6,1973531.1,3,8,-2272.029790774918,-0.253955,-5767.383215
AG_03_019,-1,FMP_AG,SKIN,0,1,1,0,0.667,1.0,10.0,774.0,302.0,70,19,349.0,0.0,12439,6390353.4,1970064.2,1,4,-441.0410532829578,-0.253955,-4697.33195
AG_03_020,-1,FMP_AG,SKIN,0,1,1,0,0.667,1.0,10.0,327.0,25.3,81,36,55.5,0.0,14436,6400221.9,1967803.1,1,7,-2272.029790774918,-0.253955,-5767.383215
AG_03_021,-1,FMP_AG,SKIN,0,1,1,0,0.667,1.0,10.0,260.0,50.2,91,64,71.2,0.0,16264,6415087.7,1967892.9,2,6,-2272.029790774918,-0.253955,-5767.383215
AG_03_022,-1,FMP_AG,SKIN,0,1,1,0,0.667,1.0,10.0,236.0,140.0,71,45,149.0,0.0,12645,6402740.4,1974040.6,4,5,-1819.4940588520897,-0.253955,-5286.129725
AG_03_023,-1,FMP_AG,SKIN,0,1,1,0,0.667,1.0,10.0,186.0,-30.2,94,68,-8.6,0.0,16808,6417480.1,1967167.4,4,7,-2272.029790774918,-0.253955,-5767.383215
AG_03_024,-1,FMP_AG,SKIN,0,1,1,0,0.667,1.0,10.0,370.0,245.0,64,40,258.0,0.0,11380,6399194.1,1976474.5,1,4,-525.3727843890675,-0.253955,-2403.84877
AG_03_025,-1,FMP_AG,SKIN,0,1,1,0,0.667,1.0,10.0,227.0,-81.1,82,64,-50.3,0.0,14644,6413548.6,1972121.5,4,8,-2272.029790774918,-0.253955,-5767.383215
AG_03_026,-1,FMP_AG,SKIN,0,1,1,0,0.667,1.0,10.0,203.0,-67.8,80,60,-40.7,0.0,14280,6411327.2,1972377.2,4,8,-2272.029790774918,-0.253955,-5767.383215
AG_03_027,-1,FMP_AG,SKIN,0,1,1,0,0.667,1.0,10.0,138.0,-89.9,93,65,-67.1,0.0,16625,6415899.6,1967124.2,5,8,-2272.029790774918,-0.253955,-5767.383215
AG_03_028,-1,FMP_AG,SKIN,0,1,1,0,0.667,1.0,10.0,92.3,-105.0,100,69,-85.0,0.0,17889,6418976.1,1964519.3,5,8,-2272.029790774918,-0.253955,-5767.383215
AG_03_029,-1,FMP_AG,SKIN,0,1,1,0,0.667,1.0,10.0,90.0,-109.0,99,70,-89.1,0.0,17710,6419274.9,1965160.2,5,8,-2272.029790774918,-0.253955,-5767.383215
AG_03_030,-1,FMP_AG,SKIN,0,1,1,0,0.667,1.0,10.0,120.0,-236.0,86,63,-200.0,0.0,15363,6413762.8,1970071.1,5,9,-2272.029790774918,-0.253955,-5767.383215
AG_03_031,-1,FMP_AG,SKIN,0,1,1,0,0.667,1.0,10.0,99.6,-257.0,89,63,-222.0,0.0,15903,6414275.9,1968661.6,5,9,-2272.029790774918,-0.253955,-5767.383215
AG_03_032,-1,FMP_AG,SKIN,0,1,1,0,0.667,1.0,10.0,150.0,63.4,71,46,72.1,0.0,12646,6403210.3,1974211.7,5,7,-2272.029790774918,-0.253955,-5767.383215
AG_04_001,-1,FMP_AG,SKIN,0,1,1,0,0.667,1.0,10.0,155.0,-159.0,151,83,-128.0,0.0,27083,6434275.4,1942951.3,2,7,-1613.9047609818747,-0.150969,-3756.35384
AG_04_002,-1,FMP_AG,SKIN,0,1,1,0,0.667,1.0,10.0,160.0,-154.0,151,81,-123.0,0.0,27081,6433335.7,1942609.3,2,7,-1613.9047609818747,-0.150969,-3756.35384
AG_04_003,-1,FMP_AG,SKIN,0,1,1,0,0.667,1.0,10.0,154.0,-160.0,146,86,-129.0,0.0,26186,6434829.9,1945813.6,2,7,-1613.9047609818747,-0.150969,-3756.35384
AG_04_004,-1,FMP_AG,SKIN,0,1,1,0,0.667,1.0,10.0,173.0,1.35,155,75,18.6,0.0,27795,6431200.7,1939703.9,3,6,-1613.9047609818747,-0.150969,-3756.35384
AG_04_005,-1,FMP_AG,SKIN,0,1,1,0,0.667,1.0,10.0,139.0,-207.0,153,85,-173.0,0.0,27445,6435557.1,1942353.7,3,8,-1613.9047609818747,-0.150969,-3756.35384
AG_04_006,-1,FMP_AG,SKIN,0,1,1,0,0.667,1.0,10.0,149.0,35.2,151,82,46.6,0.0,27082,6433805.6,1942780.3,3,5,-1613.9047609818747,-0.150969,-3756.35384
AG_04_007,-1,FMP_AG,SKIN,0,1,1,0,0.667,1.0,10.0,141.0,-67.5,148,89,-46.7,0.0,26549,6436581.5,1945386.9,2,6,-1613.9047609818747,-0.150969,-3756.35384
AG_04_008,-1,FMP_AG,SKIN,0,1,1,0,0.667,1.0,10.0,149.0,-110.0,145,84,-83.8,0.0,26004,6433719.2,1945941.4,2,7,-1613.9047609818747,-0.150969,-3756.35384
AG_04_009,-1,FMP_AG,SKIN,0,1,1,0,0.667,1.0,10.0,179.0,-221.0,113,69,-181.0,0.0,20229,6421199.2,1958411.3,3,8,-1613.9047609818747,-0.150969,-3756.35384
AG_04_010,-1,FMP_AG,SKIN,0,1,1,0,0.667,1.0,10.0,136.0,-74.1,149,81,-53.1,0.0,26721,6432993.7,1943549.0,3,7,-1613.9047609818747,-0.150969,-3756.35384
AG_04_011,-1,FMP_AG,SKIN,0,1,1,0,0.667,1.0,10.0,179.0,33.8,131,70,48.3,0.0,23470,6424747.2,1950125.1,3,5,-1613.9047609818747,-0.150969,-3756.35384
AG_04_012,-1,FMP_AG,SKIN,0,1,1,0,0.667,1.0,10.0,177.0,-309.0,159,71,-260.0,0.0,28511,6430005.3,1937140.4,3,9,-1613.9047609818747,-0.150969,-3756.35384
AG_04_013,-1,FMP_AG,SKIN,0,1,1,0,0.667,1.0,10.0,134.0,-123.0,154,80,-97.1,0.0,27620,6433378.9,1941028.8,3,7,-1613.9047609818747,-0.150969,-3756.35384
AG_04_014,-1,FMP_AG,SKIN,0,1,1,0,0.667,1.0,10.0,206.0,-64.1,112,62,-37.1,0.0,20042,6417739.2,1957684.1,3,7,-1613.9047609818747,-0.150969,-3756.35384
AG_04_015,-1,FMP_AG,SKIN,0,1,1,0,0.667,1.0,10.0,264.0,-20.5,139,64,7.86,0.0,24904,6423296.2,1945340.3,1,7,-1613.9047609818747,-0.150969,-3756.35384
AG_04_016,-1,FMP_AG,SKIN,0,1,1,0,0.667,1.0,10.0,237.0,-46.6,141,64,-18.2,0.0,25264,6423638.2,1944400.6,2,7,-1613.9047609818747,-0.150969,-3756.35384
AG_04_017,-1,FMP_AG,SKIN,0,1,1,0,0.667,1.0,10.0,125.0,-379.0,149,84,-329.0,0.0,26724,6434403.2,1944062.0,3,9,-1613.9047609818747,-0.150969,-3756.35384
AG_04_018,-1,FMP_AG,SKIN,0,1,1,0,0.667,1.0,10.0,112.0,-355.0,152,85,-308.0,0.0,27265,6435386.1,1942823.5,3,9,-1613.9047609818747,-0.150969,-3756.35384
AG_04_019,-1,FMP_AG,SKIN,0,1,1,0,0.667,1.0,10.0,143.0,-83.7,129,73,-61.0,0.0,23113,6425814.7,1951577.8,3,7,-1613.9047609818747,-0.150969,-3756.35384
AG_04_020,-1,FMP_AG,SKIN,0,1,1,0,0.667,1.0,10.0,162.0,-158.0,138,73,-126.0,0.0,24733,6427353.8,1947349.2,3,8,-1613.9047609818747,-0.150969,-3756.35384
AG_04_021,-1,FMP_AG,SKIN,0,1,1,0,0.667,1.0,10.0,173.0,-156.0,149,69,-123.0,0.0,26709,6427355.5,1941496.9,3,8,-1613.9047609818747,-0.150969,-3756.35384
AG_04_022,-1,FMP_AG,SKIN,0,1,1,0,0.667,1.0,10.0,138.0,-88.3,125,70,-65.7,0.0,22390,6423721.2,1952944.2,3,7,-1613.9047609818747,-0.150969,-3756.35384
AG_04_023,-1,FMP_AG,SKIN,0,1,1,0,0.667,1.0,10.0,137.0,-107.0,144,77,-82.7,0.0,25817,6430259.3,1945214.2,3,7,-1613.9047609818747,-0.150969,-3756.35384
AG_04_024,-1,FMP_AG,SKIN,0,1,1,0,0.667,1.0,10.0,146.0,-128.0,119,67,-101.0,0.0,21307,6421285.6,1955250.2,3,8,-1613.9047609818747,-0.150969,-3756.35384
AG_04_025,-1,FMP_AG,SKIN,0,1,1,0,0.667,1.0,10.0,161.0,-141.0,156,70,-111.0,0.0,27970,6429022.5,1938379.0,3,8,-1613.9047609818747,-0.150969,-3756.35384
AG_04_026,-1,FMP_AG,SKIN,0,1,1,0,0.667,1.0,10.0,166.0,-56.6,122,63,-34.3,0.0,21843,6419919.2,1953156.7,3,7,-1613.9047609818747,-0.150969,-3756.35384
AG_04_027,-1,FMP_AG,SKIN,0,1,1,0,0.667,1.0,10.0,144.0,-78.9,122,65,-56.6,0.0,21845,6420858.9,1953498.7,3,7,-1613.9047609818747,-0.150969,-3756.35384
AG_04_028,-1,FMP_AG,SKIN,0,1,1,0,0.667,1.0,10.0,192.0,-30.6,121,64,-8.31,0.0,21664,6420218.0,1953797.5,2,7,-1613.9047609818747,-0.150969,-3756.35384
AG_04_029,-1,FMP_AG,SKIN,0,1,1,0,0.667,1.0,10.0,211.0,-12.0,120,64,10.3,0.0,21484,6420047.0,1954267.4,2,6,-1613.9047609818747,-0.150969,-3756.35384
AG_04_030,-1,FMP_AG,SKIN,0,1,1,0,0.667,1.0,10.0,151.0,-72.2,119,65,-49.9,0.0,21305,6420345.9,1954908.2,3,7,-1613.9047609818747,-0.150969,-3756.35384
AG_04_031,-1,FMP_AG,SKIN,0,1,1,0,0.667,1.0,10.0,148.0,-75.5,121,66,-53.2,0.0,21666,6421157.7,1954139.5,3,7,-1613.9047609818747,-0.150969,-3756.35384
AG_04_032,-1,FMP_AG,SKIN,0,1,1,0,0.667,1.0,10.0,138.0,-84.7,121,67,-62.4,0.0,21667,6421627.6,1954310.6,3,7,-1613.9047609818747,-0.150969,-3756.35384
AG_04_033,-1,FMP_AG,SKIN,0,1,1,0,0.667,1.0,10.0,143.0,-80.5,120,67,-58.2,0.0,21487,6421456.6,1954780.4,3,7,-1613.9047609818747,-0.150969,-3756.35384
AG_04_034,-1,FMP_AG,SKIN,0,1,1,0,0.667,1.0,10.0,213.0,-136.0,143,63,-101.0,0.0,25623,6423510.4,1943289.9,3,8,-1613.9047609818747,-0.150969,-3756.35384
AG_04_035,-1,FMP_AG,SKIN,0,1,1,0,0.667,1.0,10.0,212.0,-138.0,143,63,-103.0,0.0,25623,6423510.4,1943289.9,3,8,-1613.9047609818747,-0.150969,-3756.35384
AG_04_036,-1,FMP_AG,SKIN,0,1,1,0,0.667,1.0,10.0,123.0,-143.0,147,79,-117.0,0.0,26359,6431712.0,1944146.7,3,7,-1613.9047609818747,-0.150969,-3756.35384
AG_04_037,-1,FMP_AG,SKIN,0,1,1,0,0.667,1.0,10.0,116.0,-150.0,144,82,-124.0,0.0,25822,6432608.5,1946069.2,3,7,-1613.9047609818747,-0.150969,-3756.35384
AG_04_038,-1,FMP_AG,SKIN,0,1,1,0,0.667,1.0,10.0,118.0,-148.0,147,81,-121.0,0.0,26361,6432651.7,1944488.7,3,7,-1613.9047609818747,-0.150969,-3756.35384
AG_04_039,-1,FMP_AG,SKIN,0,1,1,0,0.667,1.0,10.0,95.2,-123.0,167,75,-101.0,0.0,29955,6433252.8,1934065.7,4,7,-1613.9047609818747,-0.150969,-3756.35384
AG_04_040,-1,FMP_AG,SKIN,0,1,1,0,0.667,1.0,10.0,131.0,-104.0,126,65,-80.1,0.0,22565,6421542.9,1951619.3,4,7,-1613.9047609818747,-0.150969,-3756.35384
AG_04_041,-1,FMP_AG,SKIN,0,1,1,0,0.667,1.0,10.0,141.0,-61.8,117,66,-41.5,0.0,20946,6420473.7,1956018.9,4,7,-1613.9047609818747,-0.150969,-3756.35384
AG_04_042,-1,FMP_AG,SKIN,0,1,1,0,0.667,1.0,10.0,147.0,-61.5,113,66,-40.7,0.0,20226,6419789.6,1957898.3,4,7,-1613.9047609818747,-0.150969,-3756.35384
AG_04_043,-1,FMP_AG,SKIN,0,1,1,0,0.667,1.0,10.0,87.0,-152.0,162,84,-128.0,0.0,29064,6436626.4,1937954.0,4,7,-1613.9047609818747,-0.150969,-3756.35384
AG_04_044,-1,FMP_AG,SKIN,0,1,1,0,0.667,1.0,10.0,139.0,-191.0,155,73,-158.0,0.0,27793,6430261.0,1939361.8,4,8,-1613.9047609818747,-0.150969,-3756.35384
AG_04_045,-1,FMP_AG,SKIN,0,1,1,0,0.667,1.0,10.0,105.0,-225.0,160,76,-192.0,0.0,28696,6432525.6,1937525.6,4,8,-1613.9047609818747,-0.150969,-3756.35384
AG_04_046,-1,FMP_AG,SKIN,0,1,1,0,0.667,1.0,10.0,112.0,-218.0,158,76,-185.0,0.0,28336,6432183.6,1938465.3,4,8,-1613.9047609818747,-0.150969,-3756.35384
AG_04_047,-1,FMP_AG,SKIN,0,1,1,0,0.667,1.0,10.0,122.0,-208.0,160,72,-175.0,0.0,28692,6430646.2,1936841.6,4,8,-1613.9047609818747,-0.150969,-3756.35384
AG_04_048,-1,FMP_AG,SKIN,0,1,1,0,0.667,1.0,10.0,121.0,-210.0,160,74,-177.0,0.0,28694,6431585.9,1937183.6,4,8,-1613.9047609818747,-0.150969,-3756.35384
AG_04_049,-1,FMP_AG,SKIN,0,1,1,0,0.667,1.0,10.0,133.0,-197.0,158,72,-164.0,0.0,28332,6430304.2,1937781.3,4,8,-1613.9047609818747,-0.150969,-3756.35384
AG_04_050,-1,FMP_AG,SKIN,0,1,1,0,0.667,1.0,10.0,119.0,-211.0,159,75,-178.0,0.0,28515,6431884.7,1937824.5,4,8,-1613.9047609818747,-0.150969,-3756.35384
AG_04_051,-1,FMP_AG,SKIN,0,1,1,0,0.667,1.0,10.0,100.0,-182.0,160,79,-154.0,0.0,28699,6433935.1,1938038.7,4,8,-1613.9047609818747,-0.150969,-3756.35384
AG_04_052,-1,FMP_AG,SKIN,0,1,1,0,0.667,1.0,10.0,98.0,-143.0,157,83,-119.0,0.0,28163,6435301.5,1940132.2,4,7,-1613.9047609818747,-0.150969,-3756.35384
AG_04_053,-1,FMP_AG,SKIN,0,1,1,0,0.667,1.0,10.0,116.0,-214.0,155,79,-181.0,0.0,27799,6433080.1,1940387.9,4,8,-1613.9047609818747,-0.150969,-3756.35384
AG_04_054,-1,FMP_AG,SKIN,0,1,1,0,0.667,1.0,10.0,141.0,-135.0,114,67,-108.0,0.0,20407,6420430.5,1957599.5,4,8,-1613.9047609818747,-0.150969,-3756.35384
AG_04_055,-1,FMP_AG,SKIN,0,1,1,0,0.667,1.0,10.0,120.0,-162.0,143,78,-133.0,0.0,25638,6430558.1,1945855.0,4,8,-1613.9047609818747,-0.150969,-3756.35384
AG_04_056,-1,FMP_AG,SKIN,0,1,1,0,0.667,1.0,10.0,131.0,-209.0,152,75,-175.0,0.0,27255,6430687.7,1941113.4,4,8,-1613.9047609818747,-0.150969,-3756.35384
AG_04_057,-1,FMP_AG,SKIN,0,1,1,0,0.667,1.0,10.0,188.0,-201.0,143,65,-162.0,0.0,25625,6424450.1,1943631.9,3,8,-1613.9047609818747,-0.150969,-3756.35384
AG_04_058,-1,FMP_AG,SKIN,0,1,1,0,0.667,1.0,10.0,149.0,-117.0,137,72,-90.1,0.0,24552,6426713.0,1947648.1,4,7,-1613.904760984896,-0.150969,-3756.35384
AG_04_059,-1,FMP_AG,SKIN,0,1,1,0,0.667,1.0,10.0,144.0,-122.0,137,72,-95.8,0.0,24552,6426713.0,1947648.1,4,7,-1613.904760984896,-0.150969,-3756.35384
AG_04_060,-1,FMP_AG,SKIN,0,1,1,0,0.667,1.0,10.0,140.0,-126.0,134,72,-99.0,0.0,24012,6426199.9,1949057.6,4,7,-1613.9047609818747,-0.150969,-3756.35384
AG_04_061,-1,FMP_AG,SKIN,0,1,1,0,0.667,1.0,10.0,131.0,-136.0,132,73,-109.0,0.0,23653,6426327.8,1950168.3,4,7,-1613.9047609818747,-0.150969,-3756.35384
AG_04_062,-1,FMP_AG,SKIN,0,1,1,0,0.667,1.0,10.0,120.0,-146.0,131,75,-120.0,0.0,23475,6427096.4,1950980.2,4,8,-1613.9047609818747,-0.150969,-3756.35384
AG_04_063,-1,FMP_AG,SKIN,0,1,1,0,0.667,1.0,10.0,204.0,-51.5,120,62,-26.0,0.0,21482,6419107.3,1953925.4,3,7,-1613.9047609818747,-0.150969,-3756.35384
AG_04_064,-1,FMP_AG,SKIN,0,1,1,0,0.667,1.0,10.0,174.0,-81.2,116,62,-55.7,0.0,20762,6418423.3,1955804.7,4,7,-1613.9047609818747,-0.150969,-3756.35384
AG_04_065,-1,FMP_AG,SKIN,0,1,1,0,0.667,1.0,10.0,190.0,-64.9,115,60,-39.4,0.0,20580,6417312.6,1955932.6,4,7,-1613.9047609818747,-0.150969,-3756.35384
AG_04_066,-1,FMP_AG,SKIN,0,1,1,0,0.667,1.0,10.0,152.0,-103.0,114,64,-77.4,0.0,20404,6419021.0,1957086.4,4,7,-1613.9047609818747,-0.150969,-3756.35384
AG_04_067,-1,FMP_AG,SKIN,0,1,1,0,0.667,1.0,10.0,160.0,-94.8,114,64,-69.3,0.0,20404,6419021.0,1957086.4,4,7,-1613.9047609818747,-0.150969,-3756.35384
AG_04_068,-1,FMP_AG,SKIN,0,1,1,0,0.667,1.0,10.0,158.0,-97.0,114,63,-71.5,0.0,20403,6418551.1,1956915.4,4,7,-1613.9047609818747,-0.150969,-3756.35384
AG_04_069,-1,FMP_AG,SKIN,0,1,1,0,0.667,1.0,10.0,144.0,-238.0,112,67,-200.0,0.0,20047,6420088.5,1958539.2,4,9,-1613.9047609818747,-0.150969,-3756.35384
AG_04_070,-1,FMP_AG,SKIN,0,1,1,0,0.667,1.0,10.0,122.0,-87.3,126,67,-66.4,0.0,22567,6422482.6,1951961.3,4,7,-1613.9047609818747,-0.150969,-3756.35384
AG_04_071,-1,FMP_AG,SKIN,0,1,1,0,0.667,1.0,10.0,126.0,-82.9,124,64,-62.0,0.0,22204,6420731.1,1952388.0,4,7,-1613.9047609818747,-0.150969,-3756.35384
AG_04_072,-1,FMP_AG,SKIN,0,1,1,0,0.667,1.0,10.0,132.0,-77.5,123,64,-56.6,0.0,22024,6420560.1,1952857.8,4,7,-1613.9047609818747,-0.150969,-3756.35384
AG_04_073,-1,FMP_AG,SKIN,0,1,1,0,0.667,1.0,10.0,217.0,-180.0,140,64,-140.0,0.0,25084,6423467.2,1944870.4,3,8,-1613.9047609818747,-0.150969,-3756.35384
AG_04_074,-1,FMP_AG,SKIN,0,1,1,0,0.667,1.0,10.0,83.1,-174.0,161,83,-148.0,0.0,28883,6435985.5,1938252.9,4,7,-1613.9047609818747,-0.150969,-3756.35384
AG_04_075,-1,FMP_AG,SKIN,0,1,1,0,0.667,1.0,10.0,96.4,-192.0,153,82,-163.0,0.0,27442,6434147.6,1941840.6,4,8,-1613.9047609818747,-0.150969,-3756.35384
AG_04_076,-1,FMP_AG,SKIN,0,1,1,0,0.667,1.0,10.0,147.0,-129.0,131,70,-102.0,0.0,23470,6424747.2,1950125.1,3,7,-1613.9047609818747,-0.150969,-3756.35384
AG_04_077,-1,FMP_AG,SKIN,0,1,1,0,0.667,1.0,10.0,239.0,17.4,140,62,39.6,0.0,25082,6422527.5,1944528.4,3,6,-1613.9047609818747,-0.150969,-3756.35384
AG_04_078,-1,FMP_AG,SKIN,0,1,1,0,0.667,1.0,10.0,130.0,-176.0,146,73,-145.0,0.0,26173,6428721.9,1943590.5,4,8,-1613.904760984896,-0.150969,-3756.35384
AG_04_079,-1,FMP_AG,SKIN,0,1,1,0,0.667,1.0,10.0,129.0,-178.0,149,74,-147.0,0.0,26714,6429704.8,1942351.9,4,8,-1613.9047609818747,-0.150969,-3756.35384
AG_04_080,-1,FMP_AG,SKIN,0,1,1,0,0.667,1.0,10.0,119.0,-187.0,146,75,-157.0,0.0,26175,6429661.6,1943932.5,4,8,-1613.9047609818747,-0.150969,-3756.35384
AG_04_081,-1,FMP_AG,SKIN,0,1,1,0,0.667,1.0,10.0,91.1,-280.0,163,75,-243.0,0.0,29235,6432568.8,1935945.1,4,8,-1613.9047609818747,-0.150969,-3756.35384
AG_04_082,-1,FMP_AG,SKIN,0,1,1,0,0.667,1.0,10.0,90.6,-280.0,163,75,-243.0,0.0,29235,6432568.8,1935945.1,4,8,-1613.9047609818747,-0.150969,-3756.35384
AG_04_083,-1,FMP_AG,SKIN,0,1,1,0,0.667,1.0,10.0,135.0,-144.0,117,64,-117.0,0.0,20944,6419534.0,1955676.9,4,8,-1613.9047609818747,-0.150969,-3756.35384
AG_04_084,-1,FMP_AG,SKIN,0,1,1,0,0.667,1.0,10.0,183.0,-222.0,144,64,-181.0,0.0,25804,6424151.3,1942991.1,4,9,-1613.9047609818747,-0.150969,-3756.35384
AG_04_085,-1,FMP_AG,SKIN,0,1,1,0,0.667,1.0,10.0,99.8,-218.0,144,80,-186.0,0.0,25820,6431668.8,1945727.2,4,8,-1613.9047609818747,-0.150969,-3756.35384
AG_04_086,-1,FMP_AG,SKIN,0,1,1,0,0.667,1.0,10.0,69.0,-227.0,163,83,-197.0,0.0,29243,6436327.5,1937313.2,4,8,-1613.9047609818747,-0.150969,-3756.35384
AG_04_087,-1,FMP_AG,SKIN,0,1,1,0,0.667,1.0,10.0,81.9,-304.0,164,76,-266.0,0.0,29416,6433209.6,1935646.3,4,9,-1613.9047609818747,-0.150969,-3756.35384
AG_04_088,-1,FMP_AG,SKIN,0,1,1,0,0.667,1.0,10.0,181.0,-263.0,141,66,-219.0,0.0,25266,6424577.9,1944742.6,4,9,-1613.9047609818747,-0.150969,-3756.35384
AG_04_089,-1,FMP_AG,SKIN,0,1,1,0,0.667,1.0,10.0,217.0,-22.8,143,62,1.16,0.0,25622,6423040.6,1943118.9,3,7,-1613.9047609818747,-0.150969,-3756.35384
AG_04_090,-1,FMP_AG,SKIN,0,1,1,0,0.667,1.0,10.0,175.0,-271.0,142,65,-226.0,0.0,25445,6424279.1,1944101.8,4,9,-1613.9047609818747,-0.150969,-3756.35384
AG_04_091,-1,FMP_AG,SKIN,0,1,1,0,0.667,1.0,10.0,196.0,-43.3,123,62,-19.4,0.0,22022,6419620.4,1952515.8,3,7,-1613.9047609818747,-0.150969,-3756.35384
AG_04_092,-1,FMP_AG,SKIN,0,1,1,0,0.667,1.0,10.0,129.0,-374.0,158,71,-323.0,0.0,28331,6429834.3,1937610.3,4,9,-1613.9047609818747,-0.150969,-3756.35384
AG_04_093,-1,FMP_AG,SKIN,0,1,1,0,0.667,1.0,10.0,74.4,-224.0,164,76,-194.0,0.0,29416,6433209.6,1935646.3,4,8,-1613.9047609818747,-0.150969,-3756.35384
AG_04_094,-1,FMP_AG,SKIN,0,1,1,0,0.667,1.0,10.0,66.0,-236.0,162,82,-206.0,0.0,29062,6435686.7,1937612.0,4,8,-1613.9047609818747,-0.150969,-3756.35384
AG_04_095,-1,FMP_AG,SKIN,0,1,1,0,0.667,1.0,10.0,58.8,-245.0,157,88,-215.0,0.0,28168,6437650.7,1940987.3,4,8,-1613.9047609818747,-0.150969,-3756.35384
AG_04_096,-1,FMP_AG,SKIN,0,1,1,0,0.667,1.0,10.0,71.3,-226.0,164,76,-196.0,0.0,29416,6433209.6,1935646.3,4,8,-1613.9047609818747,-0.150969,-3756.35384
AG_04_097,-1,FMP_AG,SKIN,0,1,1,0,0.667,1.0,10.0,66.6,-237.0,162,79,-207.0,0.0,29059,6434277.1,1937099.0,4,8,-1613.9047609818747,-0.150969,-3756.35384
AG_04_098,-1,FMP_AG,SKIN,0,1,1,0,0.667,1.0,10.0,87.1,-217.0,155,79,-187.0,0.0,27799,6433080.1,1940387.9,4,8,-1613.9047609818747,-0.150969,-3756.35384
AG_04_099,-1,FMP_AG,SKIN,0,1,1,0,0.667,1.0,10.0,102.0,-154.0,127,66,-129.0,0.0,22746,6422183.8,1951320.5,4,8,-1613.9047609818747,-0.150969,-3756.35384
AG_04_100,-1,FMP_AG,SKIN,0,1,1,0,0.667,1.0,10.0,103.0,-154.0,124,66,-128.0,0.0,22206,6421670.8,1952730.0,4,8,-1613.9047609818747,-0.150969,-3756.35384
AG_04_101,-1,FMP_AG,SKIN,0,1,1,0,0.667,1.0,10.0,138.0,-118.0,126,63,-92.2,0.0,22563,6420603.2,1951277.3,4,8,-1613.9047609818747,-0.150969,-3756.35384
AG_04_102,-1,FMP_AG,SKIN,0,1,1,0,0.667,1.0,10.0,61.2,-248.0,164,80,-217.0,0.0,29420,6435089.0,1936330.3,4,8,-1613.9047609818747,-0.150969,-3756.35384
AG_04_103,-1,FMP_AG,SKIN,0,1,1,0,0.667,1.0,10.0,87.7,-136.0,133,76,-114.0,0.0,23836,6427908.3,1950211.5,4,7,-1613.9047609818747,-0.150969,-3756.35384
AG_04_104,-1,FMP_AG,SKIN,0,1,1,0,0.667,1.0,10.0,64.8,-248.0,163,76,-217.0,0.0,29236,6433038.6,1936116.1,4,8,-1613.9047609818747,-0.150969,-3756.35384
AG_04_105,-1,FMP_AG,SKIN,0,1,1,0,0.667,1.0,10.0,162.0,-323.0,152,65,-275.0,0.0,27245,6425989.2,1939403.3,4,9,-1613.9047609818747,-0.150969,-3756.35384
AG_04_106,-1,FMP_AG,SKIN,0,1,1,0,0.667,1.0,10.0,147.0,-338.0,150,66,-289.0,0.0,26886,6426117.0,1940514.0,4,9,-1613.9047609818747,-0.150969,-3756.35384
AG_04_107,-1,FMP_AG,SKIN,0,1,1,0,0.667,1.0,10.0,131.0,-354.0,150,69,-306.0,0.0,26889,6427526.6,1941027.0,4,9,-1613.9047609818747,-0.150969,-3756.35384
AG_04_108,-1,FMP_AG,SKIN,0,1,1,0,0.667,1.0,10.0,133.0,-352.0,150,69,-304.0,0.0,26889,6427526.6,1941027.0,4,9,-1613.9047609818747,-0.150969,-3756.35384
AG_04_109,-1,FMP_AG,SKIN,0,1,1,0,0.667,1.0,10.0,130.0,-355.0,150,69,-306.0,0.0,26889,6427526.6,1941027.0,4,9,-1613.9047609818747,-0.150969,-3756.35384
AG_04_110,-1,FMP_AG,SKIN,0,1,1,0,0.667,1.0,10.0,106.0,-236.0,127,73,-202.0,0.0,22753,6425472.7,1952517.5,4,8,-1613.9047609818747,-0.150969,-3756.35384
AG_04_111,-1,FMP_AG,SKIN,0,1,1,0,0.667,1.0,10.0,117.0,-167.0,132,70,-139.0,0.0,23650,6424918.2,1949655.3,4,8,-1613.9047609818747,-0.150969,-3756.35384
AG_04_112,-1,FMP_AG,SKIN,0,1,1,0,0.667,1.0,10.0,176.0,-47.4,115,60,-25.1,0.0,20580,6417312.6,1955932.6,4,7,-1613.9047609818747,-0.150969,-3756.35384
AG_04_113,-1,FMP_AG,SKIN,0,1,1,0,0.667,1.0,10.0,94.7,-189.0,123,65,-161.0,0.0,22025,6421029.9,1953028.8,4,8,-1613.9047609818747,-0.150969,-3756.35384
AG_04_114,-1,FMP_AG,SKIN,0,1,1,0,0.667,1.0,10.0,126.0,-169.0,115,75,-139.0,0.0,20595,6424360.3,1958497.7,5,8,-1613.9047609818747,-0.150969,-3756.35384
AG_04_115,-1,FMP_AG,SKIN,0,1,1,0,0.667,1.0,10.0,122.0,-350.0,155,69,-303.0,0.0,27789,6428381.6,1938677.8,4,9,-1613.9047609818747,-0.150969,-3756.35384
AG_04_116,-1,FMP_AG,SKIN,0,1,1,0,0.667,1.0,10.0,118.0,-354.0,153,69,-307.0,0.0,27429,6428039.6,1939617.5,4,9,-1613.9047609818747,-0.150969,-3756.35384
AG_04_117,-1,FMP_AG,SKIN,0,1,1,0,0.667,1.0,10.0,104.0,-368.0,152,72,-321.0,0.0,27252,6429278.1,1940600.4,4,9,-1613.9047609818747,-0.150969,-3756.35384
AG_04_118,-1,FMP_AG,SKIN,0,1,1,0,0.667,1.0,10.0,105.0,-367.0,151,72,-320.0,0.0,27072,6429107.1,1941070.2,4,9,-1613.9047609818747,-0.150969,-3756.35384
AG_04_119,-1,FMP_AG,SKIN,0,1,1,0,0.667,1.0,10.0,101.0,-371.0,151,73,-324.0,0.0,27073,6429577.0,1941241.2,4,9,-1613.9047609818747,-0.150969,-3756.35384
AG_04_120,-1,FMP_AG,SKIN,0,1,1,0,0.667,1.0,10.0,68.6,-441.0,152,80,-390.0,0.0,27260,6433036.9,1941968.4,4,10,-1613.9047609818747,-0.150969,-3756.35384
AG_04_121,-1,FMP_AG,SKIN,0,1,1,0,0.667,1.0,10.0,257.0,-31.3,141,61,-2.51,0.0,25261,6422228.7,1943887.6,2,7,-1613.9047609818747,-0.150969,-3756.35384
AG_04_122,-1,FMP_AG,SKIN,0,1,1,0,0.667,1.0,10.0,63.0,-285.0,156,81,-250.0,0.0,27981,6434190.8,1940260.1,4,8,-1613.9047609818747,-0.150969,-3756.35384
AG_04_123,-1,FMP_AG,SKIN,0,1,1,0,0.667,1.0,10.0,37.6,-285.0,156,88,-253.0,0.0,27988,6437479.7,1941457.1,5,8,-1613.9047609818747,-0.150969,-3756.35384
AG_04_124,-1,FMP_AG,SKIN,0,1,1,0,0.667,1.0,10.0,85.0,-225.0,124,66,-194.0,0.0,22206,6421670.8,1952730.0,4,8,-1613.9047609818747,-0.150969,-3756.35384
AG_04_125,-1,FMP_AG,SKIN,0,1,1,0,0.667,1.0,10.0,32.1,-334.0,163,84,-297.0,0.0,29244,6436797.4,1937484.2,5,9,-1613.9047609818747,-0.150969,-3756.35384
AG_04_126,-1,FMP_AG,SKIN,0,1,1,0,0.667,1.0,10.0,162.0,-127.0,122,62,-97.9,0.0,21842,6419449.3,1952985.7,4,8,-1613.9047609818747,-0.150969,-3756.35384
AG_04_127,-1,FMP_AG,SKIN,0,1,1,0,0.667,1.0,10.0,68.9,-447.0,157,74,-396.0,0.0,28154,6431072.9,1938593.2,5,10,-1613.9047609818747,-0.150969,-3756.35384
AG_04_128,-1,FMP_AG,SKIN,0,1,1,0,0.667,1.0,10.0,91.6,-294.0,114,70,-256.0,0.0,20410,6421840.0,1958112.5,5,9,-1613.9047609818747,-0.150969,-3756.35384
AG_04_129,-1,FMP_AG,SKIN,0,1,1,0,0.667,1.0,10.0,114.0,-175.0,122,63,-146.0,0.0,21843,6419919.2,1953156.7,4,8,-1613.9047609818747,-0.150969,-3756.35384
AG_04_130,-1,FMP_AG,SKIN,0,1,1,0,0.667,1.0,10.0,14.0,-227.0,158,90,-203.0,0.0,28350,6438761.4,1940859.5,5,8,-1613.9047609818747,-0.150969,-3756.35384
AG_04_131,-1,FMP_AG,SKIN,0,1,1,0,0.667,1.0,10.0,87.7,-202.0,114,64,-173.0,0.0,20404,6419021.0,1957086.4,5,8,-1613.9047609818747,-0.150969,-3756.35384
AG_04_132,-1,FMP_AG,SKIN,0,1,1,0,0.667,1.0,10.0,39.4,-479.0,161,76,-427.0,0.0,28876,6432696.6,1937055.8,5,10,-1613.9047609818747,-0.150969,-3756.35384
AG_04_133,-1,FMP_AG,SKIN,0,1,1,0,0.667,1.0,10.0,46.3,-238.0,137,81,-209.0,0.0,24561,6430941.6,1949187.2,5,8,-1613.9047609818747,-0.150969,-3756.35384
AG_04_134,-1,FMP_AG,SKIN,0,1,1,0,0.667,1.0,10.0,41.0,-357.0,158,79,-317.0,0.0,28339,6433593.1,1938978.4,5,9,-1613.9047609818747,-0.150969,-3756.35384
AG_04_135,-1,FMP_AG,SKIN,0,1,1,0,0.667,1.0,10.0,78.6,-213.0,115,70,-184.0,0.0,20590,6422011.0,1957642.7,5,8,-1613.9047609818747,-0.150969,-3756.35384
AG_04_136,-1,FMP_AG,SKIN,0,1,1,0,0.667,1.0,10.0,71.0,-217.0,165,73,-188.0,0.0,29593,6431971.1,1934663.4,4,8,-1613.9047609818747,-0.150969,-3756.35384
AG_04_137,-1,FMP_AG,SKIN,0,1,1,0,0.667,1.0,10.0,9.96,-346.0,162,82,-310.0,0.0,29062,6435686.7,1937612.0,5,9,-1613.9047609818747,-0.150969,-3756.35384
AG_04_138,-1,FMP_AG,SKIN,0,1,1,0,0.667,1.0,10.0,39.4,-558.0,158,75,-498.0,0.0,28335,6431713.7,1938294.3,5,10,-1613.9047609818747,-0.150969,-3756.35384
AG_04_139,-1,FMP_AG,SKIN,0,1,1,0,0.667,1.0,10.0,4.08,-356.0,164,78,-320.0,0.0,29418,6434149.3,1935988.3,5,9,-1613.9047609818747,-0.150969,-3756.35384
AG_04_140,-1,FMP_AG,SKIN,0,1,1,0,0.667,1.0,10.0,67.0,-228.0,122,64,-199.0,0.0,21844,6420389.0,1953327.7,5,8,-1613.9047609818747,-0.150969,-3756.35384
AG_04_141,-1,FMP_AG,SKIN,0,1,1,0,0.667,1.0,10.0,41.7,-87.3,125,69,-74.4,0.0,22389,6423251.3,1952773.2,5,7,-1613.9047609818747,-0.150969,-3756.35384
AG_04_142,-1,FMP_AG,SKIN,0,1,1,0,0.667,1.0,10.0,173.0,-208.0,140,62,-170.0,0.0,25082,6422527.5,1944528.4,4,9,-1613.9047609818747,-0.150969,-3756.35384
AG_04_143,-1,FMP_AG,SKIN,0,1,1,0,0.667,1.0,10.0,66.7,-231.0,118,62,-202.0,0.0,21122,6418765.3,1954865.0,5,9,-1613.9047609818747,-0.150969,-3756.35384
AG_04_144,-1,FMP_AG,SKIN,0,1,1,0,0.667,1.0,10.0,81.2,-409.0,112,63,-360.0,0.0,20043,6418209.1,1957855.1,5,10,-1613.9047609818747,-0.150969,-3756.35384
AG_04_145,-1,FMP_AG,SKIN,0,1,1,0,0.667,1.0,10.0,8.99,-348.0,135,76,-312.0,0.0,24196,6428250.3,1949271.8,6,9,-1613.9047609818747,-0.150969,-3756.35384
AG_04_146,-1,FMP_AG,SKIN,0,1,1,0,0.667,1.0,10.0,-13.4,-524.0,162,77,-473.0,0.0,29057,6433337.4,1936757.0,6,10,-1613.9047609818747,-0.150969,-3756.35384
AG_04_147,-1,FMP_AG,SKIN,0,1,1,0,0.667,1.0,10.0,14.5,-288.0,123,68,-257.0,0.0,22028,6422439.4,1953541.9,6,9,-1613.9047609818747,-0.150969,-3756.35384
AG_04_148,-1,FMP_AG,SKIN,0,1,1,0,0.667,1.0,10.0,-34.1,-580.0,165,76,-526.0,0.0,29596,6433380.6,1935176.4,6,10,-1613.9047609818747,-0.150969,-3756.35384
AG_04_149,-1,FMP_AG,SKIN,0,1,1,0,0.667,1.0,10.0,-2.61,-543.0,156,75,-489.0,0.0,27975,6431371.7,1939234.0,6,10,-1613.9047609818747,-0.150969,-3756.35384
AG_04_150,-1,FMP_AG,SKIN,0,1,1,0,0.667,1.0,10.0,-70.7,-438.0,159,90,-401.0,0.0,28530,6438932.4,1940389.6,6,9,-1613.9047609818747,-0.150969,-3756.35384
AG_04_151,-1,FMP_AG,SKIN,0,1,1,0,0.667,1.0,10.0,-51.3,-225.0,165,75,-208.0,0.0,29595,6432910.8,1935005.4,6,8,-1613.9047609818747,-0.150969,-3756.35384
AG_04_152,-1,FMP_AG,SKIN,0,1,1,0,0.667,1.0,10.0,-57.7,-245.0,165,74,-226.0,0.0,29594,6432440.9,1934834.4,6,8,-1613.9047609818747,-0.150969,-3756.35384
AG_04_153,-1,FMP_AG,SKIN,0,1,1,0,0.667,1.0,10.0,-51.5,-612.0,155,74,-556.0,0.0,27794,6430730.8,1939532.9,7,10,-1613.9047609818747,-0.150969,-3756.35384
AG_04_154,-1,FMP_AG,SKIN,0,1,1,0,0.667,1.0,10.0,-13.6,-349.0,128,65,-315.0,0.0,22925,6421884.9,1950679.6,6,9,-1613.9047609818747,-0.150969,-3756.35384
AG_04_155,-1,FMP_AG,SKIN,0,1,1,0,0.667,1.0,10.0,43.2,-159.0,167,73,-139.0,0.0,29953,6432313.1,1933723.7,5,7,-1613.9047609818747,-0.150969,-3756.35384
AG_04_156,-1,FMP_AG,SKIN,0,1,1,0,0.667,1.0,10.0,-51.0,-305.0,114,76,-280.0,0.0,20416,6424659.1,1959138.6,7,9,-1613.9047609818747,-0.150969,-3756.35384
AG_05_001,-1,FMP_AG,SKIN,0,1,1,0,0.667,1.0,10.0,130.0,123.0,179,88,124.0,0.0,32128,6441412.9,1930650.7,2,2,-1798.850184125747,-0.002167,-5626.40029
AG_05_002,-1,FMP_AG,SKIN,0,1,1,0,0.667,1.0,10.0,128.0,121.0,180,89,122.0,0.0,32309,6442053.8,1930351.8,1,2,-1771.179790763471,-0.002167,-5626.40029
AG_05_003,-1,FMP_AG,SKIN,0,1,1,0,0.667,1.0,10.0,92.5,-32.6,191,90,-20.1,0.0,34290,6444404.7,1925354.5,2,5,-2502.9295095089815,-0.002167,-6374.04581
AG_05_004,-1,FMP_AG,SKIN,0,1,1,0,0.667,1.0,10.0,97.3,2.25,195,90,11.8,0.0,35010,6445088.8,1923475.2,2,4,-2342.4329926526934,-0.002167,-6137.80769
AG_05_005,-1,FMP_AG,SKIN,0,1,1,0,0.667,1.0,10.0,116.0,-19.5,168,87,-5.99,0.0,30147,6439062.0,1935648.0,2,5,-2502.9295095089815,-0.002167,-6374.04581
AG_05_006,-1,FMP_AG,SKIN,0,1,1,0,0.667,1.0,10.0,112.0,-23.5,169,87,-10.0,0.0,30327,6439233.0,1935178.1,2,5,-2502.9295095089815,-0.002167,-6374.04581
AG_05_007,-1,FMP_AG,SKIN,0,1,1,0,0.667,1.0,10.0,87.4,-47.6,193,90,-34.1,0.0,34650,6444746.8,1924414.9,2,5,-2502.9295095089815,-0.002167,-6374.04581
AG_05_008,-1,FMP_AG,SKIN,0,1,1,0,0.667,1.0,10.0,97.1,-36.0,199,91,-22.7,0.0,35731,6446242.7,1921766.8,2,5,-2502.9295095089815,-0.002167,-6374.04581
AG_05_009,-1,FMP_AG,SKIN,0,1,1,0,0.667,1.0,10.0,100.0,-102.0,175,91,-81.5,0.0,31411,6442138.4,1933043.1,2,6,-2502.9295095089815,-0.002167,-6374.04581
AG_05_010,-1,FMP_AG,SKIN,0,1,1,0,0.667,1.0,10.0,110.0,-5.2,183,87,6.3,0.0,32847,6441627.1,1928600.3,2,5,-2502.9295095089815,-0.002167,-6374.04581
AG_05_011,-1,FMP_AG,SKIN,0,1,1,0,0.667,1.0,10.0,121.0,-22.7,176,78,-8.31,0.0,31578,6436201.4,1930350.1,2,5,-2502.9295095089815,-0.002167,-6374.04581
AG_05_012,-1,FMP_AG,SKIN,0,1,1,0,0.667,1.0,10.0,124.0,-19.7,176,76,-5.31,0.0,31576,6435261.7,1930008.1,2,5,-2502.9295095089815,-0.002167,-6374.04581
AG_05_013,-1,FMP_AG,SKIN,0,1,1,0,0.667,1.0,10.0,101.0,-47.9,173,93,-33.0,0.0,31053,6442736.1,1934324.8,2,5,-2502.9295095089815,-0.002167,-6374.04581
AG_05_014,-1,FMP_AG,SKIN,0,1,1,0,0.667,1.0,10.0,68.9,4.91,206,96,11.3,0.0,36996,6449789.0,1919332.9,2,4,-280.18297002395235,-0.002167,-2277.155645
AG_05_015,-1,FMP_AG,SKIN,0,1,1,0,0.667,1.0,10.0,79.3,-68.8,194,91,-54.0,0.0,34831,6445387.6,1924116.0,2,5,-2502.9295095089815,-0.002167,-6374.04581
AG_05_016,-1,FMP_AG,SKIN,0,1,1,0,0.667,1.0,10.0,81.7,-66.3,195,92,-51.5,0.0,35012,6446028.5,1923817.2,2,5,-2502.9295095089815,-0.002167,-6374.04581
AG_05_017,-1,FMP_AG,SKIN,0,1,1,0,0.667,1.0,10.0,78.7,-69.3,196,93,-54.5,0.0,35193,6446669.3,1923518.3,2,5,-2502.9295095089815,-0.002167,-6374.04581
AG_05_018,-1,FMP_AG,SKIN,0,1,1,0,0.667,1.0,10.0,89.6,-58.5,197,90,-43.7,0.0,35370,6445430.8,1922535.5,2,5,-2502.9295095089815,-0.002167,-6374.04581
AG_05_019,-1,FMP_AG,SKIN,0,1,1,0,0.667,1.0,10.0,79.5,-96.5,200,94,-78.9,0.0,35914,6447823.2,1921810.0,2,6,-2502.9295095089815,-0.002167,-6374.04581
AG_05_020,-1,FMP_AG,SKIN,0,1,1,0,0.667,1.0,10.0,103.0,-203.0,203,89,-173.0,0.0,36449,6445987.0,1919545.4,2,7,-2502.9295095089815,-0.002167,-6374.04581
AG_05_021,-1,FMP_AG,SKIN,0,1,1,0,0.667,1.0,10.0,69.1,3.12,207,95,9.72,0.0,37175,6449490.1,1918692.1,3,4,-330.4894518263475,-0.002167,-2391.91086
AG_05_022,-1,FMP_AG,SKIN,0,1,1,0,0.667,1.0,10.0,103.0,-55.3,175,84,-39.5,0.0,31404,6438849.5,1931846.0,2,6,-2502.9295095089815,-0.002167,-6374.04581
AG_05_023,-1,FMP_AG,SKIN,0,1,1,0,0.667,1.0,10.0,97.4,-82.6,199,89,-64.6,0.0,35729,6445303.0,1921424.8,2,6,-2502.9295095089815,-0.002167,-6374.04581
AG_05_024,-1,FMP_AG,SKIN,0,1,1,0,0.667,1.0,10.0,98.9,-48.1,172,82,-33.4,0.0,30862,6437396.8,1932913.5,3,6,-2502.9295095089815,-0.002167,-6374.04581
AG_05_025,-1,FMP_AG,SKIN,0,1,1,0,0.667,1.0,10.0,100.0,9.17,168,91,18.3,0.0,30151,6440941.4,1936332.0,3,5,-2502.9295095089815,-0.002167,-6374.04581
AG_05_026,-1,FMP_AG,SKIN,0,1,1,0,0.667,1.0,10.0,92.2,-86.8,174,84,-68.9,0.0,31224,6438678.5,1932315.9,3,6,-2502.9295095089815,-0.002167,-6374.04581
AG_05_027,-1,FMP_AG,SKIN,0,1,1,0,0.667,1.0,10.0,106.0,-250.0,200,86,-214.0,0.0,35906,6444064.4,1920441.9,2,8,-2502.9295095089815,-0.002167,-6374.04581
AG_05_028,-1,FMP_AG,SKIN,0,1,1,0,0.667,1.0,10.0,92.5,-91.5,170,89,-73.1,0.0,30509,6440343.7,1935050.3,3,6,-2502.9295095089815,-0.002167,-6374.04581
AG_05_029,-1,FMP_AG,SKIN,0,1,1,0,0.667,1.0,10.0,89.9,-75.1,173,83,-58.6,0.0,31043,6438037.6,1932614.7,3,6,-2502.9295095089815,-0.002167,-6374.04581
AG_05_030,-1,FMP_AG,SKIN,0,1,1,0,0.667,1.0,10.0,281.0,110.0,191,77,127.0,0.0,34277,6438296.7,1923131.4,1,3,-71.96737141528247,-0.001042,-1889.57539
AG_05_031,-1,FMP_AG,SKIN,0,1,1,0,0.667,1.0,10.0,94.7,-11.3,166,89,-0.731,0.0,29789,6439659.6,1936929.7,3,5,-2502.9295095089815,-0.002167,-6374.04581
AG_05_032,-1,FMP_AG,SKIN,0,1,1,0,0.667,1.0,10.0,107.0,-86.6,178,80,-67.2,0.0,31940,6437483.1,1929752.4,3,6,-2502.9295095089815,-0.002167,-6374.04581
AG_05_033,-1,FMP_AG,SKIN,0,1,1,0,0.667,1.0,10.0,94.6,-300.0,202,88,-261.0,0.0,36268,6445346.2,1919844.2,3,8,-2502.9295095089815,-0.002167,-6374.04581
AG_05_034,-1,FMP_AG,SKIN,0,1,1,0,0.667,1.0,10.0,88.6,-119.0,168,87,-98.6,0.0,30147,6439062.0,1935648.0,3,7,-2502.9295095089815,-0.002167,-6374.04581
AG_05_035,-1,FMP_AG,SKIN,0,1,1,0,0.667,1.0,10.0,55.2,8.19,207,94,12.9,0.0,37174,6449020.3,1918521.0,3,4,-209.3627961736527,-0.002167,-1679.304915
AG_05_036,-1,FMP_AG,SKIN,0,1,1,0,0.667,1.0,10.0,68.6,-98.4,183,91,-81.7,0.0,32851,6443506.5,1929284.3,3,6,-2502.9295095089815,-0.002167,-6374.04581
AG_05_037,-1,FMP_AG,SKIN,0,1,1,0,0.667,1.0,10.0,53.1,-152.0,197,94,-131.0,0.0,35374,6447310.2,1923219.5,3,7,-2502.9295095089815,-0.002167,-6374.04581
AG_05_038,-1,FMP_AG,SKIN,0,1,1,0,0.667,1.0,10.0,75.9,-143.0,173,92,-121.0,0.0,31052,6442266.3,1934153.8,3,7,-2502.9295095089815,-0.002167,-6374.04581
AG_05_039,-1,FMP_AG,SKIN,0,1,1,0,0.667,1.0,10.0,79.0,-144.0,170,91,-122.0,0.0,30511,6441283.4,1935392.3,3,7,-2502.9295095089815,-0.002167,-6374.04581
AG_05_040,-1,FMP_AG,SKIN,0,1,1,0,0.667,1.0,10.0,144.0,-59.5,190,79,-39.2,0.0,34099,6439065.4,1923943.3,2,6,-2459.243078470059,-0.002167,-6374.04581
AG_05_041,-1,FMP_AG,SKIN,0,1,1,0,0.667,1.0,10.0,88.5,-29.5,165,89,-17.7,0.0,29609,6439488.6,1937399.5,3,5,-2502.9295095089815,-0.002167,-6374.04581
AG_05_042,-1,FMP_AG,SKIN,0,1,1,0,0.667,1.0,10.0,83.8,-131.0,173,78,-110.0,0.0,31038,6435688.4,1931759.7,3,7,-2502.9295095089815,-0.002167,-6374.04581
AG_05_043,-1,FMP_AG,SKIN,0,1,1,0,0.667,1.0,10.0,73.2,-73.8,172,88,-59.1,0.0,30868,6440215.9,1933939.6,3,6,-2502.9295095089815,-0.002167,-6374.04581
AG_05_044,-1,FMP_AG,SKIN,0,1,1,0,0.667,1.0,10.0,98.5,-102.0,162,87,-81.6,0.0,29067,6438035.9,1938467.1,3,7,-2502.9295095089815,-0.002167,-6374.04581
AG_05_045,-1,FMP_AG,SKIN,0,1,1,0,0.667,1.0,10.0,127.0,-88.6,190,80,-67.0,0.0,34100,6439535.3,1924114.3,3,6,-2502.9295095089815,-0.002167,-6374.04581
AG_05_046,-1,FMP_AG,SKIN,0,1,1,0,0.667,1.0,10.0,49.9,-176.0,192,91,-154.0,0.0,34471,6445045.6,1925055.7,3,7,-2502.9295095089815,-0.002167,-6374.04581
AG_05_047,-1,FMP_AG,SKIN,0,1,1,0,0.667,1.0,10.0,81.3,-128.0,173,78,-107.0,0.0,31038,6435688.4,1931759.7,3,7,-2502.9295095089815,-0.002167,-6374.04581
AG_05_048,-1,FMP_AG,SKIN,0,1,1,0,0.667,1.0,10.0,84.4,-125.0,172,77,-104.0,0.0,30857,6435047.5,1932058.5,3,7,-2502.9295095089815,-0.002167,-6374.04581
AG_05_049,-1,FMP_AG,SKIN,0,1,1,0,0.667,1.0,10.0,55.4,-46.6,189,94,-36.4,0.0,33934,6445942.1,1926978.3,3,5,-2502.9295095089815,-0.002167,-6374.04581
AG_05_050,-1,FMP_AG,SKIN,0,1,1,0,0.667,1.0,10.0,89.0,-120.0,166,82,-99.2,0.0,29782,6436370.7,1935732.6,3,7,-2502.9295095089815,-0.002167,-6374.04581
AG_05_051,-1,FMP_AG,SKIN,0,1,1,0,0.667,1.0,10.0,88.2,-121.0,169,79,-99.9,0.0,30319,6435474.2,1933810.1,3,7,-2502.9295095089815,-0.002167,-6374.04581
AG_05_052,-1,FMP_AG,SKIN,0,1,1,0,0.667,1.0,10.0,74.9,-134.0,171,82,-113.0,0.0,30682,6437225.8,1933383.4,3,7,-2502.9295095089815,-0.002167,-6374.04581
AG_05_053,-1,FMP_AG,SKIN,0,1,1,0,0.667,1.0,10.0,61.0,-41.0,182,93,-30.8,0.0,32673,6444275.2,1930096.2,3,5,-2502.9295095089815,-0.002167,-6374.04581
AG_05_054,-1,FMP_AG,SKIN,0,1,1,0,0.667,1.0,10.0,81.7,-150.0,191,82,-127.0,0.0,34282,6440646.0,1923986.5,3,7,-2502.9295095089815,-0.002167,-6374.04581
AG_05_055,-1,FMP_AG,SKIN,0,1,1,0,0.667,1.0,10.0,89.3,-402.0,201,86,-353.0,0.0,36086,6444235.5,1919972.0,3,9,-2502.9295095089815,-0.002167,-6374.04581
AG_05_056,-1,FMP_AG,SKIN,0,1,1,0,0.667,1.0,10.0,74.3,-61.7,166,91,-48.1,0.0,29791,6440599.3,1937271.7,3,6,-2502.9295095089815,-0.002167,-6374.04581
AG_05_057,-1,FMP_AG,SKIN,0,1,1,0,0.667,1.0,10.0,57.9,-200.0,176,89,-174.0,0.0,31589,6441369.7,1932231.2,3,7,-2502.9295095089815,-0.002167,-6374.04581
AG_05_058,-1,FMP_AG,SKIN,0,1,1,0,0.667,1.0,10.0,59.7,-198.0,175,93,-173.0,0.0,31413,6443078.1,1933385.1,3,7,-2502.9295095089815,-0.002167,-6374.04581
AG_05_059,-1,FMP_AG,SKIN,0,1,1,0,0.667,1.0,10.0,39.3,-210.0,193,92,-185.0,0.0,34652,6445686.5,1924756.9,3,7,-2502.9295095089815,-0.002167,-6374.04581
AG_05_060,-1,FMP_AG,SKIN,0,1,1,0,0.667,1.0,10.0,72.1,-132.0,184,86,-112.0,0.0,33026,6441328.3,1927959.4,3,7,-2502.9295095089815,-0.002167,-6374.04581
AG_05_061,-1,FMP_AG,SKIN,0,1,1,0,0.667,1.0,10.0,87.6,-163.0,179,79,-138.0,0.0,32119,6437184.3,1929111.6,3,7,-2502.9295095089815,-0.002167,-6374.04581
AG_05_062,-1,FMP_AG,SKIN,0,1,1,0,0.667,1.0,10.0,55.5,-212.0,177,91,-185.0,0.0,31771,6442480.4,1932103.4,3,7,-2502.9295095089815,-0.002167,-6374.04581
AG_05_063,-1,FMP_AG,SKIN,0,1,1,0,0.667,1.0,10.0,33.7,-222.0,195,94,-197.0,0.0,35014,6446968.2,1924159.2,3,7,-2502.9295095089815,-0.002167,-6374.04581
AG_05_064,-1,FMP_AG,SKIN,0,1,1,0,0.667,1.0,10.0,112.0,-164.0,179,76,-136.0,0.0,32116,6435774.8,1928598.6,3,7,-2502.9295095089815,-0.002167,-6374.04581
AG_05_065,-1,FMP_AG,SKIN,0,1,1,0,0.667,1.0,10.0,54.1,-153.0,203,91,-132.0,0.0,36451,6446926.7,1919887.4,3,7,-2502.9295095089815,-0.002167,-6374.04581
AG_05_066,-1,FMP_AG,SKIN,0,1,1,0,0.667,1.0,10.0,76.4,-126.0,182,85,-105.0,0.0,32665,6440516.4,1928728.1,3,7,-2502.9295095089815,-0.002167,-6374.04581
AG_05_067,-1,FMP_AG,SKIN,0,1,1,0,0.667,1.0,10.0,52.7,-200.0,189,87,-175.0,0.0,33927,6442653.2,1925781.2,4,7,-2502.9295095089815,-0.002167,-6374.04581
AG_05_068,-1,FMP_AG,SKIN,0,1,1,0,0.667,1.0,10.0,74.1,-167.0,166,85,-143.0,0.0,29785,6437780.3,1936245.7,4,7,-2502.9295095089815,-0.002167,-6374.04581
AG_05_069,-1,FMP_AG,SKIN,0,1,1,0,0.667,1.0,10.0,75.7,-165.0,166,84,-141.0,0.0,29784,6437310.4,1936074.6,4,7,-2502.9295095089815,-0.002167,-6374.04581
AG_05_070,-1,FMP_AG,SKIN,0,1,1,0,0.667,1.0,10.0,14.9,-102.0,209,99,-90.4,0.0,37539,6451711.5,1918436.4,4,6,-2502.9295095089815,-0.002167,-6374.04581
AG_05_071,-1,FMP_AG,SKIN,0,1,1,0,0.667,1.0,10.0,60.9,-220.0,169,86,-192.0,0.0,30326,6438763.1,1935007.1,4,8,-2502.9295095089815,-0.002167,-6374.04581
AG_05_072,-1,FMP_AG,SKIN,0,1,1,0,0.667,1.0,10.0,53.2,-188.0,176,86,-164.0,0.0,31586,6439960.2,1931718.2,4,7,-2502.9295095089815,-0.002167,-6374.04581
AG_05_073,-1,FMP_AG,SKIN,0,1,1,0,0.667,1.0,10.0,69.5,-225.0,178,80,-195.0,0.0,31940,6437483.1,1929752.4,4,8,-2502.9295095089815,-0.002167,-6374.04581
AG_05_074,-1,FMP_AG,SKIN,0,1,1,0,0.667,1.0,10.0,79.2,-196.0,189,82,-168.0,0.0,33922,6440304.0,1924926.2,4,7,-2502.9295095089815,-0.002167,-6374.04581
AG_05_075,-1,FMP_AG,SKIN,0,1,1,0,0.667,1.0,10.0,77.1,-198.0,189,82,-170.0,0.0,33922,6440304.0,1924926.2,4,7,-2502.9295095089815,-0.002167,-6374.04581
AG_05_076,-1,FMP_AG,SKIN,0,1,1,0,0.667,1.0,10.0,59.2,-176.0,183,86,-152.0,0.0,32846,6441157.3,1928429.3,4,7,-2502.9295095089815,-0.002167,-6374.04581
AG_05_077,-1,FMP_AG,SKIN,0,1,1,0,0.667,1.0,10.0,48.5,-249.0,172,91,-219.0,0.0,30871,6441625.4,1934452.6,4,8,-2502.9295095089815,-0.002167,-6374.04581
AG_05_078,-1,FMP_AG,SKIN,0,1,1,0,0.667,1.0,10.0,44.7,-196.0,179,89,-172.0,0.0,32129,6441882.8,1930821.7,4,7,-2502.9295095089815,-0.002167,-6374.04581
AG_05_079,-1,FMP_AG,SKIN,0,1,1,0,0.667,1.0,10.0,83.2,-221.0,182,79,-190.0,0.0,32659,6437697.3,1927702.1,4,8,-2502.9295095089815,-0.002167,-6374.04581
AG_05_080,-1,FMP_AG,SKIN,0,1,1,0,0.667,1.0,10.0,53.7,-196.0,167,87,-171.0,0.0,29967,6438891.0,1936117.8,4,7,-2502.9295095089815,-0.002167,-6374.04581
AG_05_081,-1,FMP_AG,SKIN,0,1,1,0,0.667,1.0,10.0,44.1,-206.0,169,89,-181.0,0.0,30329,6440172.7,1935520.2,4,7,-2502.9295095089815,-0.002167,-6374.04581
AG_05_082,-1,FMP_AG,SKIN,0,1,1,0,0.667,1.0,10.0,74.2,-222.0,189,81,-192.0,0.0,33921,6439834.1,1924755.1,4,8,-2502.9295095089815,-0.002167,-6374.04581
AG_05_083,-1,FMP_AG,SKIN,0,1,1,0,0.667,1.0,10.0,33.4,-224.0,189,88,-198.0,0.0,33928,6443123.0,1925952.2,4,8,-2502.9295095089815,-0.002167,-6374.04581
AG_05_084,-1,FMP_AG,SKIN,0,1,1,0,0.667,1.0,10.0,34.1,-278.0,200,91,-247.0,0.0,35911,6446413.7,1921296.9,4,8,-2502.9295095089815,-0.002167,-6374.04581
AG_05_085,-1,FMP_AG,SKIN,0,1,1,0,0.667,1.0,10.0,22.4,-226.0,196,91,-201.0,0.0,35191,6445729.6,1923176.3,4,7,-2502.9295095089815,-0.002167,-6374.04581
AG_05_086,-1,FMP_AG,SKIN,0,1,1,0,0.667,1.0,10.0,56.3,-258.0,174,76,-226.0,0.0,31216,6434919.7,1930947.8,4,8,-2502.9295095089815,-0.002167,-6374.04581
AG_05_087,-1,FMP_AG,SKIN,0,1,1,0,0.667,1.0,10.0,35.4,-289.0,174,87,-256.0,0.0,31227,6440088.0,1932828.9,4,8,-2502.9295095089815,-0.002167,-6374.04581
AG_05_088,-1,FMP_AG,SKIN,0,1,1,0,0.667,1.0,10.0,17.7,-296.0,201,94,-265.0,0.0,36094,6447994.2,1921340.1,4,8,-2502.9295095089815,-0.002167,-6374.04581
AG_05_089,-1,FMP_AG,SKIN,0,1,1,0,0.667,1.0,10.0,42.9,-254.0,172,79,-225.0,0.0,30859,6435987.2,1932400.5,4,8,-2502.9295095089815,-0.002167,-6374.04581
AG_05_090,-1,FMP_AG,SKIN,0,1,1,0,0.667,1.0,10.0,42.6,-227.0,187,85,-200.0,0.0,33565,6441371.5,1926378.9,4,8,-2502.9295095089815,-0.002167,-6374.04581
AG_05_091,-1,FMP_AG,SKIN,0,1,1,0,0.667,1.0,10.0,55.8,-241.0,170,78,-212.0,0.0,30498,6435175.4,1933169.2,4,8,-2502.9295095089815,-0.002167,-6374.04581
AG_05_092,-1,FMP_AG,SKIN,0,1,1,0,0.667,1.0,10.0,72.5,-225.0,168,74,-195.0,0.0,30134,6432954.0,1933424.8,4,8,-2502.9295095089815,-0.002167,-6374.04581
AG_05_093,-1,FMP_AG,SKIN,0,1,1,0,0.667,1.0,10.0,71.3,-245.0,192,80,-213.0,0.0,34460,6439877.3,1923174.6,4,8,-2502.9295095089815,-0.002167,-6374.04581
AG_05_094,-1,FMP_AG,SKIN,0,1,1,0,0.667,1.0,10.0,26.6,-291.0,190,87,-259.0,0.0,34107,6442824.2,1925311.4,4,8,-2502.9295095089815,-0.002167,-6374.04581
AG_05_095,-1,FMP_AG,SKIN,0,1,1,0,0.667,1.0,10.0,-4.86,-152.0,204,97,-137.0,0.0,36637,6449916.8,1920443.6,4,6,-2502.9295095089815,-0.002167,-6374.04581
AG_05_096,-1,FMP_AG,SKIN,0,1,1,0,0.667,1.0,10.0,45.9,-241.0,185,83,-212.0,0.0,33203,6440089.8,1926976.6,4,8,-2502.9295095089815,-0.002167,-6374.04581
AG_05_097,-1,FMP_AG,SKIN,0,1,1,0,0.667,1.0,10.0,45.6,-265.0,163,86,-234.0,0.0,29246,6437737.1,1937826.2,4,8,-2502.9295095089815,-0.002167,-6374.04581
AG_05_098,-1,FMP_AG,SKIN,0,1,1,0,0.667,1.0,10.0,73.8,-335.0,186,79,-294.0,0.0,33379,6438381.4,1925822.7,4,9,-2502.9295095089815,-0.002167,-6374.04581
AG_05_099,-1,FMP_AG,SKIN,0,1,1,0,0.667,1.0,10.0,6.5,-69.5,188,92,-61.9,0.0,33752,6444831.4,1927106.1,4,6,-2502.9295095089815,-0.002167,-6374.04581
AG_05_100,-1,FMP_AG,SKIN,0,1,1,0,0.667,1.0,10.0,7.88,-68.1,189,95,-60.5,0.0,33935,6446412.0,1927149.3,4,5,-2502.9295095089815,-0.002167,-6374.04581
AG_05_101,-1,FMP_AG,SKIN,0,1,1,0,0.667,1.0,10.0,22.9,-241.0,173,85,-215.0,0.0,31045,6438977.3,1932956.7,4,8,-2502.9295095089815,-0.002167,-6374.04581
AG_05_102,-1,FMP_AG,SKIN,0,1,1,0,0.667,1.0,10.0,23.9,-241.0,171,92,-215.0,0.0,30692,6441924.2,1935093.5,4,8,-2502.9295095089815,-0.002167,-6374.04581
AG_05_103,-1,FMP_AG,SKIN,0,1,1,0,0.667,1.0,10.0,26.9,-322.0,175,81,-287.0,0.0,31401,6437440.0,1931333.0,4,9,-2502.9295095089815,-0.002167,-6374.04581
AG_05_104,-1,FMP_AG,SKIN,0,1,1,0,0.667,1.0,10.0,27.1,-319.0,190,85,-284.0,0.0,34105,6441884.5,1924969.3,4,8,-2502.9295095089815,-0.002167,-6374.04581
AG_05_105,-1,FMP_AG,SKIN,0,1,1,0,0.667,1.0,10.0,33.0,-313.0,190,84,-278.0,0.0,34104,6441414.7,1924798.3,4,8,-2502.9295095089815,-0.002167,-6374.04581
AG_05_106,-1,FMP_AG,SKIN,0,1,1,0,0.667,1.0,10.0,27.0,-337.0,192,82,-301.0,0.0,34462,6440817.0,1923516.6,5,9,-2502.9295095089815,-0.002167,-6374.04581
AG_05_107,-1,FMP_AG,SKIN,0,1,1,0,0.667,1.0,10.0,23.4,-324.0,189,84,-289.0,0.0,33924,6441243.6,1925268.2,4,8,-2502.9295095089815,-0.002167,-6374.04581
AG_05_108,-1,FMP_AG,SKIN,0,1,1,0,0.667,1.0,10.0,-24.2,-197.0,207,96,-180.0,0.0,37176,6449960.0,1918863.1,5,7,-2502.9295095089815,-0.002167,-6374.04581
AG_05_109,-1,FMP_AG,SKIN,0,1,1,0,0.667,1.0,10.0,0.486,-352.0,192,85,-316.0,0.0,34465,6442226.5,1924029.6,5,9,-2502.9295095089815,-0.002167,-6374.04581
AG_05_110,-1,FMP_AG,SKIN,0,1,1,0,0.667,1.0,10.0,19.2,-382.0,177,82,-342.0,0.0,31762,6438251.8,1930564.3,5,9,-2502.9295095089815,-0.002167,-6374.04581
AG_05_111,-1,FMP_AG,SKIN,0,1,1,0,0.667,1.0,10.0,1.08,-330.0,186,88,-297.0,0.0,33388,6442610.0,1927361.8,5,8,-2502.9295095089815,-0.002167,-6374.04581
AG_05_112,-1,FMP_AG,SKIN,0,1,1,0,0.667,1.0,10.0,5.97,-335.0,188,86,-301.0,0.0,33746,6442012.3,1926080.0,5,9,-2502.9295095089815,-0.002167,-6374.04581
AG_05_113,-1,FMP_AG,SKIN,0,1,1,0,0.667,1.0,10.0,7.72,-348.0,197,86,-313.0,0.0,35366,6443551.4,1921851.4,5,9,-2502.9295095089815,-0.002167,-6374.04581
AG_05_114,-1,FMP_AG,SKIN,0,1,1,0,0.667,1.0,10.0,-36.0,-257.0,201,97,-235.0,0.0,36097,6449403.8,1921853.2,5,8,-2502.9295095089815,-0.002167,-6374.04581
AG_05_115,-1,FMP_AG,SKIN,0,1,1,0,0.667,1.0,10.0,-48.5,-240.0,209,101,-220.0,0.0,37541,6452651.2,1918778.4,5,7,-2502.9295095089815,-0.002167,-6374.04581
AG_05_116,-1,FMP_AG,SKIN,0,1,1,0,0.667,1.0,10.0,-16.3,-332.0,187,89,-301.0,0.0,33569,6443250.9,1927062.9,5,8,-2502.9295095089815,-0.002167,-6374.04581
AG_05_117,-1,FMP_AG,SKIN,0,1,1,0,0.667,1.0,10.0,91.7,-336.0,192,78,-294.0,0.0,34458,6438937.6,1922832.6,4,9,-2502.9295095089815,-0.002167,-6374.04581
AG_05_118,-1,FMP_AG,SKIN,0,1,1,0,0.667,1.0,10.0,12.2,-349.0,187,82,-313.0,0.0,33562,6439961.9,1925865.8,5,9,-2502.9295095089815,-0.002167,-6374.04581
AG_05_119,-1,FMP_AG,SKIN,0,1,1,0,0.667,1.0,10.0,-17.6,-397.0,184,88,-359.0,0.0,33028,6442268.0,1928301.4,5,9,-2502.9295095089815,-0.002167,-6374.04581
AG_05_120,-1,FMP_AG,SKIN,0,1,1,0,0.667,1.0,10.0,7.8,-411.0,165,83,-369.0,0.0,29603,6436669.6,1936373.5,5,9,-2502.9295095089815,-0.002167,-6374.04581
AG_05_121,-1,FMP_AG,SKIN,0,1,1,0,0.667,1.0,10.0,18.6,-419.0,186,80,-376.0,0.0,33380,6438851.2,1925993.7,5,9,-2502.9295095089815,-0.002167,-6374.04581
AG_05_122,-1,FMP_AG,SKIN,0,1,1,0,0.667,1.0,10.0,99.0,-185.0,202,79,-157.0,0.0,36259,6441117.5,1918305.1,4,7,-2502.9295095089815,-0.002167,-6374.04581
AG_05_123,-1,FMP_AG,SKIN,0,1,1,0,0.667,1.0,10.0,-38.0,-408.0,191,86,-371.0,0.0,34286,6442525.4,1924670.5,5,9,-2502.9295095089815,-0.002167,-6374.04581
AG_05_124,-1,FMP_AG,SKIN,0,1,1,0,0.667,1.0,10.0,8.83,-398.0,185,80,-358.0,0.0,33200,6438680.2,1926463.5,5,9,-2502.9295095089815,-0.002167,-6374.04581
AG_05_125,-1,FMP_AG,SKIN,0,1,1,0,0.667,1.0,10.0,-24.4,-239.0,165,92,-218.0,0.0,29612,6440898.2,1937912.6,5,8,-2502.9295095089815,-0.002167,-6374.04581
AG_05_126,-1,FMP_AG,SKIN,0,1,1,0,0.667,1.0,10.0,-23.1,-238.0,165,88,-217.0,0.0,29608,6439018.8,1937228.5,5,8,-2502.9295095089815,-0.002167,-6374.04581
AG_05_127,-1,FMP_AG,SKIN,0,1,1,0,0.667,1.0,10.0,-38.7,-535.0,194,86,-485.0,0.0,34826,6443038.4,1923261.0,5,10,-2502.9295095089815,-0.002167,-6374.04581
AG_05_128,-1,FMP_AG,SKIN,0,1,1,0,0.667,1.0,10.0,-69.9,-170.0,190,92,-160.0,0.0,34112,6445173.4,1926166.4,6,7,-2502.9295095089815,-0.002167,-6374.04581
AG_05_129,-1,FMP_AG,SKIN,0,1,1,0,0.667,1.0,10.0,-71.9,-196.0,184,92,-184.0,0.0,33032,6444147.4,1928985.5,6,7,-2502.9295095089815,-0.002167,-6374.04581
AG_05_130,-1,FMP_AG,SKIN,0,1,1,0,0.667,1.0,10.0,-42.8,-217.0,169,74,-199.0,0.0,30314,6433125.0,1932955.0,6,8,-2502.9295095089815,-0.002167,-6374.04581
AG_05_131,-1,FMP_AG,SKIN,0,1,1,0,0.667,1.0,10.0,-67.8,-618.0,184,81,-563.0,0.0,33021,6438979.1,1927104.4,6,10,-2502.9295095089815,-0.002167,-6374.04581
AG_05_132,-1,FMP_AG,SKIN,0,1,1,0,0.667,1.0,10.0,-87.0,-373.0,200,83,-344.0,0.0,35903,6442654.9,1919928.9,6,9,-2502.9295095089815,-0.002167,-6374.04581
AG_05_133,-1,FMP_AG,SKIN,0,1,1,0,0.667,1.0,10.0,-172.0,-355.0,189,95,-337.0,0.0,33935,6446412.0,1927149.3,7,9,-2502.9295095089815,-0.002167,-6374.04581
AG_05_134,-1,FMP_AG,SKIN,0,1,1,0,0.667,1.0,10.0,-117.0,-395.0,198,81,-367.0,0.0,35541,6441373.2,1920526.5,7,9,-2502.9295095089815,-0.002167,-6374.04581
AG_06_001,-1,FMP_AG,SKIN,0,1,1,0,0.667,1.0,10.0,109.0,-44.2,163,94,-28.9,0.0,29254,6441495.8,1939194.3,3,6,-1227.2240886295187,-0.000749,-3657.20749
AG_06_002,-1,FMP_AG,SKIN,0,1,1,0,0.667,1.0,10.0,134.0,-262.0,150,92,-222.0,0.0,26912,6438333.0,1944960.3,3,8,-1227.2240886295187,-0.000749,-3657.20749
AG_06_003,-1,FMP_AG,SKIN,0,1,1,0,0.667,1.0,10.0,203.0,-197.0,110,71,-157.0,0.0,19691,6421625.8,1960162.9,2,8,-1227.2240886295187,-0.000749,-3657.20749
AG_06_004,-1,FMP_AG,SKIN,0,1,1,0,0.667,1.0,10.0,391.0,260.0,140,57,273.0,0.0,25077,6420178.3,1943673.4,1,3,-124.92835846524063,-0.000683,-2045.406675
AG_06_005,-1,FMP_AG,SKIN,0,1,1,0,0.667,1.0,10.0,112.0,-354.0,154,90,-307.0,0.0,27630,6438077.4,1942738.9,3,9,-1227.2240886295187,-0.000749,-3657.20749
AG_06_006,-1,FMP_AG,SKIN,0,1,1,0,0.667,1.0,10.0,129.0,-304.0,144,86,-261.0,0.0,25826,6434487.9,1946753.3,3,9,-1227.2240886295187,-0.000749,-3657.20749
AG_06_007,-1,FMP_AG,SKIN,0,1,1,0,0.667,1.0,10.0,109.0,-52.2,166,96,-36.1,0.0,29796,6442948.6,1938126.8,3,6,-1227.2240886295187,-0.000749,-3657.20749
AG_06_008,-1,FMP_AG,SKIN,0,1,1,0,0.667,1.0,10.0,112.0,-154.0,164,102,-127.0,0.0,29442,6445425.6,1940092.5,3,7,-1227.2240886295187,-0.000749,-3657.20749
AG_06_009,-1,FMP_AG,SKIN,0,1,1,0,0.667,1.0,10.0,132.0,-5.85,137,83,7.95,0.0,24563,6431881.3,1949529.2,3,6,-1227.2240886295187,-0.000749,-3657.20749
AG_06_010,-1,FMP_AG,SKIN,0,1,1,0,0.667,1.0,10.0,146.0,-304.0,146,93,-259.0,0.0,26193,6438118.8,1947010.7,3,9,-1227.2240886295187,-0.000749,-3657.20749
AG_06_011,-1,FMP_AG,SKIN,0,1,1,0,0.667,1.0,10.0,173.0,9.89,162,96,26.2,0.0,29076,6442264.5,1940006.1,1,5,-1227.2240886295187,-0.000749,-3657.20749
AG_06_012,-1,FMP_AG,SKIN,0,1,1,0,0.667,1.0,10.0,118.0,-178.0,164,103,-149.0,0.0,29443,6445895.5,1940263.5,3,7,-1227.2240886295187,-0.000749,-3657.20749
AG_06_013,-1,FMP_AG,SKIN,0,1,1,0,0.667,1.0,10.0,122.0,-28.6,140,82,-13.5,0.0,25102,6431924.5,1947948.6,3,6,-1227.2240886295187,-0.000749,-3657.20749
AG_06_014,-1,FMP_AG,SKIN,0,1,1,0,0.667,1.0,10.0,147.0,-76.0,118,67,-53.7,0.0,21127,6421114.5,1955720.1,3,7,-1227.2240886295187,-0.000749,-3657.20749
AG_06_015,-1,FMP_AG,SKIN,0,1,1,0,0.667,1.0,10.0,108.0,-90.7,142,83,-70.8,0.0,25463,6432736.3,1947179.9,4,7,-1227.2240886295187,-0.000749,-3657.20749
AG_06_016,-1,FMP_AG,SKIN,0,1,1,0,0.667,1.0,10.0,59.6,-219.0,169,93,-191.0,0.0,30333,6442052.1,1936204.2,4,8,-1227.2240886295187,-0.000749,-3657.20749
AG_06_017,-1,FMP_AG,SKIN,0,1,1,0,0.667,1.0,10.0,206.0,-18.9,155,95,3.62,0.0,27815,6440597.6,1943124.1,1,6,-1227.2240886295187,-0.000749,-3657.20749
AG_06_018,-1,FMP_AG,SKIN,0,1,1,0,0.667,1.0,10.0,247.0,19.1,139,62,41.9,0.0,24902,6422356.5,1944998.3,2,6,-1227.2240886295187,-0.000749,-3657.20749
AG_06_019,-1,FMP_AG,SKIN,0,1,1,0,0.667,1.0,10.0,72.4,-311.0,163,99,-272.0,0.0,29259,6443845.1,1940049.3,4,8,-1227.2240886295187,-0.000749,-3657.20749
AG_06_020,-1,FMP_AG,SKIN,0,1,1,0,0.667,1.0,10.0,129.0,-291.0,165,99,-249.0,0.0,29619,6444187.1,1939109.6,2,8,-1227.2240886295187,-0.000749,-3657.20749
AG_06_021,-1,FMP_AG,SKIN,0,1,1,0,0.667,1.0,10.0,61.6,-87.4,153,92,-72.5,0.0,27452,6438846.1,1943550.7,4,6,-1227.2240886295187,-0.000749,-3657.20749
AG_06_022,-1,FMP_AG,SKIN,0,1,1,0,0.667,1.0,10.0,130.0,87.6,159,97,91.8,0.0,28537,6442221.3,1941586.7,3,4,-362.6612844367472,-0.000749,-1604.887715
AG_06_023,-1,FMP_AG,SKIN,0,1,1,0,0.667,1.0,10.0,373.0,77.0,136,88,107.0,0.0,24388,6434059.5,1950854.1,1,5,-980.827812183736,-0.000749,-2828.83767
AG_06_024,-1,FMP_AG,SKIN,0,1,1,0,0.667,1.0,10.0,338.0,59.5,141,57,87.3,0.0,25257,6420349.3,1943203.5,1,6,-1227.2240886295187,-0.000749,-3657.20749
AG_06_025,-1,FMP_AG,SKIN,0,1,1,0,0.667,1.0,10.0,48.7,-162.0,157,95,-141.0,0.0,28175,6440939.6,1942184.4,4,7,-1227.2240886295187,-0.000749,-3657.20749
AG_06_026,-1,FMP_AG,SKIN,0,1,1,0,0.667,1.0,10.0,73.7,-288.0,183,76,-252.0,0.0,32836,6436458.8,1926719.2,4,8,-1227.2240886295187,-0.000749,-3657.20749
AG_06_027,-1,FMP_AG,SKIN,0,1,1,0,0.667,1.0,10.0,210.0,-235.0,149,62,-190.0,0.0,26702,6424066.6,1940299.8,3,9,-1227.2240886295187,-0.000749,-3657.20749
AG_06_028,-1,FMP_AG,SKIN,0,1,1,0,0.667,1.0,10.0,450.0,149.0,138,61,179.0,0.0,24721,6421715.7,1945297.1,1,5,-913.9594712500005,-0.000749,-2954.8925
AG_06_029,-1,FMP_AG,SKIN,0,1,1,0,0.667,1.0,10.0,130.0,-68.6,163,99,-48.7,0.0,29259,6443845.1,1940049.3,2,6,-1227.2240886295187,-0.000749,-3657.20749
AG_06_030,-1,FMP_AG,SKIN,0,1,1,0,0.667,1.0,10.0,44.9,-164.0,162,98,-143.0,0.0,29078,6443204.2,1940348.2,4,7,-1227.2240886295187,-0.000749,-3657.20749
AG_06_031,-1,FMP_AG,SKIN,0,1,1,0,0.667,1.0,10.0,3.94,-216.0,156,93,-194.0,0.0,27993,6439828.9,1942312.2,5,8,-1227.2240886295187,-0.000749,-3657.20749
AG_06_032,-1,FMP_AG,SKIN,0,1,1,0,0.667,1.0,10.0,-24.3,-307.0,165,93,-279.0,0.0,29613,6441368.0,1938083.6,5,8,-1227.2240886295187,-0.000749,-3657.20749
AG_06_033,-1,FMP_AG,SKIN,0,1,1,0,0.667,1.0,10.0,34.4,-300.0,110,69,-266.0,0.0,19689,6420686.2,1959820.9,6,9,-1227.2240886295187,-0.000749,-3657.20749
AG_06_034,-1,FMP_AG,SKIN,0,1,1,0,0.667,1.0,10.0,17.8,-287.0,115,68,-257.0,0.0,20588,6421071.4,1957300.6,6,9,-1227.2240886295187,-0.000749,-3657.20749
AG_06_035,-1,FMP_AG,SKIN,0,1,1,0,0.667,1.0,10.0,199.0,-111.0,141,60,-80.4,0.0,25260,6421758.8,1943716.6,4,8,-1227.2240886295187,-0.000749,-3657.20749
AG_06_036,-1,FMP_AG,SKIN,0,1,1,0,0.667,1.0,10.0,126.0,-185.0,136,62,-154.0,0.0,24362,6421843.5,1946407.8,5,8,-1227.2240886295187,-0.000749,-3657.20749
AG_07_001,-1,FMP_AG,SKIN,0,1,1,0,0.667,1.0,10.0,46.4,-28.6,225,110,-21.1,0.0,40430,6459616.0,1912800.0,2,4,-2668.6837238580424,-0.189881,-8667.24598
AG_07_002,-1,FMP_AG,SKIN,0,1,1,0,0.667,1.0,10.0,41.1,-104.0,224,116,-89.4,0.0,40256,6462264.1,1914295.9,2,5,-2006.500417343846,-0.189881,-6093.90401
AG_07_003,-1,FMP_AG,SKIN,0,1,1,0,0.667,1.0,10.0,81.8,56.8,196,96,59.3,0.0,35196,6448078.9,1924031.4,2,3,-2668.6837238580424,-0.189881,-8667.24598
AG_07_004,-1,FMP_AG,SKIN,0,1,1,0,0.667,1.0,10.0,106.0,-39.4,179,101,-24.9,0.0,32141,6447520.9,1932873.8,2,5,-2668.6837238580424,-0.189881,-8667.24598
AG_07_005,-1,FMP_AG,SKIN,0,1,1,0,0.667,1.0,10.0,65.4,-144.0,218,116,-123.0,0.0,39176,6461238.0,1917115.0,2,6,-2668.6837238580424,-0.189881,-8667.24598
AG_07_006,-1,FMP_AG,SKIN,0,1,1,0,0.667,1.0,10.0,46.1,-54.9,224,107,-44.8,0.0,40247,6458035.5,1912756.8,2,5,-2668.6837238580424,-0.189881,-8667.24598
AG_07_007,-1,FMP_AG,SKIN,0,1,1,0,0.667,1.0,10.0,78.2,-54.8,198,97,-41.5,0.0,35557,6448890.7,1923262.7,2,5,-2668.6837238580424,-0.189881,-8667.24598
AG_07_008,-1,FMP_AG,SKIN,0,1,1,0,0.667,1.0,10.0,89.3,-83.7,200,115,-66.4,0.0,35935,6457690.0,1925401.2,2,6,-2544.475427233437,-0.189881,-7484.765515
AG_07_009,-1,FMP_AG,SKIN,0,1,1,0,0.667,1.0,10.0,87.8,-135.0,190,111,-113.0,0.0,34131,6454100.5,1929415.6,2,6,-2668.6837238580424,-0.189881,-8667.24598
AG_07_010,-1,FMP_AG,SKIN,0,1,1,0,0.667,1.0,10.0,83.6,-139.0,190,110,-117.0,0.0,34130,6453630.7,1929244.6,3,7,-2668.6837238580424,-0.189881,-8667.24598
AG_07_011,-1,FMP_AG,SKIN,0,1,1,0,0.667,1.0,10.0,123.0,40.4,196,115,48.7,0.0,35215,6457005.9,1927280.6,1,4,-220.6969281892745,-0.189881,-2021.578515
AG_07_012,-1,FMP_AG,SKIN,0,1,1,0,0.667,1.0,10.0,88.8,5.76,195,111,14.1,0.0,35031,6454955.6,1927066.4,2,4,-2409.377222107254,-0.189881,-6853.096055
AG_07_013,-1,FMP_AG,SKIN,0,1,1,0,0.667,1.0,10.0,73.4,-169.0,195,109,-144.0,0.0,35029,6454015.9,1926724.4,3,7,-2668.6837238580424,-0.189881,-8667.24598
AG_07_014,-1,FMP_AG,SKIN,0,1,1,0,0.667,1.0,10.0,32.8,-182.0,225,114,-161.0,0.0,40434,6461495.4,1913484.0,3,6,-2668.6837238580424,-0.189881,-8667.24598
AG_07_015,-1,FMP_AG,SKIN,0,1,1,0,0.667,1.0,10.0,31.9,-184.0,229,110,-163.0,0.0,41150,6460300.0,1910920.6,3,6,-2668.6837238580424,-0.189881,-8667.24598
AG_07_016,-1,FMP_AG,SKIN,0,1,1,0,0.667,1.0,10.0,34.6,-181.0,224,112,-160.0,0.0,40252,6460384.7,1913611.8,3,6,-2668.6837238580424,-0.189881,-8667.24598
AG_07_017,-1,FMP_AG,SKIN,0,1,1,0,0.667,1.0,10.0,50.8,-211.0,215,109,-185.0,0.0,38629,6457436.1,1917327.4,3,7,-2668.6837238580424,-0.189881,-8667.24598
AG_07_018,-1,FMP_AG,SKIN,0,1,1,0,0.667,1.0,10.0,50.7,-108.0,217,105,-92.4,0.0,38985,6455898.7,1915703.7,2,6,-2668.6837238580424,-0.189881,-8667.24598
AG_07_019,-1,FMP_AG,SKIN,0,1,1,0,0.667,1.0,10.0,50.4,-218.0,217,105,-191.0,0.0,38985,6455898.7,1915703.7,2,7,-2668.6837238580424,-0.189881,-8667.24598
AG_07_020,-1,FMP_AG,SKIN,0,1,1,0,0.667,1.0,10.0,63.5,-205.0,216,114,-178.0,0.0,38814,6459956.3,1917712.6,2,7,-2668.6837238580424,-0.189881,-8667.24598
AG_07_021,-1,FMP_AG,SKIN,0,1,1,0,0.667,1.0,10.0,73.3,-179.0,193,100,-154.0,0.0,34660,6449445.2,1926125.0,3,7,-2668.6837238580424,-0.189881,-8667.24598
AG_07_022,-1,FMP_AG,SKIN,0,1,1,0,0.667,1.0,10.0,249.0,61.9,201,109,80.6,0.0,36109,6455041.9,1923905.3,1,3,-51.37313482018927,-0.189881,-720.5825
AG_07_023,-1,FMP_AG,SKIN,0,1,1,0,0.667,1.0,10.0,82.3,-170.0,187,104,-145.0,0.0,33584,6450298.5,1929628.1,3,7,-2668.6837238580424,-0.189881,-8667.24598
AG_07_024,-1,FMP_AG,SKIN,0,1,1,0,0.667,1.0,10.0,92.3,-13.7,182,107,-3.09,0.0,32687,6450853.0,1932490.3,3,5,-2668.6837238580424,-0.189881,-8667.24598
AG_07_025,-1,FMP_AG,SKIN,0,1,1,0,0.667,1.0,10.0,81.3,-54.7,188,108,-41.1,0.0,33768,6452348.9,1929842.3,3,5,-2668.6837238580424,-0.189881,-8667.24598
AG_07_026,-1,FMP_AG,SKIN,0,1,1,0,0.667,1.0,10.0,78.4,-52.6,189,106,-39.5,0.0,33946,6451580.3,1929030.4,3,5,-2668.6837238580424,-0.189881,-8667.24598
AG_07_027,-1,FMP_AG,SKIN,0,1,1,0,0.667,1.0,10.0,76.7,-54.3,190,107,-41.2,0.0,34127,6452221.1,1928731.6,3,5,-2668.6837238580424,-0.189881,-8667.24598
AG_07_028,-1,FMP_AG,SKIN,0,1,1,0,0.667,1.0,10.0,36.5,-8.48,225,110,-3.98,0.0,40430,6459616.0,1912800.0,2,4,-2668.6837238580424,-0.189881,-8667.24598
AG_07_029,-1,FMP_AG,SKIN,0,1,1,0,0.667,1.0,10.0,46.7,-228.0,215,110,-201.0,0.0,38630,6457905.9,1917498.4,3,7,-2668.6837238580424,-0.189881,-8667.24598
AG_07_030,-1,FMP_AG,SKIN,0,1,1,0,0.667,1.0,10.0,87.2,-173.0,185,107,-147.0,0.0,33227,6451366.1,1931080.8,3,7,-2668.6837238580424,-0.189881,-8667.24598
AG_07_031,-1,FMP_AG,SKIN,0,1,1,0,0.667,1.0,10.0,27.5,-102.0,229,109,-88.6,0.0,41149,6459830.2,1910749.6,3,5,-2668.6837238580424,-0.189881,-8667.24598
AG_07_032,-1,FMP_AG,SKIN,0,1,1,0,0.667,1.0,10.0,66.9,-218.0,215,114,-190.0,0.0,38634,6459785.3,1918182.5,2,7,-2668.6837238580424,-0.189881,-8667.24598
AG_07_033,-1,FMP_AG,SKIN,0,1,1,0,0.667,1.0,10.0,86.4,-107.0,183,103,-87.3,0.0,32863,6449144.7,1931336.4,3,6,-2668.6837238580424,-0.189881,-8667.24598
AG_07_034,-1,FMP_AG,SKIN,0,1,1,0,0.667,1.0,10.0,38.9,-88.2,225,105,-75.5,0.0,40425,6457266.8,1911944.9,3,5,-1871.0321706403777,-0.189881,-5972.2453
AG_07_035,-1,FMP_AG,SKIN,0,1,1,0,0.667,1.0,10.0,48.3,-244.0,211,106,-215.0,0.0,37906,6455342.5,1918693.8,3,7,-2668.6837238580424,-0.189881,-8667.24598
AG_07_036,-1,FMP_AG,SKIN,0,1,1,0,0.667,1.0,10.0,47.8,-244.0,211,106,-215.0,0.0,37906,6455342.5,1918693.8,3,7,-2668.6837238580424,-0.189881,-8667.24598
AG_07_037,-1,FMP_AG,SKIN,0,1,1,0,0.667,1.0,10.0,45.6,-247.0,212,104,-217.0,0.0,38084,6454573.8,1917881.9,3,7,-2668.6837238580424,-0.189881,-8667.24598
AG_07_038,-1,FMP_AG,SKIN,0,1,1,0,0.667,1.0,10.0,32.9,-213.0,225,118,-189.0,0.0,40438,6463374.8,1914168.1,3,7,-2668.6837238580424,-0.189881,-8667.24598
AG_07_039,-1,FMP_AG,SKIN,0,1,1,0,0.667,1.0,10.0,69.3,-196.0,190,101,-169.0,0.0,34121,6449402.0,1927705.5,3,7,-2668.6837238580424,-0.189881,-8667.24598
AG_07_040,-1,FMP_AG,SKIN,0,1,1,0,0.667,1.0,10.0,23.8,-115.0,228,108,-101.0,0.0,40968,6459189.3,1911048.4,3,6,-2668.6837238580424,-0.189881,-8667.24598
AG_07_041,-1,FMP_AG,SKIN,0,1,1,0,0.667,1.0,10.0,53.1,-56.0,202,103,-45.1,0.0,36283,6452393.9,1922409.4,3,5,-2668.6837238580424,-0.189881,-8667.24598
AG_07_042,-1,FMP_AG,SKIN,0,1,1,0,0.667,1.0,10.0,28.3,-114.0,221,109,-99.5,0.0,39709,6458462.1,1914508.3,3,6,-2668.6837238580424,-0.189881,-8667.24598
AG_07_043,-1,FMP_AG,SKIN,0,1,1,0,0.667,1.0,10.0,59.3,-237.0,193,105,-207.0,0.0,34665,6451794.5,1926980.0,3,7,-2668.6837238580424,-0.189881,-8667.24598
AG_07_044,-1,FMP_AG,SKIN,0,1,1,0,0.667,1.0,10.0,41.7,-278.0,214,104,-246.0,0.0,38444,6454915.8,1916942.2,3,8,-2668.6837238580424,-0.189881,-8667.24598
AG_07_045,-1,FMP_AG,SKIN,0,1,1,0,0.667,1.0,10.0,41.8,-278.0,215,112,-246.0,0.0,38632,6458845.6,1917840.5,3,8,-2668.6837238580424,-0.189881,-8667.24598
AG_07_046,-1,FMP_AG,SKIN,0,1,1,0,0.667,1.0,10.0,43.5,-165.0,219,118,-144.0,0.0,39358,6462348.7,1916987.1,3,7,-2668.6837238580424,-0.189881,-8667.24598
AG_07_047,-1,FMP_AG,SKIN,0,1,1,0,0.667,1.0,10.0,70.4,-215.0,221,121,-186.0,0.0,39721,6464100.3,1916560.5,3,7,-2668.6837238580424,-0.189881,-8667.24598
AG_07_048,-1,FMP_AG,SKIN,0,1,1,0,0.667,1.0,10.0,84.6,-40.5,221,122,-28.0,0.0,39722,6464570.1,1916731.5,2,5,-685.6032871293373,-0.189881,-4614.778225
AG_07_049,-1,FMP_AG,SKIN,0,1,1,0,0.667,1.0,10.0,53.2,-237.0,220,120,-208.0,0.0,39540,6463459.4,1916859.3,3,7,-2668.6837238580424,-0.189881,-8667.24598
AG_07_050,-1,FMP_AG,SKIN,0,1,1,0,0.667,1.0,10.0,37.4,-252.0,219,114,-223.0,0.0,39354,6460469.3,1916303.1,3,7,-2668.6837238580424,-0.189881,-8667.24598
AG_07_051,-1,FMP_AG,SKIN,0,1,1,0,0.667,1.0,10.0,65.0,-225.0,220,121,-196.0,0.0,39541,6463929.3,1917030.3,3,7,-2668.6837238580424,-0.189881,-8667.24598
AG_07_052,-1,FMP_AG,SKIN,0,1,1,0,0.667,1.0,10.0,30.7,-277.0,217,108,-247.0,0.0,38988,6457308.2,1916216.7,3,8,-2668.6837238580424,-0.189881,-8667.24598
AG_07_053,-1,FMP_AG,SKIN,0,1,1,0,0.667,1.0,10.0,88.7,-201.0,222,122,-172.0,0.0,39902,6464741.1,1916261.6,2,7,-2668.6837238580424,-0.189881,-8667.24598
AG_07_054,-1,FMP_AG,SKIN,0,1,1,0,0.667,1.0,10.0,73.3,-204.0,187,107,-176.0,0.0,33587,6451708.1,1930141.1,3,7,-2668.6837238580424,-0.189881,-8667.24598
AG_07_055,-1,FMP_AG,SKIN,0,1,1,0,0.667,1.0,10.0,72.8,-240.0,185,103,-209.0,0.0,33223,6449486.7,1930396.8,3,8,-2668.6837238580424,-0.189881,-8667.24598
AG_07_056,-1,FMP_AG,SKIN,0,1,1,0,0.667,1.0,10.0,54.0,-68.0,198,98,-55.8,0.0,35558,6449360.6,1923433.7,3,5,-2668.6837238580424,-0.189881,-8667.24598
AG_07_057,-1,FMP_AG,SKIN,0,1,1,0,0.667,1.0,10.0,11.6,-142.0,230,114,-126.0,0.0,41334,6462350.4,1911134.8,3,6,-2668.6837238580424,-0.189881,-8667.24598
AG_07_058,-1,FMP_AG,SKIN,0,1,1,0,0.667,1.0,10.0,39.8,-145.0,212,108,-127.0,0.0,38088,6456453.2,1918566.0,3,6,-2668.6837238580424,-0.189881,-8667.24598
AG_07_059,-1,FMP_AG,SKIN,0,1,1,0,0.667,1.0,10.0,17.7,-112.0,224,115,-99.3,0.0,40255,6461794.2,1914124.9,3,6,-2419.561175403784,-0.189881,-6853.096055
AG_07_060,-1,FMP_AG,SKIN,0,1,1,0,0.667,1.0,10.0,46.8,-239.0,224,121,-211.0,0.0,40261,6464613.3,1915150.9,3,7,-2668.6837238580424,-0.189881,-8667.24598
AG_07_061,-1,FMP_AG,SKIN,0,1,1,0,0.667,1.0,10.0,55.6,-117.0,211,111,-100.0,0.0,37911,6457691.7,1919548.8,3,6,-2668.6837238580424,-0.189881,-8667.24598
AG_07_062,-1,FMP_AG,SKIN,0,1,1,0,0.667,1.0,10.0,9.16,-247.0,229,114,-221.0,0.0,41154,6462179.4,1911604.6,3,7,-2668.6837238580424,-0.189881,-8667.24598
AG_07_063,-1,FMP_AG,SKIN,0,1,1,0,0.667,1.0,10.0,140.0,-185.0,212,113,-152.0,0.0,38093,6458802.4,1919421.0,1,7,-2668.6837238580424,-0.189881,-8667.24598
AG_07_064,-1,FMP_AG,SKIN,0,1,1,0,0.667,1.0,10.0,97.0,-161.0,169,102,-135.0,0.0,30342,6446280.7,1937743.3,3,7,-2668.6837238580424,-0.189881,-8667.24598
AG_07_065,-1,FMP_AG,SKIN,0,1,1,0,0.667,1.0,10.0,42.6,-90.4,200,101,-77.1,0.0,35921,6451112.1,1923007.0,3,6,-2668.6837238580424,-0.189881,-8667.24598
AG_07_066,-1,FMP_AG,SKIN,0,1,1,0,0.667,1.0,10.0,104.0,-161.0,207,117,-134.0,0.0,37197,6459826.8,1922454.3,2,7,-2668.6837238580424,-0.189881,-8667.24598
AG_07_067,-1,FMP_AG,SKIN,0,1,1,0,0.667,1.0,10.0,88.3,-162.0,171,100,-137.0,0.0,30700,6445683.0,1936461.6,3,7,-2668.6837238580424,-0.189881,-8667.24598
AG_07_068,-1,FMP_AG,SKIN,0,1,1,0,0.667,1.0,10.0,-3.43,-47.4,241,112,-43.0,0.0,43312,6463291.9,1905624.5,3,4,-343.2414917444795,-0.189881,-2435.26588
AG_07_069,-1,FMP_AG,SKIN,0,1,1,0,0.667,1.0,10.0,203.0,-62.4,223,118,-35.9,0.0,40078,6463032.8,1915107.7,1,5,-1038.0628153249215,-0.189881,-4614.778225
AG_07_070,-1,FMP_AG,SKIN,0,1,1,0,0.667,1.0,10.0,41.6,-99.4,196,101,-85.3,0.0,35201,6450428.1,1924886.4,3,6,-2668.6837238580424,-0.189881,-8667.24598
AG_07_071,-1,FMP_AG,SKIN,0,1,1,0,0.667,1.0,10.0,9.04,-171.0,226,110,-153.0,0.0,40610,6459787.0,1912330.1,3,6,-2668.6837238580424,-0.189881,-8667.24598
AG_07_072,-1,FMP_AG,SKIN,0,1,1,0,0.667,1.0,10.0,90.4,-138.0,211,118,-115.0,0.0,37918,6460980.6,1920745.9,3,7,-2668.6837238580424,-0.189881,-8667.24598
AG_07_073,-1,FMP_AG,SKIN,0,1,1,0,0.667,1.0,10.0,56.4,-45.6,188,95,-35.4,0.0,33755,6446240.9,1927619.1,3,5,-2668.6837238580424,-0.189881,-8667.24598
AG_07_074,-1,FMP_AG,SKIN,0,1,1,0,0.667,1.0,10.0,144.0,-38.5,222,102,-20.3,0.0,39882,6455344.2,1912841.4,1,5,-1009.0153477539428,-0.189881,-4614.778225
AG_07_075,-1,FMP_AG,SKIN,0,1,1,0,0.667,1.0,10.0,3.33,-269.0,227,118,-242.0,0.0,40798,6463716.8,1913228.4,3,7,-2668.6837238580424,-0.189881,-8667.24598
AG_07_076,-1,FMP_AG,SKIN,0,1,1,0,0.667,1.0,10.0,68.0,-201.0,180,98,-174.0,0.0,32318,6446282.4,1931890.9,3,7,-2668.6837238580424,-0.189881,-8667.24598
AG_07_077,-1,FMP_AG,SKIN,0,1,1,0,0.667,1.0,10.0,64.5,-205.0,182,101,-178.0,0.0,32681,6448034.0,1931464.3,3,7,-2668.6837238580424,-0.189881,-8667.24598
AG_07_078,-1,FMP_AG,SKIN,0,1,1,0,0.667,1.0,10.0,78.4,-191.0,175,103,-164.0,0.0,31423,6447776.6,1935095.2,3,7,-2668.6837238580424,-0.189881,-8667.24598
AG_07_079,-1,FMP_AG,SKIN,0,1,1,0,0.667,1.0,10.0,82.7,-186.0,175,100,-159.0,0.0,31420,6446367.0,1934582.2,3,7,-2668.6837238580424,-0.189881,-8667.24598
AG_07_080,-1,FMP_AG,SKIN,0,1,1,0,0.667,1.0,10.0,75.4,-192.0,176,97,-165.0,0.0,31597,6445128.5,1933599.3,3,7,-2668.6837238580424,-0.189881,-8667.24598
AG_07_081,-1,FMP_AG,SKIN,0,1,1,0,0.667,1.0,10.0,6.2,-179.0,226,108,-160.0,0.0,40608,6458847.3,1911988.1,3,6,-2668.6837238580424,-0.189881,-8667.24598
AG_07_082,-1,FMP_AG,SKIN,0,1,1,0,0.667,1.0,10.0,6.08,-179.0,226,107,-160.0,0.0,40607,6458377.5,1911817.1,3,6,-2668.6837238580424,-0.189881,-8667.24598
AG_07_083,-1,FMP_AG,SKIN,0,1,1,0,0.667,1.0,10.0,2.24,-183.0,228,109,-164.0,0.0,40969,6459659.2,1911219.4,3,6,-2668.6837238580424,-0.189881,-8667.24598
AG_07_084,-1,FMP_AG,SKIN,0,1,1,0,0.667,1.0,10.0,38.9,-108.0,195,101,-93.4,0.0,35021,6450257.1,1925356.3,3,6,-2668.6837238580424,-0.189881,-8667.24598
AG_07_085,-1,FMP_AG,SKIN,0,1,1,0,0.667,1.0,10.0,-14.9,-229.0,246,111,-208.0,0.0,44211,6463677.1,1903104.2,3,7,-2668.6837238580424,-0.189881,-8667.24598
AG_07_086,-1,FMP_AG,SKIN,0,1,1,0,0.667,1.0,10.0,31.1,-118.0,200,104,-103.0,0.0,35924,6452521.7,1923520.1,3,6,-2668.6837238580424,-0.189881,-8667.24598
AG_07_087,-1,FMP_AG,SKIN,0,1,1,0,0.667,1.0,10.0,38.7,-106.0,197,109,-91.8,0.0,35389,6454357.9,1925784.7,3,6,-2655.147099646686,-0.189881,-8176.122145
AG_07_088,-1,FMP_AG,SKIN,0,1,1,0,0.667,1.0,10.0,26.5,-272.0,205,108,-242.0,0.0,36828,6455256.1,1921854.9,3,8,-2668.6837238580424,-0.189881,-8667.24598
AG_07_089,-1,FMP_AG,SKIN,0,1,1,0,0.667,1.0,10.0,25.7,-272.0,205,108,-243.0,0.0,36828,6455256.1,1921854.9,3,8,-2668.6837238580424,-0.189881,-8667.24598
AG_07_090,-1,FMP_AG,SKIN,0,1,1,0,0.667,1.0,10.0,25.1,-273.0,205,109,-243.0,0.0,36829,6455726.0,1922025.9,4,8,-2668.6837238580424,-0.189881,-8667.24598
AG_07_091,-1,FMP_AG,SKIN,0,1,1,0,0.667,1.0,10.0,42.9,-102.0,197,114,-87.6,0.0,35394,6456707.1,1926639.7,3,6,-2556.510838211355,-0.189881,-7484.765515
AG_07_092,-1,FMP_AG,SKIN,0,1,1,0,0.667,1.0,10.0,68.1,-236.0,169,97,-206.0,0.0,30337,6443931.4,1936888.2,4,8,-2668.6837238580424,-0.189881,-8667.24598
AG_07_093,-1,FMP_AG,SKIN,0,1,1,0,0.667,1.0,10.0,69.5,-215.0,177,105,-186.0,0.0,31785,6449058.3,1934497.5,3,7,-2668.6837238580424,-0.189881,-8667.24598
AG_07_094,-1,FMP_AG,SKIN,0,1,1,0,0.667,1.0,10.0,35.7,-272.0,205,113,-242.0,0.0,36833,6457605.3,1922709.9,3,8,-2668.6837238580424,-0.189881,-8667.24598
AG_07_095,-1,FMP_AG,SKIN,0,1,1,0,0.667,1.0,10.0,-14.6,-66.6,243,110,-61.4,0.0,43670,6462694.2,1904342.7,3,4,-2668.6837238580424,-0.189881,-8667.24598
AG_07_096,-1,FMP_AG,SKIN,0,1,1,0,0.667,1.0,10.0,1.58,-197.0,223,110,-178.0,0.0,40070,6459274.0,1913739.7,3,7,-2668.6837238580424,-0.189881,-8667.24598
AG_07_097,-1,FMP_AG,SKIN,0,1,1,0,0.667,1.0,10.0,53.6,-348.0,185,106,-308.0,0.0,33226,6450896.2,1930909.8,3,9,-2668.6837238580424,-0.189881,-8667.24598
AG_07_098,-1,FMP_AG,SKIN,0,1,1,0,0.667,1.0,10.0,-3.52,-205.0,228,108,-184.0,0.0,40968,6459189.3,1911048.4,4,7,-2668.6837238580424,-0.189881,-8667.24598
AG_07_099,-1,FMP_AG,SKIN,0,1,1,0,0.667,1.0,10.0,14.8,-424.0,214,104,-380.0,0.0,38444,6454915.8,1916942.2,3,9,-2668.6837238580424,-0.189881,-8667.24598
AG_07_100,-1,FMP_AG,SKIN,0,1,1,0,0.667,1.0,10.0,39.8,-394.0,187,109,-351.0,0.0,33589,6452647.8,1930483.1,4,9,-2668.6837238580424,-0.189881,-8667.24598
AG_07_101,-1,FMP_AG,SKIN,0,1,1,0,0.667,1.0,10.0,33.4,-401.0,192,105,-357.0,0.0,34485,6451623.4,1927449.8,4,9,-2668.6837238580424,-0.189881,-8667.24598
AG_07_102,-1,FMP_AG,SKIN,0,1,1,0,0.667,1.0,10.0,25.4,-409.0,195,106,-365.0,0.0,35026,6452606.3,1926211.3,4,9,-2668.6837238580424,-0.189881,-8667.24598
AG_07_103,-1,FMP_AG,SKIN,0,1,1,0,0.667,1.0,10.0,30.5,-404.0,192,106,-360.0,0.0,34486,6452093.3,1927620.9,4,9,-2668.6837238580424,-0.189881,-8667.24598
AG_07_104,-1,FMP_AG,SKIN,0,1,1,0,0.667,1.0,10.0,50.6,-255.0,178,94,-225.0,0.0,31954,6444061.0,1932146.6,4,8,-2668.6837238580424,-0.189881,-8667.24598
AG_07_105,-1,FMP_AG,SKIN,0,1,1,0,0.667,1.0,10.0,64.7,-274.0,170,99,-240.0,0.0,30519,6445042.1,1936760.4,4,8,-2668.6837238580424,-0.189881,-8667.24598
AG_07_106,-1,FMP_AG,SKIN,0,1,1,0,0.667,1.0,10.0,63.5,-242.0,175,102,-211.0,0.0,31422,6447306.7,1934924.2,3,8,-2668.6837238580424,-0.189881,-8667.24598
AG_07_107,-1,FMP_AG,SKIN,0,1,1,0,0.667,1.0,10.0,55.1,-251.0,175,95,-220.0,0.0,31415,6444017.8,1933727.1,4,8,-2668.6837238580424,-0.189881,-8667.24598
AG_07_108,-1,FMP_AG,SKIN,0,1,1,0,0.667,1.0,10.0,-9.86,-231.0,226,108,-209.0,0.0,40608,6458847.3,1911988.1,4,7,-2668.6837238580424,-0.189881,-8667.24598
AG_07_109,-1,FMP_AG,SKIN,0,1,1,0,0.667,1.0,10.0,-0.694,-225.0,219,106,-202.0,0.0,39346,6456710.6,1914935.0,4,7,-2668.6837238580424,-0.189881,-8667.24598
AG_07_110,-1,FMP_AG,SKIN,0,1,1,0,0.667,1.0,10.0,37.7,-64.3,185,99,-54.1,0.0,33219,6447607.3,1929712.7,4,6,-2668.6837238580424,-0.189881,-8667.24598
AG_07_111,-1,FMP_AG,SKIN,0,1,1,0,0.667,1.0,10.0,54.7,-277.0,177,104,-244.0,0.0,31784,6448588.4,1934326.5,4,8,-2668.6837238580424,-0.189881,-8667.24598
AG_07_112,-1,FMP_AG,SKIN,0,1,1,0,0.667,1.0,10.0,-13.5,-346.0,221,115,-313.0,0.0,39715,6461281.2,1915534.4,4,8,-2668.6837238580424,-0.189881,-8667.24598
AG_07_113,-1,FMP_AG,SKIN,0,1,1,0,0.667,1.0,10.0,37.5,-63.5,181,97,-53.4,0.0,32497,6445983.6,1931250.1,4,6,-2668.6837238580424,-0.189881,-8667.24598
AG_07_114,-1,FMP_AG,SKIN,0,1,1,0,0.667,1.0,10.0,16.5,-229.0,195,96,-204.0,0.0,35016,6447907.9,1924501.2,4,7,-2668.6837238580424,-0.189881,-8667.24598
AG_07_115,-1,FMP_AG,SKIN,0,1,1,0,0.667,1.0,10.0,-43.6,-327.0,248,110,-298.0,0.0,44570,6463549.2,1901993.5,4,8,-2668.6837238580424,-0.189881,-8667.24598
AG_07_116,-1,FMP_AG,SKIN,0,1,1,0,0.667,1.0,10.0,-36.4,-151.0,237,107,-140.0,0.0,42587,6460258.6,1906648.8,4,6,-2668.6837238580424,-0.189881,-8667.24598
AG_07_117,-1,FMP_AG,SKIN,0,1,1,0,0.667,1.0,10.0,5.37,-199.0,196,100,-178.0,0.0,35200,6449958.3,1924715.4,4,7,-2668.6837238580424,-0.189881,-8667.24598
AG_07_118,-1,FMP_AG,SKIN,0,1,1,0,0.667,1.0,10.0,21.4,-79.6,184,99,-69.5,0.0,33039,6447436.3,1930182.6,4,6,-2668.6837238580424,-0.189881,-8667.24598
AG_07_119,-1,FMP_AG,SKIN,0,1,1,0,0.667,1.0,10.0,58.2,-339.0,167,100,-299.0,0.0,29980,6444999.0,1938341.0,4,9,-2668.6837238580424,-0.189881,-8667.24598
AG_07_120,-1,FMP_AG,SKIN,0,1,1,0,0.667,1.0,10.0,2.4,-335.0,195,98,-301.0,0.0,35018,6448847.6,1924843.2,4,8,-2668.6837238580424,-0.189881,-8667.24598
AG_07_121,-1,FMP_AG,SKIN,0,1,1,0,0.667,1.0,10.0,-7.32,-230.0,200,100,-208.0,0.0,35920,6450642.3,1922836.0,4,7,-2668.6837238580424,-0.189881,-8667.24598
AG_07_122,-1,FMP_AG,SKIN,0,1,1,0,0.667,1.0,10.0,-10.9,-234.0,203,101,-212.0,0.0,36461,6451625.2,1921597.5,4,7,-2668.6837238580424,-0.189881,-8667.24598
AG_07_123,-1,FMP_AG,SKIN,0,1,1,0,0.667,1.0,10.0,-22.5,-254.0,206,104,-230.0,0.0,37004,6453547.7,1920701.0,4,7,-2668.6837238580424,-0.189881,-8667.24598
AG_07_124,-1,FMP_AG,SKIN,0,1,1,0,0.667,1.0,10.0,-18.1,-262.0,197,102,-238.0,0.0,35382,6451069.0,1924587.6,4,8,-2668.6837238580424,-0.189881,-8667.24598
AG_07_125,-1,FMP_AG,SKIN,0,1,1,0,0.667,1.0,10.0,-22.6,-267.0,201,107,-242.0,0.0,36107,6454102.2,1923563.3,5,8,-2668.6837238580424,-0.189881,-8667.24598
AG_07_126,-1,FMP_AG,SKIN,0,1,1,0,0.667,1.0,10.0,-21.4,-269.0,196,102,-245.0,0.0,35202,6450897.9,1925057.4,5,8,-2668.6837238580424,-0.189881,-8667.24598
AG_07_127,-1,FMP_AG,SKIN,0,1,1,0,0.667,1.0,10.0,-22.5,-520.0,208,110,-470.0,0.0,37370,6456708.8,1920787.4,4,9,-2668.6837238580424,-0.189881,-8667.24598
AG_07_128,-1,FMP_AG,SKIN,0,1,1,0,0.667,1.0,10.0,-5.56,-503.0,200,114,-453.0,0.0,35934,6457220.1,1925230.2,4,9,-2668.6837238580424,-0.189881,-8667.24598
AG_07_129,-1,FMP_AG,SKIN,0,1,1,0,0.667,1.0,10.0,5.62,-491.0,208,114,-442.0,0.0,37374,6458588.2,1921471.4,4,9,-2668.6837238580424,-0.189881,-8667.24598
AG_07_130,-1,FMP_AG,SKIN,0,1,1,0,0.667,1.0,10.0,-6.32,-251.0,195,111,-227.0,0.0,35031,6454955.6,1927066.4,4,8,-2668.6837238580424,-0.189881,-8667.24598
AG_07_131,-1,FMP_AG,SKIN,0,1,1,0,0.667,1.0,10.0,-1.82,-276.0,183,106,-248.0,0.0,32866,6450554.2,1931849.5,5,8,-2668.6837238580424,-0.189881,-8667.24598
AG_07_132,-1,FMP_AG,SKIN,0,1,1,0,0.667,1.0,10.0,-25.2,-243.0,195,100,-221.0,0.0,35020,6449787.2,1925185.3,5,7,-2668.6837238580424,-0.189881,-8667.24598
AG_07_133,-1,FMP_AG,SKIN,0,1,1,0,0.667,1.0,10.0,19.5,-493.0,208,117,-441.0,0.0,37377,6459997.8,1921984.4,4,9,-2668.6837238580424,-0.189881,-8667.24598
AG_07_134,-1,FMP_AG,SKIN,0,1,1,0,0.667,1.0,10.0,-65.7,-410.0,225,109,-375.0,0.0,40429,6459146.2,1912629.0,5,9,-2668.6837238580424,-0.189881,-8667.24598
AG_07_135,-1,FMP_AG,SKIN,0,1,1,0,0.667,1.0,10.0,-87.4,-181.0,240,109,-172.0,0.0,43129,6461711.3,1905581.3,5,6,-2629.3477118391147,-0.189881,-7895.448935
AG_07_136,-1,FMP_AG,SKIN,0,1,1,0,0.667,1.0,10.0,-85.8,-180.0,243,107,-170.0,0.0,43667,6461284.7,1903829.7,5,6,-2629.3270640630894,-0.189881,-7895.448935
AG_07_137,-1,FMP_AG,SKIN,0,1,1,0,0.667,1.0,10.0,-54.3,-245.0,212,104,-226.0,0.0,38084,6454573.8,1917881.9,5,7,-2668.6837238580424,-0.189881,-8667.24598
AG_07_138,-1,FMP_AG,SKIN,0,1,1,0,0.667,1.0,10.0,-29.5,-300.0,196,113,-273.0,0.0,35213,6456066.3,1926938.5,5,8,-2668.6837238580424,-0.189881,-8667.24598
AG_07_139,-1,FMP_AG,SKIN,0,1,1,0,0.667,1.0,10.0,-84.4,-181.0,235,112,-172.0,0.0,42232,6462265.8,1908443.5,5,6,-2655.132883794951,-0.189881,-8176.122145
AG_07_140,-1,FMP_AG,SKIN,0,1,1,0,0.667,1.0,10.0,-65.3,-272.0,208,103,-252.0,0.0,37363,6453419.9,1919590.3,5,8,-2668.6837238580424,-0.189881,-8667.24598
AG_07_141,-1,FMP_AG,SKIN,0,1,1,0,0.667,1.0,10.0,-97.8,-205.0,235,113,-194.0,0.0,42233,6462735.6,1908614.5,5,7,-2668.6837238580424,-0.189881,-8667.24598
AG_07_142,-1,FMP_AG,SKIN,0,1,1,0,0.667,1.0,10.0,-102.0,-193.0,235,111,-184.0,0.0,42231,6461796.0,1908272.5,5,6,-2655.1395390946354,-0.189881,-8176.122145
AG_07_143,-1,FMP_AG,SKIN,0,1,1,0,0.667,1.0,10.0,-47.2,-147.0,185,96,-137.0,0.0,33216,6446197.8,1929199.7,5,7,-2668.6837238580424,-0.189881,-8667.24598
AG_07_144,-1,FMP_AG,SKIN,0,1,1,0,0.667,1.0,10.0,-30.8,-320.0,168,97,-291.0,0.0,30157,6443760.4,1937358.1,5,8,-2668.6837238580424,-0.189881,-8667.24598
AG_07_145,-1,FMP_AG,SKIN,0,1,1,0,0.667,1.0,10.0,-51.5,-166.0,185,102,-154.0,0.0,33222,6449016.8,1930225.7,5,7,-2668.6837238580424,-0.189881,-8667.24598
AG_07_146,-1,FMP_AG,SKIN,0,1,1,0,0.667,1.0,10.0,-61.2,-175.0,191,98,-164.0,0.0,34298,6448163.5,1926722.6,5,7,-2668.6837238580424,-0.189881,-8667.24598
AG_07_147,-1,FMP_AG,SKIN,0,1,1,0,0.667,1.0,10.0,-115.0,-201.0,233,113,-192.0,0.0,41873,6462393.6,1909554.2,5,7,-2655.131861223973,-0.189881,-8176.122145
AG_07_148,-1,FMP_AG,SKIN,0,1,1,0,0.667,1.0,10.0,-112.0,-345.0,195,103,-321.0,0.0,35023,6451196.8,1925698.3,6,8,-2668.6837238580424,-0.189881,-8667.24598
AG_07_149,-1,FMP_AG,SKIN,0,1,1,0,0.667,1.0,10.0,-101.0,-238.0,190,98,-224.0,0.0,34118,6447992.5,1927192.5,6,7,-2668.6837238580424,-0.189881,-8667.24598
AG_07_150,-1,FMP_AG,SKIN,0,1,1,0,0.667,1.0,10.0,-111.0,-475.0,197,112,-438.0,0.0,35392,6455767.4,1926297.7,6,9,-2668.6837238580424,-0.189881,-8667.24598
AG_07_151,-1,FMP_AG,SKIN,0,1,1,0,0.667,1.0,10.0,-134.0,-232.0,188,100,-222.0,0.0,33760,6448590.2,1928474.2,6,7,-2668.6837238580424,-0.189881,-8667.24598
AG_07_152,-1,FMP_AG,SKIN,0,1,1,0,0.667,1.0,10.0,-133.0,-231.0,185,94,-221.0,0.0,33214,6445258.1,1928857.7,6,8,-2668.6837238580424,-0.189881,-8667.24598
AG_07_153,-1,FMP_AG,SKIN,0,1,1,0,0.667,1.0,10.0,-129.0,-407.0,179,106,-379.0,0.0,32146,6449870.2,1933728.9,7,9,-2668.6837238580424,-0.189881,-8667.24598
AG_07_154,-1,FMP_AG,SKIN,0,1,1,0,0.667,1.0,10.0,-178.0,-360.0,191,99,-342.0,0.0,34299,6448633.4,1926893.6,7,9,-2668.6837238580424,-0.189881,-8667.24598
AG_07_155,-1,FMP_AG,SKIN,0,1,1,0,0.667,1.0,10.0,-160.0,-442.0,181,105,-414.0,0.0,32505,6449742.3,1932618.2,7,9,-2668.6837238580424,-0.189881,-8667.24598
AG_07_156,-1,FMP_AG,SKIN,0,1,1,0,0.667,1.0,10.0,-122.0,-660.0,195,114,-606.0,0.0,35034,6456365.1,1927579.4,6,10,-2668.6837238580424,-0.189881,-8667.24598
AG_08_001,-1,FMP_AG,SKIN,0,1,1,0,0.667,1.0,10.0,17.8,-101.0,258,115,-89.3,0.0,46375,6467608.6,1898150.1,2,5,-4153.478255333333,-0.24233,-11856.36888
AG_08_002,-1,FMP_AG,SKIN,0,1,1,0,0.667,1.0,10.0,67.8,-132.0,235,126,-112.0,0.0,42246,6468843.7,1910837.7,3,6,-2150.4231231985814,-0.24233,-8293.238925
AG_08_003,-1,FMP_AG,SKIN,0,1,1,0,0.667,1.0,10.0,-8.1,-171.0,253,115,-155.0,0.0,45475,6466753.5,1900499.3,3,6,-4153.478255333333,-0.24233,-11856.36888
AG_08_004,-1,FMP_AG,SKIN,0,1,1,0,0.667,1.0,10.0,-8.62,-172.0,254,115,-155.0,0.0,45655,6466924.5,1900029.5,3,6,-4153.478255333333,-0.24233,-11856.36888
AG_08_005,-1,FMP_AG,SKIN,0,1,1,0,0.667,1.0,10.0,-19.1,-270.0,259,126,-245.0,0.0,46566,6472947.9,1899561.4,3,7,-4153.478255333333,-0.24233,-11856.36888
AG_08_006,-1,FMP_AG,SKIN,0,1,1,0,0.667,1.0,10.0,-7.53,-205.0,252,108,-185.0,0.0,45288,6463293.6,1899772.1,3,6,-4153.478255333333,-0.24233,-11856.36888
AG_08_007,-1,FMP_AG,SKIN,0,1,1,0,0.667,1.0,10.0,-11.6,-185.0,254,113,-167.0,0.0,45653,6465984.8,1899687.5,3,6,-4153.478255333333,-0.24233,-11856.36888
AG_08_008,-1,FMP_AG,SKIN,0,1,1,0,0.667,1.0,10.0,29.5,-175.0,244,128,-154.0,0.0,43868,6471322.4,1906951.1,3,6,-3668.1908855460997,-0.24233,-9362.550045
AG_08_009,-1,FMP_AG,SKIN,0,1,1,0,0.667,1.0,10.0,-21.9,-208.0,254,120,-189.0,0.0,45660,6469273.8,1900884.5,3,6,-4153.478255333333,-0.24233,-11856.36888
AG_08_010,-1,FMP_AG,SKIN,0,1,1,0,0.667,1.0,10.0,58.5,-262.0,232,126,-230.0,0.0,41706,6468330.6,1912247.2,3,8,-4153.478255333333,-0.24233,-11856.36888
AG_08_011,-1,FMP_AG,SKIN,0,1,1,0,0.667,1.0,10.0,-24.6,-229.0,250,114,-208.0,0.0,44934,6465770.6,1901737.9,3,7,-4153.478255333333,-0.24233,-11856.36888
AG_08_012,-1,FMP_AG,SKIN,0,1,1,0,0.667,1.0,10.0,-37.3,-168.0,249,125,-155.0,0.0,44765,6470767.9,1904088.8,4,6,-3331.456852000001,-0.24233,-8187.34757
AG_08_013,-1,FMP_AG,SKIN,0,1,1,0,0.667,1.0,10.0,-40.7,-172.0,249,122,-159.0,0.0,44762,6469358.4,1903575.8,4,6,-3555.9410346241134,-0.24233,-8604.61319
AG_08_014,-1,FMP_AG,SKIN,0,1,1,0,0.667,1.0,10.0,33.7,-300.0,234,127,-267.0,0.0,42067,6469142.5,1911478.5,4,8,-4153.478255333333,-0.24233,-11856.36888
AG_08_015,-1,FMP_AG,SKIN,0,1,1,0,0.667,1.0,10.0,62.7,-271.0,230,124,-238.0,0.0,41344,6467048.9,1912844.9,3,8,-4153.478255333333,-0.24233,-11856.36888
AG_08_016,-1,FMP_AG,SKIN,0,1,1,0,0.667,1.0,10.0,-48.9,-244.0,255,122,-224.0,0.0,45842,6470384.5,1900756.7,4,7,-4153.478255333333,-0.24233,-11856.36888
AG_08_017,-1,FMP_AG,SKIN,0,1,1,0,0.667,1.0,10.0,-57.4,-259.0,252,121,-239.0,0.0,45301,6469401.6,1901995.2,4,7,-4153.478255333333,-0.24233,-11856.36888
AG_08_018,-1,FMP_AG,SKIN,0,1,1,0,0.667,1.0,10.0,-46.7,-432.0,256,128,-393.0,0.0,46028,6473374.6,1901312.9,4,9,-4153.478255333333,-0.24233,-11856.36888
AG_08_019,-1,FMP_AG,SKIN,0,1,1,0,0.667,1.0,10.0,-59.9,-445.0,254,126,-406.0,0.0,45666,6472092.8,1901910.6,4,9,-4153.478255333333,-0.24233,-11856.36888
AG_08_020,-1,FMP_AG,SKIN,0,1,1,0,0.667,1.0,10.0,-55.2,-440.0,256,127,-402.0,0.0,46027,6472904.7,1901141.9,4,9,-4153.478255333333,-0.24233,-11856.36888
AG_08_021,-1,FMP_AG,SKIN,0,1,1,0,0.667,1.0,10.0,-79.3,-633.0,257,110,-578.0,0.0,46190,6465088.3,1897764.9,5,10,-4153.478255333333,-0.24233,-11856.36888
AG_08_022,-1,FMP_AG,SKIN,0,1,1,0,0.667,1.0,10.0,-108.0,-374.0,260,116,-347.0,0.0,46736,6468420.4,1897381.4,5,8,-4153.478255333333,-0.24233,-11856.36888
AG_08_023,-1,FMP_AG,SKIN,0,1,1,0,0.667,1.0,10.0,101.0,-291.0,235,124,-252.0,0.0,42244,6467904.0,1910495.6,1,8,-4153.478255333333,-0.24233,-11856.36888
AG_08_024,-1,FMP_AG,SKIN,0,1,1,0,0.667,1.0,10.0,-113.0,-358.0,246,124,-334.0,0.0,44224,6469785.1,1905327.3,5,8,-4153.478255333333,-0.24233,-11856.36888
AG_08_025,-1,FMP_AG,SKIN,0,1,1,0,0.667,1.0,10.0,-121.0,-366.0,247,125,-341.0,0.0,44405,6470425.9,1905028.5,5,8,-4153.478255333333,-0.24233,-11856.36888
AG_08_026,-1,FMP_AG,SKIN,0,1,1,0,0.667,1.0,10.0,-87.2,-332.0,239,125,-308.0,0.0,42965,6469057.8,1908787.3,5,8,-4153.478255333333,-0.24233,-11856.36888
AG_08_027,-1,FMP_AG,SKIN,0,1,1,0,0.667,1.0,10.0,-81.1,-326.0,239,124,-302.0,0.0,42964,6468588.0,1908616.3,5,8,-4153.478255333333,-0.24233,-11856.36888
AG_08_028,-1,FMP_AG,SKIN,0,1,1,0,0.667,1.0,10.0,-92.3,-337.0,239,125,-313.0,0.0,42965,6469057.8,1908787.3,5,8,-4153.478255333333,-0.24233,-11856.36888
AG_08_029,-1,FMP_AG,SKIN,0,1,1,0,0.667,1.0,10.0,-94.5,-340.0,240,125,-315.0,0.0,43145,6469228.9,1908317.4,5,8,-4153.478255333333,-0.24233,-11856.36888
AG_08_030,-1,FMP_AG,SKIN,0,1,1,0,0.667,1.0,10.0,-94.5,-340.0,240,125,-315.0,0.0,43145,6469228.9,1908317.4,5,8,-4153.478255333333,-0.24233,-11856.36888
AG_08_031,-1,FMP_AG,SKIN,0,1,1,0,0.667,1.0,10.0,-95.7,-341.0,240,124,-316.0,0.0,43144,6468759.0,1908146.4,5,8,-4153.478255333333,-0.24233,-11856.36888
AG_08_032,-1,FMP_AG,SKIN,0,1,1,0,0.667,1.0,10.0,-114.0,-359.0,243,123,-335.0,0.0,43683,6468802.2,1906565.9,5,8,-4153.478255333333,-0.24233,-11856.36888
AG_08_033,-1,FMP_AG,SKIN,0,1,1,0,0.667,1.0,10.0,-119.0,-364.0,244,123,-339.0,0.0,43863,6468973.2,1906096.0,5,8,-4153.478255333333,-0.24233,-11856.36888
AG_08_034,-1,FMP_AG,SKIN,0,1,1,0,0.667,1.0,10.0,-140.0,-463.0,237,123,-430.0,0.0,42603,6467776.1,1909384.9,6,9,-4153.478255333333,-0.24233,-11856.36888
AG_08_035,-1,FMP_AG,SKIN,0,1,1,0,0.667,1.0,10.0,-156.0,-390.0,237,123,-367.0,0.0,42603,6467776.1,1909384.9,6,8,-4153.478255333333,-0.24233,-11856.36888
AG_09_001,-1,FMP_AG,SKIN,0,1,1,0,0.667,1.0,10.0,26.5,-68.5,245,106,-59.0,0.0,44026,6461156.8,1902719.0,2,5,-5243.838198027028,-0.046609,-12777.60548
AG_09_002,-1,FMP_AG,SKIN,0,1,1,0,0.667,1.0,10.0,23.2,-81.8,246,106,-71.3,0.0,44206,6461327.8,1902249.2,2,5,-5048.889969993995,-0.046609,-12182.48153
AG_09_003,-1,FMP_AG,SKIN,0,1,1,0,0.667,1.0,10.0,91.0,-236.0,207,89,-203.0,0.0,37169,6446671.1,1917666.0,3,8,-5243.838198027028,-0.046609,-12777.60548
AG_09_004,-1,FMP_AG,SKIN,0,1,1,0,0.667,1.0,10.0,119.0,-202.0,220,92,-170.0,0.0,39512,6450303.7,1912071.0,2,7,-5243.838198027028,-0.046609,-12777.60548
AG_09_005,-1,FMP_AG,SKIN,0,1,1,0,0.667,1.0,10.0,91.4,-325.0,248,100,-283.0,0.0,44560,6458850.8,1900283.4,1,8,-5243.838198027028,-0.046609,-12777.60548
AG_09_006,-1,FMP_AG,SKIN,0,1,1,0,0.667,1.0,10.0,126.0,-177.0,247,100,-147.0,0.0,44380,6458679.8,1900753.3,1,7,-4143.968516060058,-0.046609,-11347.611045
AG_09_007,-1,FMP_AG,SKIN,0,1,1,0,0.667,1.0,10.0,-8.57,-210.0,251,106,-190.0,0.0,45106,6462182.9,1899899.9,3,7,-5243.838198027028,-0.046609,-12777.60548
AG_09_008,-1,FMP_AG,SKIN,0,1,1,0,0.667,1.0,10.0,103.0,-280.0,224,94,-241.0,0.0,40234,6451927.5,1910533.7,3,8,-5243.838198027028,-0.046609,-12777.60548
AG_09_009,-1,FMP_AG,SKIN,0,1,1,0,0.667,1.0,10.0,75.6,-398.0,209,89,-351.0,0.0,37529,6447013.1,1916726.3,3,9,-5243.838198027028,-0.046609,-12777.60548
AG_09_010,-1,FMP_AG,SKIN,0,1,1,0,0.667,1.0,10.0,89.0,-305.0,218,93,-266.0,0.0,39153,6450431.6,1913181.7,3,8,-5243.838198027028,-0.046609,-12777.60548
AG_09_011,-1,FMP_AG,SKIN,0,1,1,0,0.667,1.0,10.0,55.9,-418.0,210,92,-371.0,0.0,37712,6448593.6,1916769.5,3,9,-5243.838198027028,-0.046609,-12777.60548
AG_09_012,-1,FMP_AG,SKIN,0,1,1,0,0.667,1.0,10.0,76.3,-415.0,207,88,-366.0,0.0,37168,6446201.2,1917495.0,3,9,-5243.838198027028,-0.046609,-12777.60548
AG_09_013,-1,FMP_AG,SKIN,0,1,1,0,0.667,1.0,10.0,54.8,-436.0,211,93,-387.0,0.0,37893,6449234.5,1916470.6,3,9,-5243.838198027028,-0.046609,-12777.60548
AG_09_014,-1,FMP_AG,SKIN,0,1,1,0,0.667,1.0,10.0,78.1,-413.0,209,88,-364.0,0.0,37528,6446543.2,1916555.3,3,9,-5243.838198027028,-0.046609,-12777.60548
AG_09_015,-1,FMP_AG,SKIN,0,1,1,0,0.667,1.0,10.0,66.1,-292.0,243,100,-256.0,0.0,43660,6457995.7,1902632.6,2,8,-5243.838198027028,-0.046609,-12777.60548
AG_09_016,-1,FMP_AG,SKIN,0,1,1,0,0.667,1.0,10.0,79.9,-428.0,207,87,-377.0,0.0,37167,6445731.4,1917324.0,3,9,-5243.838198027028,-0.046609,-12777.60548
AG_09_017,-1,FMP_AG,SKIN,0,1,1,0,0.667,1.0,10.0,81.9,-349.0,223,95,-306.0,0.0,40055,6452226.3,1911174.5,3,9,-5243.838198027028,-0.046609,-12777.60548
AG_09_018,-1,FMP_AG,SKIN,0,1,1,0,0.667,1.0,10.0,66.3,-411.0,217,92,-363.0,0.0,38972,6449790.7,1913480.6,3,9,-5243.838198027028,-0.046609,-12777.60548
AG_09_019,-1,FMP_AG,SKIN,0,1,1,0,0.667,1.0,10.0,66.8,-410.0,217,92,-363.0,0.0,38972,6449790.7,1913480.6,3,9,-5243.838198027028,-0.046609,-12777.60548
AG_09_020,-1,FMP_AG,SKIN,0,1,1,0,0.667,1.0,10.0,82.5,-426.0,223,93,-375.0,0.0,40053,6451286.6,1910832.5,3,9,-5243.838198027028,-0.046609,-12777.60548
AG_09_021,-1,FMP_AG,SKIN,0,1,1,0,0.667,1.0,10.0,16.3,-461.0,231,100,-413.0,0.0,41500,6455943.6,1908270.8,4,9,-5243.838198027028,-0.046609,-12777.60548
AG_09_022,-1,FMP_AG,SKIN,0,1,1,0,0.667,1.0,10.0,53.1,-182.0,229,95,-159.0,0.0,41135,6453252.4,1908355.4,4,7,-5243.838198027028,-0.046609,-12777.60548
AG_09_023,-1,FMP_AG,SKIN,0,1,1,0,0.667,1.0,10.0,5.85,-297.0,225,100,-267.0,0.0,40420,6454917.5,1911089.9,4,8,-5243.838198027028,-0.046609,-12777.60548
AG_09_024,-1,FMP_AG,SKIN,0,1,1,0,0.667,1.0,10.0,-46.1,-278.0,213,92,-255.0,0.0,38252,6449106.7,1915359.9,5,8,-5243.838198027028,-0.046609,-12777.60548
AG_09_025,-1,FMP_AG,SKIN,0,1,1,0,0.667,1.0,10.0,-13.3,-245.0,211,86,-222.0,0.0,37886,6445945.6,1915273.6,5,8,-5243.838198027028,-0.046609,-12777.60548
AG_09_026,-1,FMP_AG,SKIN,0,1,1,0,0.667,1.0,10.0,-28.2,-260.0,212,89,-237.0,0.0,38069,6447526.1,1915316.8,5,8,-5243.838198027028,-0.046609,-12777.60548
AG_09_027,-1,FMP_AG,SKIN,0,1,1,0,0.667,1.0,10.0,-44.8,-277.0,213,92,-254.0,0.0,38252,6449106.7,1915359.9,5,8,-5243.838198027028,-0.046609,-12777.60548
AG_09_028,-1,FMP_AG,SKIN,0,1,1,0,0.667,1.0,10.0,-56.5,-372.0,219,89,-340.0,0.0,39329,6448723.2,1912027.8,6,9,-5243.838198027028,-0.046609,-12777.60548
AG_09_029,-1,FMP_AG,SKIN,0,1,1,0,0.667,1.0,10.0,-95.8,-411.0,212,88,-379.0,0.0,38068,6447056.3,1915145.8,6,9,-5243.838198027028,-0.046609,-12777.60548
AG_09_030,-1,FMP_AG,SKIN,0,1,1,0,0.667,1.0,10.0,-106.0,-421.0,215,90,-389.0,0.0,38610,6448509.0,1914078.2,6,9,-5243.838198027028,-0.046609,-12777.60548
AG_09_031,-1,FMP_AG,SKIN,0,1,1,0,0.667,1.0,10.0,-99.7,-415.0,216,91,-383.0,0.0,38791,6449149.8,1913779.4,6,9,-5243.838198027028,-0.046609,-12777.60548
AG_09_032,-1,FMP_AG,SKIN,0,1,1,0,0.667,1.0,10.0,-98.4,-413.0,215,90,-382.0,0.0,38610,6448509.0,1914078.2,6,9,-5243.838198027028,-0.046609,-12777.60548
AG_09_033,-1,FMP_AG,SKIN,0,1,1,0,0.667,1.0,10.0,-92.1,-407.0,214,86,-376.0,0.0,38426,6446458.6,1913864.0,6,9,-5243.838198027028,-0.046609,-12777.60548
AG_09_034,-1,FMP_AG,SKIN,0,1,1,0,0.667,1.0,10.0,-91.6,-281.0,213,86,-262.0,0.0,38246,6446287.6,1914333.9,6,8,-5243.838198027028,-0.046609,-12777.60548
AG_09_035,-1,FMP_AG,SKIN,0,1,1,0,0.667,1.0,10.0,8.86,-278.0,208,82,-249.0,0.0,37342,6443553.1,1915999.1,5,8,-5243.838198027028,-0.046609,-12777.60548
AG_10_001,-1,FMP_AG,SKIN,0,1,1,0,0.667,1.0,10.0,7.98,-117.0,261,127,-105.0,0.0,46927,6473759.8,1898792.7,2,5,-1677.032371438237,-0.002219,-5274.14522
AG_10_002,-1,FMP_AG,SKIN,0,1,1,0,0.667,1.0,10.0,68.9,-71.1,234,122,-57.1,0.0,42062,6466793.3,1910623.5,2,5,-936.7456598500003,-0.002219,-4811.24323
AG_10_003,-1,FMP_AG,SKIN,0,1,1,0,0.667,1.0,10.0,415.0,136.0,238,118,164.0,0.0,42778,6465597.9,1908060.0,1,1,-438.85777325000004,-2.912125,-1577.158075
AG_10_004,-1,FMP_AG,SKIN,0,1,1,0,0.667,1.0,10.0,172.0,-119.0,227,127,-89.5,0.0,40807,6467945.4,1914767.4,1,6,-1832.8131686264728,-0.002219,-6037.9452
AG_10_005,-1,FMP_AG,SKIN,0,1,1,0,0.667,1.0,10.0,135.0,-159.0,238,128,-129.0,0.0,42788,6470296.4,1909770.2,1,6,-1838.3508965058845,-0.002219,-6037.9452
AG_10_006,-1,FMP_AG,SKIN,0,1,1,0,0.667,1.0,10.0,131.0,-77.3,236,128,-56.5,0.0,42428,6469954.4,1910709.8,1,5,-668.2600961000003,-0.002219,-4811.24323
AG_10_007,-1,FMP_AG,SKIN,0,1,1,0,0.667,1.0,10.0,43.4,-185.0,263,129,-162.0,0.0,47289,6475041.5,1898195.0,1,6,-2362.6901226588243,-0.002219,-7680.48147
AG_10_008,-1,FMP_AG,SKIN,0,1,1,0,0.667,1.0,10.0,16.8,-172.0,271,134,-153.0,0.0,48734,6478758.8,1895291.3,3,6,-1978.1255838735306,-0.002219,-6067.68541
AG_10_009,-1,FMP_AG,SKIN,0,1,1,0,0.667,1.0,10.0,68.7,-159.0,226,124,-137.0,0.0,40624,6466364.9,1914724.3,3,7,-2374.0155181000005,-0.002219,-7955.24894
AG_10_010,-1,FMP_AG,SKIN,0,1,1,0,0.667,1.0,10.0,105.0,-55.4,213,119,-39.4,0.0,38279,6461792.5,1919977.2,2,5,-2303.3344265058827,-0.002219,-7382.00009
AG_10_011,-1,FMP_AG,SKIN,0,1,1,0,0.667,1.0,10.0,62.2,-173.0,232,120,-149.0,0.0,41700,6465511.5,1911221.1,2,6,-2435.3722101147064,-0.002219,-8925.71482
AG_10_012,-1,FMP_AG,SKIN,0,1,1,0,0.667,1.0,10.0,44.3,-191.0,226,123,-167.0,0.0,40623,6465895.0,1914553.3,3,7,-2462.5882528647066,-0.002219,-8925.71482
AG_10_013,-1,FMP_AG,SKIN,0,1,1,0,0.667,1.0,10.0,40.9,-47.1,211,99,-38.3,0.0,37899,6452053.6,1917496.7,3,5,-1047.440677629412,-0.002219,-4270.01462
AG_10_014,-1,FMP_AG,SKIN,0,1,1,0,0.667,1.0,10.0,158.0,-103.0,230,120,-77.0,0.0,41340,6465169.5,1912160.8,1,5,-1737.5066820294142,-0.002219,-5633.46553
AG_10_015,-1,FMP_AG,SKIN,0,1,1,0,0.667,1.0,10.0,65.7,-180.0,182,109,-156.0,0.0,32689,6451792.7,1932832.4,3,7,-2521.0440179382354,-0.002219,-10519.80511
AG_10_016,-1,FMP_AG,SKIN,0,1,1,0,0.667,1.0,10.0,68.9,-89.2,182,110,-73.4,0.0,32690,6452262.6,1933003.4,3,6,-2434.603008305883,-0.002219,-8341.009375
AG_10_017,-1,FMP_AG,SKIN,0,1,1,0,0.667,1.0,10.0,113.0,-224.0,278,94,-190.0,0.0,49954,6461162.0,1885162.0,2,7,-2521.0440179382354,-0.002219,-10519.80511
AG_10_018,-1,FMP_AG,SKIN,0,1,1,0,0.667,1.0,10.0,93.1,-199.0,166,104,-170.0,0.0,29804,6446707.3,1939494.8,3,8,-2521.0440179382354,-0.002219,-10519.80511
AG_10_019,-1,FMP_AG,SKIN,0,1,1,0,0.667,1.0,10.0,92.1,-212.0,166,103,-182.0,0.0,29803,6446237.5,1939323.8,3,8,-2521.0440179382354,-0.002219,-10519.80511
AG_10_020,-1,FMP_AG,SKIN,0,1,1,0,0.667,1.0,10.0,9.12,-277.0,228,119,-248.0,0.0,40979,6464357.7,1912929.5,3,8,-2521.0440179382354,-0.002219,-10519.80511
AG_10_021,-1,FMP_AG,SKIN,0,1,1,0,0.667,1.0,10.0,14.3,-239.0,271,134,-213.0,0.0,48734,6478758.8,1895291.3,3,7,-2387.8168384382357,-0.002219,-8925.71482
AG_10_022,-1,FMP_AG,SKIN,0,1,1,0,0.667,1.0,10.0,71.8,-318.0,215,120,-279.0,0.0,38640,6462604.4,1919208.5,3,8,-2521.0440179382354,-0.002219,-10519.80511
AG_10_023,-1,FMP_AG,SKIN,0,1,1,0,0.667,1.0,10.0,74.0,-218.0,172,104,-189.0,0.0,30884,6447733.4,1936675.8,3,8,-2521.0440179382354,-0.002219,-10519.80511
AG_10_024,-1,FMP_AG,SKIN,0,1,1,0,0.667,1.0,10.0,54.6,-356.0,269,94,-315.0,0.0,48334,6459622.9,1889390.6,3,9,-2521.0440179382354,-0.002219,-10519.80511
AG_10_025,-1,FMP_AG,SKIN,0,1,1,0,0.667,1.0,10.0,79.1,-206.0,267,98,-177.0,0.0,47978,6461160.3,1891014.3,2,7,-2521.0440179382354,-0.002219,-10519.80511
AG_10_026,-1,FMP_AG,SKIN,0,1,1,0,0.667,1.0,10.0,57.2,-113.0,199,116,-95.8,0.0,35756,6457988.8,1926042.0,3,6,-2447.908974085295,-0.002219,-8925.71482
AG_10_027,-1,FMP_AG,SKIN,0,1,1,0,0.667,1.0,10.0,98.0,-236.0,237,128,-203.0,0.0,42608,6470125.4,1910240.0,2,7,-2449.9121038205885,-0.002219,-8925.71482
AG_10_028,-1,FMP_AG,SKIN,0,1,1,0,0.667,1.0,10.0,17.7,-390.0,228,121,-350.0,0.0,40981,6465297.3,1913271.5,3,9,-2521.0440179382354,-0.002219,-10519.80511
AG_10_029,-1,FMP_AG,SKIN,0,1,1,0,0.667,1.0,10.0,79.3,-96.7,193,115,-79.1,0.0,34675,6456492.9,1928690.1,3,6,-2338.4070241735303,-0.002219,-7680.48147
AG_10_030,-1,FMP_AG,SKIN,0,1,1,0,0.667,1.0,10.0,73.1,-289.0,165,103,-253.0,0.0,29623,6446066.5,1939793.7,4,8,-2521.0440179382354,-0.002219,-10519.80511
AG_10_031,-1,FMP_AG,SKIN,0,1,1,0,0.667,1.0,10.0,249.0,-241.0,264,99,-192.0,0.0,47439,6461117.1,1892594.9,1,7,-2521.0440179382354,-0.002219,-10519.80511
AG_10_032,-1,FMP_AG,SKIN,0,1,1,0,0.667,1.0,10.0,-43.6,-429.0,255,129,-390.0,0.0,45849,6473673.4,1901953.8,4,9,-2521.0440179382354,-0.002219,-10519.80511
AG_10_033,-1,FMP_AG,SKIN,0,1,1,0,0.667,1.0,10.0,1.06,-160.0,239,128,-144.0,0.0,42968,6470467.4,1909300.3,4,6,-1838.3335093676483,-0.002219,-6037.9452
AG_10_034,-1,FMP_AG,SKIN,0,1,1,0,0.667,1.0,10.0,0.011,-360.0,239,128,-324.0,0.0,42968,6470467.4,1909300.3,4,8,-2521.0440179382354,-0.002219,-10519.80511
AG_10_035,-1,FMP_AG,SKIN,0,1,1,0,0.667,1.0,10.0,44.7,-187.0,197,116,-164.0,0.0,35396,6457646.8,1926981.7,4,7,-2521.0440179382354,-0.002219,-10519.80511
AG_10_036,-1,FMP_AG,SKIN,0,1,1,0,0.667,1.0,10.0,12.4,-243.0,180,108,-217.0,0.0,32328,6450980.9,1933601.0,5,8,-2521.0440179382354,-0.002219,-10519.80511
AG_10_037,-1,FMP_AG,SKIN,0,1,1,0,0.667,1.0,10.0,36.8,-360.0,239,129,-321.0,0.0,42969,6470937.2,1909471.3,3,8,-2521.0440179382354,-0.002219,-10519.80511
AG_10_038,-1,FMP_AG,SKIN,0,1,1,0,0.667,1.0,10.0,-1.12,-410.0,271,138,-369.0,0.0,48738,6480638.2,1895975.3,4,9,-2521.0440179382354,-0.002219,-10519.80511
AG_10_039,-1,FMP_AG,SKIN,0,1,1,0,0.667,1.0,10.0,-61.8,-269.0,211,99,-248.0,0.0,37899,6452053.6,1917496.7,5,8,-2521.0440179382354,-0.002219,-10519.80511
AG_10_040,-1,FMP_AG,SKIN,0,1,1,0,0.667,1.0,10.0,-3.58,-391.0,229,127,-352.0,0.0,41167,6468287.4,1913827.8,4,9,-2521.0440179382354,-0.002219,-10519.80511
AG_10_041,-1,FMP_AG,SKIN,0,1,1,0,0.667,1.0,10.0,-69.1,-292.0,211,97,-270.0,0.0,37897,6451113.9,1917154.7,5,8,-2521.0440179382354,-0.002219,-10519.80511
AG_10_042,-1,FMP_AG,SKIN,0,1,1,0,0.667,1.0,10.0,-61.4,-306.0,239,122,-282.0,0.0,42962,6467648.3,1908274.2,5,8,-2521.0440179382354,-0.002219,-10519.80511
AG_10_043,-1,FMP_AG,SKIN,0,1,1,0,0.667,1.0,10.0,-111.0,-356.0,242,123,-332.0,0.0,43503,6468631.2,1907035.7,5,8,-2521.0440179382354,-0.002219,-10519.80511
AG_10_044,-1,FMP_AG,SKIN,0,1,1,0,0.667,1.0,10.0,119.0,-129.0,243,116,-105.0,0.0,43676,6465513.3,1905368.8,1,5,-2349.7837081147068,-0.002219,-7680.48147
AG_10_045,-1,FMP_AG,SKIN,0,1,1,0,0.667,1.0,10.0,-125.0,-208.0,234,115,-200.0,0.0,42055,6463504.3,1909426.4,6,7,-2421.959517408824,-0.002219,-8341.009375
AG_10_046,-1,FMP_AG,SKIN,0,1,1,0,0.667,1.0,10.0,35.6,-44.4,240,114,-36.4,0.0,43134,6464060.5,1906436.3,2,4,-503.25967716764745,-0.002219,-2670.64445
AG_10_047,-1,FMP_AG,SKIN,0,1,1,0,0.667,1.0,10.0,-69.7,-471.0,194,115,-431.0,0.0,34855,6456663.9,1928220.3,6,9,-2521.0440179382354,-0.002219,-10519.80511
AG_10_048,-1,FMP_AG,SKIN,0,1,1,0,0.667,1.0,10.0,-93.2,-522.0,193,114,-479.0,0.0,34674,6456023.1,1928519.1,6,10,-2521.0440179382354,-0.002219,-10519.80511
AG_10_049,-1,FMP_AG,SKIN,0,1,1,0,0.667,1.0,10.0,-156.0,-532.0,192,115,-494.0,0.0,34495,6456321.9,1929159.9,7,10,-2521.0440179382354,-0.002219,-10519.80511
AG_10_050,-1,FMP_AG,SKIN,0,1,1,0,0.667,1.0,10.0,-68.1,-279.0,236,119,-258.0,0.0,42419,6465725.7,1909170.8,5,7,-2521.0440179382354,-0.002219,-10519.80511
AG_11_001,-1,FMP_AG,SKIN,0,1,1,0,0.667,1.0,10.0,14.0,-44.1,286,119,-38.3,0.0,51419,6474276.2,1885678.4,2,4,-3432.328914483678,-1.136689,-11366.987405
AG_11_002,-1,FMP_AG,SKIN,0,1,1,0,0.667,1.0,10.0,6.43,-309.0,289,120,-277.0,0.0,51960,6475259.1,1884439.9,2,7,-3432.328914483678,-1.136689,-11366.987405
AG_11_003,-1,FMP_AG,SKIN,0,1,1,0,0.667,1.0,10.0,6.0,-266.0,286,127,-239.0,0.0,51427,6478035.0,1887046.5,2,7,-3432.328914483678,-1.136689,-11366.987405
AG_11_004,-1,FMP_AG,SKIN,0,1,1,0,0.667,1.0,10.0,-33.7,-352.0,295,127,-320.0,0.0,53047,6479574.1,1882817.9,2,8,-3432.328914483678,-1.136689,-11366.987405
AG_11_005,-1,FMP_AG,SKIN,0,1,1,0,0.667,1.0,10.0,-24.8,-351.0,287,128,-318.0,0.0,51608,6478675.9,1886747.7,3,8,-3432.328914483678,-1.136689,-11366.987405
AG_11_006,-1,FMP_AG,SKIN,0,1,1,0,0.667,1.0,10.0,-5.71,-84.7,280,121,-76.8,0.0,50341,6474189.9,1888839.5,3,4,-3432.328914483678,-1.136689,-11366.987405
AG_11_007,-1,FMP_AG,SKIN,0,1,1,0,0.667,1.0,10.0,-14.1,-97.1,292,125,-88.8,0.0,52505,6478121.4,1883885.4,2,4,-3432.328914483678,-1.136689,-11366.987405
AG_11_008,-1,FMP_AG,SKIN,0,1,1,0,0.667,1.0,10.0,-30.3,-160.0,298,125,-147.0,0.0,53585,6479147.4,1881066.3,2,5,-3432.328914483678,-1.136689,-11366.987405
AG_11_009,-1,FMP_AG,SKIN,0,1,1,0,0.667,1.0,10.0,-14.7,-105.0,282,121,-95.7,0.0,50701,6474531.9,1887899.8,3,5,-3432.328914483678,-1.136689,-11366.987405
AG_11_010,-1,FMP_AG,SKIN,0,1,1,0,0.667,1.0,10.0,-5.71,-165.0,282,117,-149.0,0.0,50697,6472652.5,1887215.8,3,6,-3432.328914483678,-1.136689,-11366.987405
AG_11_011,-1,FMP_AG,SKIN,0,1,1,0,0.667,1.0,10.0,-8.06,-116.0,262,120,-105.0,0.0,47100,6470641.8,1897125.8,3,5,-3432.328914483678,-1.136689,-11366.987405
AG_11_012,-1,FMP_AG,SKIN,0,1,1,0,0.667,1.0,10.0,-44.2,-471.0,295,126,-429.0,0.0,53046,6479104.3,1882646.9,3,9,-3432.328914483678,-1.136689,-11366.987405
AG_11_013,-1,FMP_AG,SKIN,0,1,1,0,0.667,1.0,10.0,-35.5,-434.0,285,125,-394.0,0.0,51245,6476924.3,1887174.3,3,8,-3432.328914483678,-1.136689,-11366.987405
AG_11_014,-1,FMP_AG,SKIN,0,1,1,0,0.667,1.0,10.0,-41.1,-226.0,269,120,-208.0,0.0,48360,6471838.9,1893836.8,4,7,-3432.328914483678,-1.136689,-11366.987405
AG_11_015,-1,FMP_AG,SKIN,0,1,1,0,0.667,1.0,10.0,-37.7,-204.0,263,119,-187.0,0.0,47279,6470343.0,1896484.9,4,6,-3432.328914483678,-1.136689,-11366.987405
AG_11_016,-1,FMP_AG,SKIN,0,1,1,0,0.667,1.0,10.0,-73.6,-231.0,274,123,-215.0,0.0,49263,6474103.5,1892000.6,4,7,-3432.328914483678,-1.136689,-11366.987405
AG_11_017,-1,FMP_AG,SKIN,0,1,1,0,0.667,1.0,10.0,-74.7,-310.0,269,121,-286.0,0.0,48361,6472308.8,1894007.8,4,7,-3432.328914483678,-1.136689,-11366.987405
AG_11_018,-1,FMP_AG,SKIN,0,1,1,0,0.667,1.0,10.0,-89.6,-348.0,262,123,-322.0,0.0,47103,6472051.4,1897638.8,5,8,-3432.328914483678,-1.136689,-11366.987405
AG_11_019,-1,FMP_AG,SKIN,0,1,1,0,0.667,1.0,10.0,-76.5,-335.0,264,121,-309.0,0.0,47461,6471453.7,1896357.1,4,8,-3432.328914483678,-1.136689,-11366.987405
AG_11_020,-1,FMP_AG,SKIN,0,1,1,0,0.667,1.0,10.0,-84.4,-342.0,266,121,-317.0,0.0,47821,6471795.7,1895417.4,5,8,-3432.328914483678,-1.136689,-11366.987405
AG_11_021,-1,FMP_AG,SKIN,0,1,1,0,0.667,1.0,10.0,-102.0,-381.0,270,121,-353.0,0.0,48541,6472479.8,1893538.0,5,8,-3432.328914483678,-1.136689,-11366.987405
AG_11_022,-1,FMP_AG,SKIN,0,1,1,0,0.667,1.0,10.0,-121.0,-340.0,274,123,-318.0,0.0,49263,6474103.5,1892000.6,5,8,-3432.328914483678,-1.136689,-11366.987405
AG_11_023,-1,FMP_AG,SKIN,0,1,1,0,0.667,1.0,10.0,-115.0,-419.0,269,120,-388.0,0.0,48360,6471838.9,1893836.8,5,8,-3432.328914483678,-1.136689,-11366.987405
AG_11_024,-1,FMP_AG,SKIN,0,1,1,0,0.667,1.0,10.0,-138.0,-467.0,267,125,-434.0,0.0,48005,6473846.1,1895631.6,5,9,-3432.328914483678,-1.136689,-11366.987405
AG_11_025,-1,FMP_AG,SKIN,0,1,1,0,0.667,1.0,10.0,-136.0,-484.0,269,119,-449.0,0.0,48359,6471369.1,1893665.8,5,9,-3432.328914483678,-1.136689,-11366.987405
AG_11_026,-1,FMP_AG,SKIN,0,1,1,0,0.667,1.0,10.0,-151.0,-443.0,275,117,-414.0,0.0,49437,6471455.4,1890504.7,6,9,-3432.328914483678,-1.136689,-11366.987405
AG_11_027,-1,FMP_AG,SKIN,0,1,1,0,0.667,1.0,10.0,-199.0,-463.0,279,124,-436.0,0.0,50164,6475428.4,1889822.4,6,9,-3432.328914483678,-1.136689,-11366.987405
AG_12_001,-1,FMP_AG,SKIN,0,1,1,0,0.667,1.0,10.0,77.8,-116.0,275,100,-96.8,0.0,49420,6463468.1,1887597.6,2,6,-4226.621405165192,-0.168608,-9454.83964
AG_12_002,-1,FMP_AG,SKIN,0,1,1,0,0.667,1.0,10.0,60.4,-166.0,282,99,-143.0,0.0,50679,6464195.3,1884137.6,2,6,-4226.621405165192,-0.168608,-9454.83964
AG_12_003,-1,FMP_AG,SKIN,0,1,1,0,0.667,1.0,10.0,77.4,-276.0,295,99,-240.0,0.0,53019,6466418.4,1878029.6,2,8,-4226.621405165192,-0.168608,-9454.83964
AG_12_004,-1,FMP_AG,SKIN,0,1,1,0,0.667,1.0,10.0,40.0,-289.0,273,109,-256.0,0.0,49069,6467354.6,1890076.3,3,8,-4226.621405165192,-0.168608,-9454.83964
AG_12_005,-1,FMP_AG,SKIN,0,1,1,0,0.667,1.0,10.0,48.3,-184.0,257,103,-161.0,0.0,46183,6461799.4,1896567.8,2,7,-4226.621405165192,-0.168608,-9454.83964
AG_12_006,-1,FMP_AG,SKIN,0,1,1,0,0.667,1.0,10.0,113.0,-138.0,278,95,-113.0,0.0,49955,6461631.8,1885333.0,2,6,-4226.621405165192,-0.168608,-9454.83964
AG_12_007,-1,FMP_AG,SKIN,0,1,1,0,0.667,1.0,10.0,16.8,-234.0,258,107,-209.0,0.0,46367,6463849.8,1896782.0,3,7,-4226.621405165192,-0.168608,-9454.83964
AG_12_008,-1,FMP_AG,SKIN,0,1,1,0,0.667,1.0,10.0,48.0,-350.0,267,102,-310.0,0.0,47982,6463039.7,1891698.3,3,8,-4226.621405165192,-0.168608,-9454.83964
AG_12_009,-1,FMP_AG,SKIN,0,1,1,0,0.667,1.0,10.0,31.5,-200.0,271,107,-176.0,0.0,48707,6466072.9,1890674.0,3,7,-4226.621405165192,-0.168608,-9454.83964
AG_12_010,-1,FMP_AG,SKIN,0,1,1,0,0.667,1.0,10.0,36.8,-346.0,269,104,-308.0,0.0,48344,6464321.4,1891100.7,3,8,-4226.621405165192,-0.168608,-9454.83964
AG_12_011,-1,FMP_AG,SKIN,0,1,1,0,0.667,1.0,10.0,35.6,-353.0,274,104,-315.0,0.0,49244,6465176.4,1888751.4,3,8,-4226.621405165192,-0.168608,-9454.83964
AG_12_012,-1,FMP_AG,SKIN,0,1,1,0,0.667,1.0,10.0,39.3,-381.0,270,102,-339.0,0.0,48522,6463552.7,1890288.8,3,9,-4226.621405165192,-0.168608,-9454.83964
AG_12_013,-1,FMP_AG,SKIN,0,1,1,0,0.667,1.0,10.0,28.0,-270.0,261,102,-240.0,0.0,46902,6462013.6,1894517.4,3,8,-4226.621405165192,-0.168608,-9454.83964
AG_12_014,-1,FMP_AG,SKIN,0,1,1,0,0.667,1.0,10.0,16.3,-290.0,265,107,-259.0,0.0,47627,6465046.9,1893493.1,3,8,-4226.621405165192,-0.168608,-9454.83964
AG_12_015,-1,FMP_AG,SKIN,0,1,1,0,0.667,1.0,10.0,42.5,-379.0,269,100,-336.0,0.0,48340,6462442.0,1890416.6,3,9,-4226.621405165192,-0.168608,-9454.83964
AG_12_016,-1,FMP_AG,SKIN,0,1,1,0,0.667,1.0,10.0,33.7,-387.0,270,102,-345.0,0.0,48522,6463552.7,1890288.8,3,9,-4226.621405165192,-0.168608,-9454.83964
AG_12_017,-1,FMP_AG,SKIN,0,1,1,0,0.667,1.0,10.0,7.23,-319.0,260,104,-286.0,0.0,46724,6462782.3,1895329.3,3,8,-4226.621405165192,-0.168608,-9454.83964
AG_12_018,-1,FMP_AG,SKIN,0,1,1,0,0.667,1.0,10.0,30.1,-299.0,263,102,-266.0,0.0,47262,6462355.6,1893577.7,3,8,-4226.621405165192,-0.168608,-9454.83964
AG_12_019,-1,FMP_AG,SKIN,0,1,1,0,0.667,1.0,10.0,84.5,-289.0,279,95,-251.0,0.0,50135,6461802.9,1884863.1,2,8,-4226.621405165192,-0.168608,-9454.83964
AG_12_020,-1,FMP_AG,SKIN,0,1,1,0,0.667,1.0,10.0,53.1,-322.0,279,96,-284.0,0.0,50136,6462272.7,1885034.1,3,8,-4226.621405165192,-0.168608,-9454.83964
AG_12_021,-1,FMP_AG,SKIN,0,1,1,0,0.667,1.0,10.0,60.0,-315.0,281,96,-278.0,0.0,50496,6462614.7,1884094.4,3,8,-4226.621405165192,-0.168608,-9454.83964
AG_12_022,-1,FMP_AG,SKIN,0,1,1,0,0.667,1.0,10.0,32.9,-342.0,281,98,-305.0,0.0,50498,6463554.4,1884436.5,3,8,-4226.621405165192,-0.168608,-9454.83964
AG_12_023,-1,FMP_AG,SKIN,0,1,1,0,0.667,1.0,10.0,32.3,-343.0,276,100,-305.0,0.0,49600,6463639.1,1887127.7,3,8,-4226.621405165192,-0.168608,-9454.83964
AG_12_024,-1,FMP_AG,SKIN,0,1,1,0,0.667,1.0,10.0,41.2,-334.0,277,99,-296.0,0.0,49779,6463340.2,1886486.9,3,8,-4226.621405165192,-0.168608,-9454.83964
AG_12_025,-1,FMP_AG,SKIN,0,1,1,0,0.667,1.0,10.0,77.7,-232.0,294,96,-201.0,0.0,52836,6464837.9,1877986.4,2,7,-4226.621405165192,-0.168608,-9454.83964
AG_12_026,-1,FMP_AG,SKIN,0,1,1,0,0.667,1.0,10.0,30.8,-244.0,273,101,-217.0,0.0,49061,6463595.9,1888708.3,3,7,-4226.621405165192,-0.168608,-9454.83964
AG_12_027,-1,FMP_AG,SKIN,0,1,1,0,0.667,1.0,10.0,-0.282,-354.0,270,110,-319.0,0.0,48530,6467311.5,1891656.9,4,8,-4226.621405165192,-0.168608,-9454.83964
AG_12_028,-1,FMP_AG,SKIN,0,1,1,0,0.667,1.0,10.0,29.7,-379.0,285,97,-338.0,0.0,51217,6463768.6,1882386.1,3,9,-4226.621405165192,-0.168608,-9454.83964
AG_12_029,-1,FMP_AG,SKIN,0,1,1,0,0.667,1.0,10.0,7.98,-367.0,261,102,-330.0,0.0,46902,6462013.6,1894517.4,4,8,-4226.621405165192,-0.168608,-9454.83964
AG_12_030,-1,FMP_AG,SKIN,0,1,1,0,0.667,1.0,10.0,1.86,-373.0,264,104,-336.0,0.0,47444,6463466.3,1893449.9,4,8,-4226.621405165192,-0.168608,-9454.83964
AG_12_031,-1,FMP_AG,SKIN,0,1,1,0,0.667,1.0,10.0,78.8,-120.0,256,102,-100.0,0.0,46002,6461158.6,1896866.7,1,6,-1846.275818351031,-0.168608,-8161.130665
AG_12_032,-1,FMP_AG,SKIN,0,1,1,0,0.667,1.0,10.0,-16.8,-378.0,276,112,-342.0,0.0,49612,6469277.2,1889179.8,4,8,-4226.621405165192,-0.168608,-9454.83964
AG_12_033,-1,FMP_AG,SKIN,0,1,1,0,0.667,1.0,10.0,-32.3,-304.0,254,108,-277.0,0.0,45648,6463635.6,1898832.4,4,8,-4226.621405165192,-0.168608,-9454.83964
AG_12_034,-1,FMP_AG,SKIN,0,1,1,0,0.667,1.0,10.0,-46.6,-212.0,261,120,-195.0,0.0,46920,6470470.8,1897595.6,4,6,-4226.621405165192,-0.168608,-9454.83964
AG_12_035,-1,FMP_AG,SKIN,0,1,1,0,0.667,1.0,10.0,-31.1,-196.0,263,115,-180.0,0.0,47275,6468463.6,1895800.9,4,6,-4226.621405165192,-0.168608,-9454.83964
AG_12_036,-1,FMP_AG,SKIN,0,1,1,0,0.667,1.0,10.0,-9.51,-405.0,265,107,-365.0,0.0,47627,6465046.9,1893493.1,4,9,-4226.621405165192,-0.168608,-9454.83964
AG_12_037,-1,FMP_AG,SKIN,0,1,1,0,0.667,1.0,10.0,-39.2,-206.0,265,117,-190.0,0.0,47637,6469745.3,1895203.2,4,7,-4226.621405165192,-0.168608,-9454.83964
AG_12_038,-1,FMP_AG,SKIN,0,1,1,0,0.667,1.0,10.0,-36.8,-204.0,266,116,-187.0,0.0,47816,6469446.5,1894562.3,4,7,-4226.621405165192,-0.168608,-9454.83964
AG_12_039,-1,FMP_AG,SKIN,0,1,1,0,0.667,1.0,10.0,8.19,-456.0,281,98,-409.0,0.0,50498,6463554.4,1884436.5,4,9,-4226.621405165192,-0.168608,-9454.83964
AG_12_040,-1,FMP_AG,SKIN,0,1,1,0,0.667,1.0,10.0,-15.3,-429.0,259,103,-388.0,0.0,46543,6462141.4,1895628.1,4,9,-4226.621405165192,-0.168608,-9454.83964
AG_12_041,-1,FMP_AG,SKIN,0,1,1,0,0.667,1.0,10.0,14.9,-457.0,279,98,-410.0,0.0,50138,6463212.4,1885376.1,4,9,-4226.621405165192,-0.168608,-9454.83964
AG_12_042,-1,FMP_AG,SKIN,0,1,1,0,0.667,1.0,10.0,-37.6,-59.6,270,113,-57.4,0.0,48533,6468721.0,1892169.9,4,5,-4226.621405165192,-0.168608,-9454.83964
AG_12_043,-1,FMP_AG,SKIN,0,1,1,0,0.667,1.0,10.0,-13.4,-635.0,265,103,-573.0,0.0,47623,6463167.5,1892809.0,4,10,-4226.621405165192,-0.168608,-9454.83964
AG_12_044,-1,FMP_AG,SKIN,0,1,1,0,0.667,1.0,10.0,4.92,-515.0,271,98,-463.0,0.0,48698,6461844.3,1889134.9,4,10,-4226.621405165192,-0.168608,-9454.83964
AG_12_045,-1,FMP_AG,SKIN,0,1,1,0,0.667,1.0,10.0,-25.3,-364.0,277,103,-330.0,0.0,49783,6465219.6,1887170.9,4,8,-4226.621405165192,-0.168608,-9454.83964
AG_12_046,-1,FMP_AG,SKIN,0,1,1,0,0.667,1.0,10.0,12.6,-514.0,271,95,-461.0,0.0,48695,6460434.8,1888621.9,4,10,-4226.621405165192,-0.168608,-9454.83964
AG_12_047,-1,FMP_AG,SKIN,0,1,1,0,0.667,1.0,10.0,-36.9,-384.0,281,103,-349.0,0.0,50503,6465903.6,1885291.5,4,8,-4226.621405165192,-0.168608,-9454.83964
AG_12_048,-1,FMP_AG,SKIN,0,1,1,0,0.667,1.0,10.0,-46.8,-394.0,284,104,-359.0,0.0,51044,6466886.5,1884053.0,4,8,-4226.621405165192,-0.168608,-9454.83964
AG_12_049,-1,FMP_AG,SKIN,0,1,1,0,0.667,1.0,10.0,-19.9,-552.0,268,104,-499.0,0.0,48164,6464150.4,1891570.5,4,10,-4226.621405165192,-0.168608,-9454.83964
AG_12_050,-1,FMP_AG,SKIN,0,1,1,0,0.667,1.0,10.0,-15.6,-600.0,278,99,-541.0,0.0,49959,6463511.2,1886017.0,4,10,-4226.621405165192,-0.168608,-9454.83964
AG_12_051,-1,FMP_AG,SKIN,0,1,1,0,0.667,1.0,10.0,-71.1,-497.0,258,106,-455.0,0.0,46366,6463380.0,1896611.0,5,9,-4226.621405165192,-0.168608,-9454.83964
AG_12_052,-1,FMP_AG,SKIN,0,1,1,0,0.667,1.0,10.0,-75.8,-502.0,255,106,-459.0,0.0,45826,6462866.9,1898020.5,5,9,-4226.621405165192,-0.168608,-9454.83964
AG_12_053,-1,FMP_AG,SKIN,0,1,1,0,0.667,1.0,10.0,-85.1,-588.0,277,113,-538.0,0.0,49793,6469918.1,1888881.0,5,10,-4226.621405165192,-0.168608,-9454.83964
AG_12_054,-1,FMP_AG,SKIN,0,1,1,0,0.667,1.0,10.0,-102.0,-377.0,269,114,-350.0,0.0,48354,6469019.8,1892810.8,5,8,-4226.621405165192,-0.168608,-9454.83964
AG_12_055,-1,FMP_AG,SKIN,0,1,1,0,0.667,1.0,10.0,-124.0,-405.0,261,119,-377.0,0.0,46919,6470001.0,1897424.6,5,8,-4226.621405165192,-0.168608,-9454.83964
AG_12_056,-1,FMP_AG,SKIN,0,1,1,0,0.667,1.0,10.0,-106.0,-368.0,267,111,-342.0,0.0,47991,6467268.3,1893237.4,5,8,-4226.621405165192,-0.168608,-9454.83964
AG_12_057,-1,FMP_AG,SKIN,0,1,1,0,0.667,1.0,10.0,-93.8,-525.0,272,106,-482.0,0.0,48886,6465774.1,1890033.2,5,9,-4226.621405165192,-0.168608,-9454.83964
AG_12_058,-1,FMP_AG,SKIN,0,1,1,0,0.667,1.0,10.0,-100.0,-569.0,265,106,-523.0,0.0,47626,6464577.0,1893322.1,5,10,-4226.621405165192,-0.168608,-9454.83964
AG_12_059,-1,FMP_AG,SKIN,0,1,1,0,0.667,1.0,10.0,-123.0,-394.0,264,110,-366.0,0.0,47450,6466285.4,1894476.0,6,8,-4226.621405165192,-0.168608,-9454.83964
AG_12_060,-1,FMP_AG,SKIN,0,1,1,0,0.667,1.0,10.0,-121.0,-561.0,273,112,-517.0,0.0,49072,6468764.2,1890589.4,6,10,-4226.621405165192,-0.168608,-9454.83964
AG_12_061,-1,FMP_AG,SKIN,0,1,1,0,0.667,1.0,10.0,-134.0,-408.0,264,115,-380.0,0.0,47455,6468634.6,1895331.0,6,8,-4226.621405165192,-0.168608,-9454.83964
AG_12_062,-1,FMP_AG,SKIN,0,1,1,0,0.667,1.0,10.0,-146.0,-468.0,269,117,-435.0,0.0,48357,6470429.4,1893323.8,6,9,-4226.621405165192,-0.168608,-9454.83964
AG_12_063,-1,FMP_AG,SKIN,0,1,1,0,0.667,1.0,10.0,-157.0,-443.0,269,116,-415.0,0.0,48356,6469959.5,1893152.8,6,9,-4226.621405165192,-0.168608,-9454.83964
AG_13_001,-1,FMP_AG,SKIN,0,1,1,0,0.667,1.0,10.0,-5.18,-257.0,330,134,-232.0,0.0,59354,6488848.4,1867570.4,3,7,-1381.832000279201,-0.094915,-4082.723835
AG_13_002,-1,FMP_AG,SKIN,0,1,1,0,0.667,1.0,10.0,37.8,-225.0,332,137,-199.0,0.0,59717,6490599.9,1867143.7,1,7,-1300.4136559914532,-0.094915,-4082.723835
AG_13_003,-1,FMP_AG,SKIN,0,1,1,0,0.667,1.0,10.0,-5.48,-229.0,357,116,-206.0,0.0,64196,6485008.4,1851806.3,2,6,-1294.4797924330485,-0.094915,-4082.723835
AG_13_004,-1,FMP_AG,SKIN,0,1,1,0,0.667,1.0,10.0,-66.8,-292.0,340,105,-269.0,0.0,61125,6476932.9,1857912.6,3,7,-18550.042175393155,-0.094915,-100711.88424
AG_14_001,-1,FMP_AG,SKIN,0,1,1,0,0.667,1.0,10.0,-31.3,-324.0,293,130,-295.0,0.0,52690,6480641.6,1884270.6,2,7,-1505.3069719853809,-0.002568,-6205.99643
AG_14_002,-1,FMP_AG,SKIN,0,1,1,0,0.667,1.0,10.0,-36.3,-280.0,272,128,-256.0,0.0,48908,6476110.7,1893795.4,3,7,-4335.276002614031,-0.002568,-17360.05002
AG_14_003,-1,FMP_AG,SKIN,0,1,1,0,0.667,1.0,10.0,-59.6,-463.0,287,132,-422.0,0.0,51612,6480555.3,1887431.7,3,9,-2138.7904002456144,-0.002568,-8815.16138
AG_14_004,-1,FMP_AG,SKIN,0,1,1,0,0.667,1.0,10.0,-32.3,-323.0,272,131,-294.0,0.0,48911,6477520.3,1894308.4,3,8,-5110.029378622801,-0.002568,-20278.311355
AG_14_005,-1,FMP_AG,SKIN,0,1,1,0,0.667,1.0,10.0,1.58,-308.0,277,138,-277.0,0.0,49818,6481664.2,1893156.2,3,8,-1826.6735856403516,-0.002568,-7483.17425
AG_14_006,-1,FMP_AG,SKIN,0,1,1,0,0.667,1.0,10.0,-90.3,-295.0,304,130,-275.0,0.0,54670,6482522.7,1879102.3,4,7,-1188.941581336256,-0.002568,-4573.025665
AG_14_007,-1,FMP_AG,SKIN,0,1,1,0,0.667,1.0,10.0,-31.1,-329.0,266,130,-299.0,0.0,47830,6476024.3,1896956.5,3,8,-5271.101321254379,-0.002568,-20322.470815
AG_14_008,-1,FMP_AG,SKIN,0,1,1,0,0.667,1.0,10.0,25.0,-285.0,276,139,-254.0,0.0,49639,6481963.1,1893797.1,2,7,-1535.089223815789,-0.002568,-6829.82079
AG_14_009,-1,FMP_AG,SKIN,0,1,1,0,0.667,1.0,10.0,-77.7,-317.0,292,132,-293.0,0.0,52512,6481410.3,1885082.5,4,7,-1259.0474391608184,-0.002568,-5142.288515
AG_14_010,-1,FMP_AG,SKIN,0,1,1,0,0.667,1.0,10.0,-20.6,-253.0,279,137,-229.0,0.0,50177,6481536.4,1892045.5,3,7,-1071.7134376023394,-0.002568,-4573.025665
AG_14_011,-1,FMP_AG,SKIN,0,1,1,0,0.667,1.0,10.0,-67.1,-310.0,291,133,-286.0,0.0,52333,6481709.1,1885723.3,4,7,-1226.668934976608,-0.002568,-5130.312925
AG_14_012,-1,FMP_AG,SKIN,0,1,1,0,0.667,1.0,10.0,-116.0,-412.0,296,130,-383.0,0.0,53230,6481154.7,1882861.1,4,8,-2080.647477964912,-0.002568,-8135.006285
AG_14_013,-1,FMP_AG,SKIN,0,1,1,0,0.667,1.0,10.0,-125.0,-447.0,301,128,-415.0,0.0,54128,6481070.0,1880169.8,5,8,-2343.7947392368433,-0.002568,-10373.56957
AG_14_014,-1,FMP_AG,SKIN,0,1,1,0,0.667,1.0,10.0,-114.0,-392.0,287,132,-365.0,0.0,51612,6480555.3,1887431.7,5,8,-1217.5266052953214,-0.002568,-5142.288515
AG_14_015,-1,FMP_AG,SKIN,0,1,1,0,0.667,1.0,10.0,-103.0,-384.0,284,133,-356.0,0.0,51073,6480512.1,1889012.3,4,8,-1704.2889959181284,-0.002568,-6882.48994
AG_14_016,-1,FMP_AG,SKIN,0,1,1,0,0.667,1.0,10.0,-106.0,-433.0,276,130,-400.0,0.0,49630,6477734.4,1892258.0,5,8,-2296.294951254387,-0.002568,-10373.56957
AG_14_017,-1,FMP_AG,SKIN,0,1,1,0,0.667,1.0,10.0,-103.0,-472.0,289,134,-435.0,0.0,51974,6481837.0,1886834.0,4,9,-2353.8907190029245,-0.002568,-10533.939305
AG_14_018,-1,FMP_AG,SKIN,0,1,1,0,0.667,1.0,10.0,-168.0,-530.0,301,130,-493.0,0.0,54130,6482009.7,1880511.9,5,9,-2676.407671853801,-0.002568,-12402.258405
AG_14_019,-1,FMP_AG,SKIN,0,1,1,0,0.667,1.0,10.0,-170.0,-532.0,302,130,-495.0,0.0,54310,6482180.7,1880042.0,5,9,-2680.2121352309937,-0.002568,-12402.258405
AG_14_020,-1,FMP_AG,SKIN,0,1,1,0,0.667,1.0,10.0,-137.0,-513.0,275,129,-475.0,0.0,49449,6477093.6,1892556.8,5,9,-2767.4398357573114,-0.002568,-12743.214315
AG_14_021,-1,FMP_AG,SKIN,0,1,1,0,0.667,1.0,10.0,-156.0,-411.0,284,135,-386.0,0.0,51075,6481451.8,1889354.3,5,8,-2001.233712643277,-0.002568,-7894.73827
AG_14_022,-1,FMP_AG,SKIN,0,1,1,0,0.667,1.0,10.0,-156.0,-517.0,266,128,-481.0,0.0,47828,6475084.7,1896614.5,6,9,-5982.534038959059,-0.002568,-40610.092765
AG_14_023,-1,FMP_AG,SKIN,0,1,1,0,0.667,1.0,10.0,-102.0,-365.0,288,136,-339.0,0.0,51796,6482605.6,1887645.9,5,8,-1516.0959013859656,-0.002568,-6388.54028
AG_14_024,-1,FMP_AG,SKIN,0,1,1,0,0.667,1.0,10.0,-196.0,-512.0,287,132,-481.0,0.0,51612,6480555.3,1887431.7,6,9,-2190.151539807017,-0.002568,-8815.16138
AG_14_025,-1,FMP_AG,SKIN,0,1,1,0,0.667,1.0,10.0,-220.0,-696.0,283,131,-648.0,0.0,50891,6479401.4,1889140.1,6,10,-5288.121465830403,-0.002568,-20322.470815
AG_15_001,-1,FMP_AG,SKIN,0,1,1,0,0.667,1.0,10.0,47.8,-208.0,324,140,-183.0,0.0,58280,6490641.4,1871415.5,1,6,-1064.2758163612896,-0.000804,-2808.95562
AG_15_002,-1,FMP_AG,SKIN,0,1,1,0,0.667,1.0,10.0,65.4,-196.0,326,135,-170.0,0.0,58635,6488634.2,1869620.7,1,6,-1200.6023715167146,-0.000804,-2863.03965
AG_15_003,-1,FMP_AG,SKIN,0,1,1,0,0.667,1.0,10.0,179.0,-69.2,335,145,-44.4,0.0,60265,6494871.7,1867102.2,1,4,-1248.0528068979463,-0.000804,-3040.797185
AG_15_004,-1,FMP_AG,SKIN,0,1,1,0,0.667,1.0,10.0,22.3,-163.0,279,140,-144.0,0.0,50180,6482945.9,1892558.6,3,6,-1248.0528068979463,-0.000804,-3040.797185
AG_15_005,-1,FMP_AG,SKIN,0,1,1,0,0.667,1.0,10.0,10.2,-172.0,289,140,-154.0,0.0,51980,6484656.0,1887860.1,2,6,-677.2913757689147,-0.000804,-2195.338735
AG_15_006,-1,FMP_AG,SKIN,0,1,1,0,0.667,1.0,10.0,-16.8,-280.0,301,136,-254.0,0.0,54136,6484828.8,1881537.9,2,7,-1248.0528068979463,-0.000804,-3040.797185
AG_15_007,-1,FMP_AG,SKIN,0,1,1,0,0.667,1.0,10.0,64.1,-178.0,329,145,-154.0,0.0,59185,6493845.7,1869921.3,1,6,-1248.0528068979463,-0.000804,-3040.797185
AG_15_008,-1,FMP_AG,SKIN,0,1,1,0,0.667,1.0,10.0,69.1,-170.0,327,147,-146.0,0.0,58827,6494443.4,1871203.0,1,6,-1243.9208364785916,-0.000804,-3040.797185
AG_15_009,-1,FMP_AG,SKIN,0,1,1,0,0.667,1.0,10.0,63.4,-109.0,298,149,-91.4,0.0,53609,6490423.8,1885170.6,1,5,-444.7730187982406,-0.000804,-1647.22135
AG_15_010,-1,FMP_AG,SKIN,0,1,1,0,0.667,1.0,10.0,19.7,-213.0,335,134,-190.0,0.0,60254,6489703.4,1865221.1,2,6,-1248.0528068979463,-0.000804,-3040.797185
AG_15_011,-1,FMP_AG,SKIN,0,1,1,0,0.667,1.0,10.0,149.0,-131.0,331,152,-103.0,0.0,59552,6497476.6,1870178.7,1,5,-1248.0528068979463,-0.000804,-3040.797185
AG_15_012,-1,FMP_AG,SKIN,0,1,1,0,0.667,1.0,10.0,161.0,-135.0,327,152,-105.0,0.0,58832,6496792.6,1872058.1,1,5,-1209.4026979302046,-0.000804,-3024.28122
AG_15_013,-1,FMP_AG,SKIN,0,1,1,0,0.667,1.0,10.0,280.0,-61.5,323,154,-27.4,0.0,58114,6497048.2,1874279.5,1,4,-601.8516930152492,-0.000804,-2374.510125
AG_15_014,-1,FMP_AG,SKIN,0,1,1,0,0.667,1.0,10.0,236.0,2.06,337,147,25.5,0.0,60627,6496153.5,1866504.6,1,3,-1248.0528068979463,-0.000804,-3040.797185
AG_15_015,-1,FMP_AG,SKIN,0,1,1,0,0.667,1.0,10.0,179.0,-173.0,333,152,-138.0,0.0,59912,6497818.6,1869239.0,1,6,-1248.0528068979463,-0.000804,-3040.797185
AG_15_016,-1,FMP_AG,SKIN,0,1,1,0,0.667,1.0,10.0,117.0,-285.0,330,151,-245.0,0.0,59371,6496835.8,1870477.5,1,7,-1248.0528068979463,-0.000804,-3040.797185
AG_15_017,-1,FMP_AG,SKIN,0,1,1,0,0.667,1.0,10.0,-69.1,-308.0,297,136,-284.0,0.0,53416,6484144.7,1883417.3,4,7,-1248.0528068979463,-0.000804,-3040.797185
AG_15_018,-1,FMP_AG,SKIN,0,1,1,0,0.667,1.0,10.0,-64.5,-310.0,292,138,-285.0,0.0,52518,6484229.4,1886108.6,4,7,-1248.0528068979463,-0.000804,-3040.797185
AG_15_019,-1,FMP_AG,SKIN,0,1,1,0,0.667,1.0,10.0,-34.0,-433.0,304,141,-393.0,0.0,54681,6487691.0,1880983.4,3,8,-1248.0528068979463,-0.000804,-3040.797185
AG_15_020,-1,FMP_AG,SKIN,0,1,1,0,0.667,1.0,10.0,-40.9,-352.0,327,138,-321.0,0.0,58818,6490214.7,1869663.9,4,8,-1248.0528068979463,-0.000804,-3040.797185
AG_15_021,-1,FMP_AG,SKIN,0,1,1,0,0.667,1.0,10.0,-64.4,-291.0,302,144,-269.0,0.0,54324,6488758.6,1882436.1,4,7,-1248.0528068979463,-0.000804,-3040.797185
AG_15_022,-1,FMP_AG,SKIN,0,1,1,0,0.667,1.0,10.0,351.0,154.0,339,146,174.0,0.0,60986,6496025.6,1865393.9,1,1,-689.2880390240465,-0.000804,-2749.870505
AG_15_023,-1,FMP_AG,SKIN,0,1,1,0,0.667,1.0,10.0,-31.8,-351.0,325,138,-319.0,0.0,58458,6489872.7,1870603.6,3,8,-1248.0528068979463,-0.000804,-3040.797185
AG_15_024,-1,FMP_AG,SKIN,0,1,1,0,0.667,1.0,10.0,-20.1,-295.0,322,141,-268.0,0.0,57921,6490769.2,1872526.2,3,7,-1248.0528068979463,-0.000804,-3040.797185
AG_15_025,-1,FMP_AG,SKIN,0,1,1,0,0.667,1.0,10.0,-50.8,-289.0,293,145,-265.0,0.0,52705,6487689.3,1886835.8,4,7,-1248.0528068979463,-0.000804,-3040.797185
AG_15_026,-1,FMP_AG,SKIN,0,1,1,0,0.667,1.0,10.0,-50.1,-265.0,329,140,-244.0,0.0,59180,6491496.4,1869066.3,4,7,-1248.0528068979463,-0.000804,-3040.797185
AG_15_027,-1,FMP_AG,SKIN,0,1,1,0,0.667,1.0,10.0,-40.0,-282.0,299,145,-258.0,0.0,53785,6488715.4,1884016.7,4,7,-1248.0528068979463,-0.000804,-3040.797185
AG_15_028,-1,FMP_AG,SKIN,0,1,1,0,0.667,1.0,10.0,9.36,-198.0,336,137,-177.0,0.0,60437,6491284.0,1865264.3,2,6,-1248.0528068979463,-0.000804,-3040.797185
AG_15_029,-1,FMP_AG,SKIN,0,1,1,0,0.667,1.0,10.0,-41.2,-437.0,309,143,-398.0,0.0,55583,6489485.8,1878976.2,4,9,-1248.0528068979463,-0.000804,-3040.797185
AG_15_030,-1,FMP_AG,SKIN,0,1,1,0,0.667,1.0,10.0,-11.9,-257.0,338,134,-232.0,0.0,60794,6490216.5,1863811.6,3,7,-1248.0528068979463,-0.000804,-3040.797185
AG_15_031,-1,FMP_AG,SKIN,0,1,1,0,0.667,1.0,10.0,-3.87,-400.0,312,146,-360.0,0.0,56126,6491408.4,1878079.7,3,8,-1248.0528068979463,-0.000804,-3040.797185
AG_15_032,-1,FMP_AG,SKIN,0,1,1,0,0.667,1.0,10.0,-121.0,-392.0,298,135,-365.0,0.0,53595,6483845.9,1882776.4,5,8,-1248.0528068979463,-0.000804,-3040.797185
AG_15_033,-1,FMP_AG,SKIN,0,1,1,0,0.667,1.0,10.0,-30.1,-279.0,297,146,-254.0,0.0,53426,6488843.2,1885127.4,4,7,-1248.0528068979463,-0.000804,-3040.797185
AG_15_034,-1,FMP_AG,SKIN,0,1,1,0,0.667,1.0,10.0,-25.6,-275.0,300,149,-250.0,0.0,53969,6490765.8,1884230.9,4,7,-1248.0528068979463,-0.000804,-3040.797185
AG_15_035,-1,FMP_AG,SKIN,0,1,1,0,0.667,1.0,10.0,21.0,-262.0,320,138,-234.0,0.0,57558,6489017.7,1872952.9,2,7,-1248.0528068979463,-0.000804,-3040.797185
AG_15_036,-1,FMP_AG,SKIN,0,1,1,0,0.667,1.0,10.0,-52.6,-309.0,295,146,-283.0,0.0,53066,6488501.2,1886067.1,4,8,-1248.0528068979463,-0.000804,-3040.797185
AG_15_037,-1,FMP_AG,SKIN,0,1,1,0,0.667,1.0,10.0,-58.6,-321.0,298,145,-294.0,0.0,53605,6488544.4,1884486.5,4,8,-1248.0528068979463,-0.000804,-3040.797185
AG_15_038,-1,FMP_AG,SKIN,0,1,1,0,0.667,1.0,10.0,-21.2,-308.0,322,138,-280.0,0.0,57918,6489359.7,1872013.2,3,7,-1248.0528068979463,-0.000804,-3040.797185
AG_15_039,-1,FMP_AG,SKIN,0,1,1,0,0.667,1.0,10.0,11.5,-209.0,336,140,-187.0,0.0,60440,6492693.5,1865777.3,2,6,-1248.0528068979463,-0.000804,-3040.797185
AG_15_040,-1,FMP_AG,SKIN,0,1,1,0,0.667,1.0,10.0,-87.1,-480.0,307,138,-441.0,0.0,55218,6486794.5,1879060.9,4,9,-1248.0528068979463,-0.000804,-3040.797185
AG_15_041,-1,FMP_AG,SKIN,0,1,1,0,0.667,1.0,10.0,-41.2,-330.0,323,140,-301.0,0.0,58100,6490470.4,1871885.3,4,8,-1248.0528068979463,-0.000804,-3040.797185
AG_15_042,-1,FMP_AG,SKIN,0,1,1,0,0.667,1.0,10.0,-98.0,-385.0,290,139,-356.0,0.0,52159,6484357.2,1887219.3,5,8,-1248.0528068979463,-0.000804,-3040.797185
AG_15_043,-1,FMP_AG,SKIN,0,1,1,0,0.667,1.0,10.0,-132.0,-422.0,296,136,-393.0,0.0,53236,6483973.7,1883887.1,5,8,-1248.0528068979463,-0.000804,-3040.797185
AG_15_044,-1,FMP_AG,SKIN,0,1,1,0,0.667,1.0,10.0,27.1,-277.0,277,143,-247.0,0.0,49823,6484013.5,1894011.3,3,7,-1248.0528068979463,-0.000804,-3040.797185
AG_15_045,-1,FMP_AG,SKIN,0,1,1,0,0.667,1.0,10.0,-65.7,-370.0,273,140,-339.0,0.0,49100,6481919.9,1895377.7,5,8,-1248.0528068979463,-0.000804,-3040.797185
AG_15_046,-1,FMP_AG,SKIN,0,1,1,0,0.667,1.0,10.0,-5.36,-309.0,320,136,-279.0,0.0,57556,6488078.0,1872610.8,2,7,-1248.0528068979463,-0.000804,-3040.797185
AG_15_047,-1,FMP_AG,SKIN,0,1,1,0,0.667,1.0,10.0,-153.0,-515.0,303,137,-479.0,0.0,54497,6485640.6,1880769.2,5,9,-1248.0528068979463,-0.000804,-3040.797185
AG_15_048,-1,FMP_AG,SKIN,0,1,1,0,0.667,1.0,10.0,-164.0,-526.0,304,137,-490.0,0.0,54677,6485811.7,1880299.4,5,9,-1248.0528068979463,-0.000804,-3040.797185
AG_15_049,-1,FMP_AG,SKIN,0,1,1,0,0.667,1.0,10.0,27.5,-292.0,309,155,-260.0,0.0,55595,6495123.9,1881028.3,3,8,-1248.0528068979463,-0.000804,-3040.797185
AG_15_050,-1,FMP_AG,SKIN,0,1,1,0,0.667,1.0,10.0,-165.0,-539.0,300,134,-502.0,0.0,53954,6483718.1,1881665.7,5,9,-1248.0528068979463,-0.000804,-3040.797185
AG_15_051,-1,FMP_AG,SKIN,0,1,1,0,0.667,1.0,10.0,82.7,-285.0,308,136,-249.0,0.0,55396,6486025.8,1878249.0,1,7,-1248.0528068979463,-0.000804,-3040.797185
AG_15_052,-1,FMP_AG,SKIN,0,1,1,0,0.667,1.0,10.0,-122.0,-375.0,289,140,-350.0,0.0,51980,6484656.0,1887860.1,5,8,-1248.0528068979463,-0.000804,-3040.797185
AG_15_053,-1,FMP_AG,SKIN,0,1,1,0,0.667,1.0,10.0,-157.0,-529.0,303,136,-492.0,0.0,54496,6485170.8,1880598.2,5,9,-1248.0528068979463,-0.000804,-3040.797185
AG_15_054,-1,FMP_AG,SKIN,0,1,1,0,0.667,1.0,10.0,52.6,-276.0,312,157,-244.0,0.0,56137,6496576.7,1879960.8,2,7,-1248.0528068979463,-0.000804,-3040.797185
AG_15_055,-1,FMP_AG,SKIN,0,1,1,0,0.667,1.0,10.0,-43.4,-358.0,313,138,-327.0,0.0,56298,6487820.6,1876241.8,3,8,-1248.0528068979463,-0.000804,-3040.797185
AG_15_056,-1,FMP_AG,SKIN,0,1,1,0,0.667,1.0,10.0,-89.0,-413.0,297,146,-381.0,0.0,53426,6488843.2,1885127.4,5,8,-1248.0528068979463,-0.000804,-3040.797185
AG_15_057,-1,FMP_AG,SKIN,0,1,1,0,0.667,1.0,10.0,-124.0,-448.0,299,142,-416.0,0.0,53782,6487305.8,1883503.7,5,9,-1248.0528068979463,-0.000804,-3040.797185
AG_15_058,-1,FMP_AG,SKIN,0,1,1,0,0.667,1.0,10.0,119.0,-49.8,319,148,-32.9,0.0,57388,6493545.1,1875132.8,1,4,-291.1810399243404,-0.000804,-1678.15073
AG_15_059,-1,FMP_AG,SKIN,0,1,1,0,0.667,1.0,10.0,-10.9,-312.0,279,142,-282.0,0.0,50182,6483885.6,1892900.6,4,8,-1248.0528068979463,-0.000804,-3040.797185
AG_15_060,-1,FMP_AG,SKIN,0,1,1,0,0.667,1.0,10.0,-8.0,-356.0,315,153,-321.0,0.0,56673,6495210.3,1877867.2,4,8,-1248.0528068979463,-0.000804,-3040.797185
AG_15_061,-1,FMP_AG,SKIN,0,1,1,0,0.667,1.0,10.0,-38.5,-389.0,313,153,-354.0,0.0,56313,6494868.3,1878806.9,4,8,-1248.0528068979463,-0.000804,-3040.797185
AG_15_062,-1,FMP_AG,SKIN,0,1,1,0,0.667,1.0,10.0,-44.6,-371.0,318,141,-338.0,0.0,57201,6490085.2,1874405.6,4,8,-1248.0528068979463,-0.000804,-3040.797185
AG_15_063,-1,FMP_AG,SKIN,0,1,1,0,0.667,1.0,10.0,-57.7,-144.0,310,132,-135.0,0.0,55752,6484488.5,1876625.3,3,5,-380.9913601941349,-0.000804,-1678.15073
AG_15_064,-1,FMP_AG,SKIN,0,1,1,0,0.667,1.0,10.0,-20.3,-396.0,313,146,-359.0,0.0,56306,6491579.4,1877609.9,3,8,-1248.0528068979463,-0.000804,-3040.797185
AG_15_065,-1,FMP_AG,SKIN,0,1,1,0,0.667,1.0,10.0,-45.5,-422.0,306,153,-384.0,0.0,55053,6493671.2,1882095.9,4,9,-1248.0528068979463,-0.000804,-3040.797185
AG_15_066,-1,FMP_AG,SKIN,0,1,1,0,0.667,1.0,10.0,35.9,-262.0,272,142,-232.0,0.0,48922,6482688.6,1896189.5,3,7,-1248.0528068979463,-0.000804,-3040.797185
AG_15_067,-1,FMP_AG,SKIN,0,1,1,0,0.667,1.0,10.0,-116.0,-381.0,303,150,-355.0,0.0,54510,6491748.6,1882992.4,5,8,-1248.0528068979463,-0.000804,-3040.797185
AG_15_068,-1,FMP_AG,SKIN,0,1,1,0,0.667,1.0,10.0,-113.0,-452.0,320,136,-418.0,0.0,57556,6488078.0,1872610.8,5,9,-1248.0528068979463,-0.000804,-3040.797185
AG_15_069,-1,FMP_AG,SKIN,0,1,1,0,0.667,1.0,10.0,-5.29,-302.0,275,143,-273.0,0.0,49463,6483671.4,1894951.0,4,8,-1248.0528068979463,-0.000804,-3040.797185
AG_15_070,-1,FMP_AG,SKIN,0,1,1,0,0.667,1.0,10.0,-79.2,-425.0,315,142,-391.0,0.0,56662,6490042.0,1875986.1,4,8,-1248.0528068979463,-0.000804,-3040.797185
AG_15_071,-1,FMP_AG,SKIN,0,1,1,0,0.667,1.0,10.0,-35.1,-384.0,319,139,-349.0,0.0,57379,6489316.5,1873593.7,3,8,-1248.0528068979463,-0.000804,-3040.797185
AG_15_072,-1,FMP_AG,SKIN,0,1,1,0,0.667,1.0,10.0,-207.0,-585.0,303,141,-547.0,0.0,54501,6487520.0,1881453.3,6,9,-1248.0528068979463,-0.000804,-3040.797185
AG_15_073,-1,FMP_AG,SKIN,0,1,1,0,0.667,1.0,10.0,-112.0,-354.0,301,151,-330.0,0.0,54151,6491876.5,1884103.1,5,8,-1248.0528068979463,-0.000804,-3040.797185
AG_15_074,-1,FMP_AG,SKIN,0,1,1,0,0.667,1.0,10.0,-96.6,-453.0,316,137,-417.0,0.0,56837,6487863.8,1874661.2,4,9,-1248.0528068979463,-0.000804,-3040.797185
AG_15_075,-1,FMP_AG,SKIN,0,1,1,0,0.667,1.0,10.0,-118.0,-436.0,338,138,-404.0,0.0,60798,6492095.8,1864495.6,5,9,-1248.0528068979463,-0.000804,-3040.797185
AG_15_076,-1,FMP_AG,SKIN,0,1,1,0,0.667,1.0,10.0,-163.0,-521.0,323,142,-485.0,0.0,58102,6491410.1,1872227.4,6,9,-1248.0528068979463,-0.000804,-3040.797185
AG_15_077,-1,FMP_AG,SKIN,0,1,1,0,0.667,1.0,10.0,-167.0,-540.0,308,146,-502.0,0.0,55406,6490724.3,1879959.1,6,9,-1248.0528068979463,-0.000804,-3040.797185
AG_15_078,-1,FMP_AG,SKIN,0,1,1,0,0.667,1.0,10.0,-22.4,-168.0,335,147,-154.0,0.0,60267,6495811.4,1867444.2,3,6,-1248.0528068979463,-0.000804,-3040.797185
AG_15_079,-1,FMP_AG,SKIN,0,1,1,0,0.667,1.0,10.0,-26.7,-404.0,319,140,-366.0,0.0,57380,6489786.3,1873764.7,3,8,-1248.0528068979463,-0.000804,-3040.797185
AG_15_080,-1,FMP_AG,SKIN,0,1,1,0,0.667,1.0,10.0,-216.0,-584.0,312,140,-548.0,0.0,56120,6488589.3,1877053.6,6,9,-1248.0528068979463,-0.000804,-3040.797185
AG_15_081,-1,FMP_AG,SKIN,0,1,1,0,0.667,1.0,10.0,-177.0,-560.0,317,136,-522.0,0.0,57016,6487564.9,1874020.4,6,9,-1248.0528068979463,-0.000804,-3040.797185
AG_15_082,-1,FMP_AG,SKIN,0,1,1,0,0.667,1.0,10.0,32.8,-446.0,309,134,-398.0,0.0,55574,6485257.2,1877437.1,1,8,-1248.0528068979463,-0.000804,-3040.797185
AG_15_083,-1,FMP_AG,SKIN,0,1,1,0,0.667,1.0,10.0,-91.7,-241.0,322,152,-226.0,0.0,57932,6495937.5,1874407.3,5,7,-1248.0528068979463,-0.000804,-3040.797185
AG_15_084,-1,FMP_AG,SKIN,0,1,1,0,0.667,1.0,10.0,-134.0,-282.0,326,149,-268.0,0.0,58649,6495212.0,1872014.9,5,7,-1248.0528068979463,-0.000804,-3040.797185
AG_15_085,-1,FMP_AG,SKIN,0,1,1,0,0.667,1.0,10.0,-194.0,-368.0,305,152,-351.0,0.0,54872,6493030.4,1882394.7,7,8,-1248.0528068979463,-0.000804,-3040.797185
AG_15_086,-1,FMP_AG,SKIN,0,1,1,0,0.667,1.0,10.0,-88.2,-231.0,319,152,-217.0,0.0,57392,6495424.5,1875816.8,5,7,-1248.0528068979463,-0.000804,-3040.797185
AG_15_087,-1,FMP_AG,SKIN,0,1,1,0,0.667,1.0,10.0,-5.77,-146.0,320,150,-132.0,0.0,57570,6494655.8,1875005.0,3,6,-861.6093880739008,-0.000804,-2605.271945
AG_15_088,-1,FMP_AG,SKIN,0,1,1,0,0.667,1.0,10.0,-266.0,-402.0,323,144,-388.0,0.0,58104,6492349.8,1872569.4,7,8,-1248.0528068979463,-0.000804,-3040.797185
AG_15_089,-1,FMP_AG,SKIN,0,1,1,0,0.667,1.0,10.0,-86.7,-223.0,317,149,-209.0,0.0,57029,6493672.9,1876243.5,5,7,-1248.0528068979463,-0.000804,-3040.797185
AG_15_090,-1,FMP_AG,SKIN,0,1,1,0,0.667,1.0,10.0,-213.0,-346.0,323,151,-333.0,0.0,58111,6495638.7,1873766.4,7,8,-1248.0528068979463,-0.000804,-3040.797185
AG_15_091,-1,FMP_AG,SKIN,0,1,1,0,0.667,1.0,10.0,-170.0,-302.0,318,155,-289.0,0.0,57215,6496663.0,1876799.7,6,8,-1248.0528068979463,-0.000804,-3040.797185
AG_15_092,-1,FMP_AG,SKIN,0,1,1,0,0.667,1.0,10.0,-348.0,-698.0,306,141,-663.0,0.0,55041,6488033.1,1880043.7,8,10,-1248.0528068979463,-0.000804,-3040.797185
AG_15_093,-1,FMP_AG,SKIN,0,1,1,0,0.667,1.0,10.0,-273.0,-622.0,306,147,-587.0,0.0,55047,6490852.1,1881069.8,7,10,-1248.0528068979463,-0.000804,-3040.797185
AG_15_094,-1,FMP_AG,SKIN,0,1,1,0,0.667,1.0,10.0,-265.0,-614.0,309,146,-580.0,0.0,55586,6490895.3,1879489.2,7,10,-1248.0528068979463,-0.000804,-3040.797185
AG_15_095,-1,FMP_AG,SKIN,0,1,1,0,0.667,1.0,10.0,-390.0,-736.0,308,142,-702.0,0.0,55402,6488844.9,1879275.0,8,10,-1248.0528068979463,-0.000804,-3040.797185
AG_15_096,-1,FMP_AG,SKIN,0,1,1,0,0.667,1.0,10.0,-441.0,-777.0,309,141,-743.0,0.0,55581,6488546.1,1878634.2,8,10,-1248.0528068979463,-0.000804,-3040.797185
AG_15_097,-1,FMP_AG,SKIN,0,1,1,0,0.667,1.0,10.0,-283.0,-399.0,318,152,-388.0,0.0,57212,6495253.5,1876286.7,7,8,-1248.0528068979463,-0.000804,-3040.797185
AG_16_001,-1,FMP_AG,SKIN,0,1,1,0,0.667,1.0,10.0,0.319,-218.0,355,67,-196.0,0.0,63787,6461643.9,1844366.5,2,6,-3949.822363338779,-0.005593,-14509.227785
AG_16_002,-1,FMP_AG,SKIN,0,1,1,0,0.667,1.0,10.0,30.8,-187.0,357,73,-165.0,0.0,64153,6464805.0,1844452.9,1,6,-2971.168671545775,-0.005593,-11351.022045
AG_16_003,-1,FMP_AG,SKIN,0,1,1,0,0.667,1.0,10.0,3.6,-75.4,357,83,-67.5,0.0,64163,6469503.5,1846163.0,1,3,-161.61848705306122,-0.005593,-1494.188045
AG_16_004,-1,FMP_AG,SKIN,0,1,1,0,0.667,1.0,10.0,-25.5,-284.0,357,87,-258.0,0.0,64167,6471382.9,1846847.0,2,7,-5837.047063703209,-0.005593,-26004.463995
AG_16_005,-1,FMP_AG,SKIN,0,1,1,0,0.667,1.0,10.0,15.8,-119.0,343,88,-106.0,0.0,61648,6469458.6,1853595.9,2,5,-3342.072722423327,-0.005593,-13593.99432
AG_16_006,-1,FMP_AG,SKIN,0,1,1,0,0.667,1.0,10.0,6.58,-67.4,350,88,-60.0,0.0,62908,6470655.6,1850307.0,2,4,-2384.28796844047,-0.001628,-12154.63643
AG_16_007,-1,FMP_AG,SKIN,0,1,1,0,0.667,1.0,10.0,-0.568,-262.0,351,89,-236.0,0.0,63089,6471296.5,1850008.1,2,7,-5837.047063703209,-0.005593,-26004.463995
AG_16_008,-1,FMP_AG,SKIN,0,1,1,0,0.667,1.0,10.0,-0.907,-262.0,352,89,-236.0,0.0,63269,6471467.5,1849538.3,2,7,-5837.047063703209,-0.005593,-26004.463995
AG_16_009,-1,FMP_AG,SKIN,0,1,1,0,0.667,1.0,10.0,-27.1,-211.0,356,89,-193.0,0.0,63989,6472151.6,1847658.9,2,6,-5797.531888090964,-0.005593,-21071.745745
AG_16_010,-1,FMP_AG,SKIN,0,1,1,0,0.667,1.0,10.0,-30.5,-292.0,357,89,-265.0,0.0,64169,6472322.6,1847189.0,2,7,-5837.047063703209,-0.005593,-26004.463995
AG_16_011,-1,FMP_AG,SKIN,0,1,1,0,0.667,1.0,10.0,-28.1,-289.0,356,90,-263.0,0.0,63990,6472621.4,1847829.9,2,7,-5837.047063703209,-0.005593,-26004.463995
AG_16_012,-1,FMP_AG,SKIN,0,1,1,0,0.667,1.0,10.0,-27.2,-288.0,357,90,-262.0,0.0,64170,6472792.4,1847360.1,2,7,-5837.047063703209,-0.005593,-26004.463995
AG_16_013,-1,FMP_AG,SKIN,0,1,1,0,0.667,1.0,10.0,-21.5,-238.0,360,65,-216.0,0.0,64685,6461559.3,1841675.3,2,6,-5837.047063703209,-0.005593,-26004.463995
AG_16_014,-1,FMP_AG,SKIN,0,1,1,0,0.667,1.0,10.0,2.25,-279.0,350,89,-251.0,0.0,62909,6471125.5,1850478.0,2,7,-5837.047063703209,-0.005593,-26004.463995
AG_16_015,-1,FMP_AG,SKIN,0,1,1,0,0.667,1.0,10.0,-13.3,-326.0,352,92,-295.0,0.0,63272,6472877.1,1850051.3,2,7,-5837.047063703209,-0.005593,-26004.463995
AG_16_016,-1,FMP_AG,SKIN,0,1,1,0,0.667,1.0,10.0,-30.7,-162.0,360,82,-149.0,0.0,64702,6469546.7,1844582.4,2,5,-1520.5102187615162,-0.005593,-7070.02263
AG_16_017,-1,FMP_AG,SKIN,0,1,1,0,0.667,1.0,10.0,7.7,-182.0,344,87,-163.0,0.0,61827,6469159.7,1852955.0,2,6,-5603.679475554521,-0.005593,-20711.977025
AG_16_018,-1,FMP_AG,SKIN,0,1,1,0,0.667,1.0,10.0,-21.2,-371.0,353,93,-336.0,0.0,63453,6473517.9,1849752.5,2,8,-5837.047063703209,-0.005593,-26004.463995
AG_16_019,-1,FMP_AG,SKIN,0,1,1,0,0.667,1.0,10.0,73.9,-280.0,335,80,-245.0,0.0,60200,6464331.7,1855986.6,1,7,-5737.14777310554,-0.005593,-20711.977025
AG_16_020,-1,FMP_AG,SKIN,0,1,1,0,0.667,1.0,10.0,159.0,-86.1,324,79,-61.6,0.0,58219,6461980.8,1860983.9,1,6,-2926.1167386740553,-0.005593,-12154.63643
AG_16_021,-1,FMP_AG,SKIN,0,1,1,0,0.667,1.0,10.0,32.1,-178.0,354,71,-157.0,0.0,63611,6463352.3,1845520.4,1,6,-2971.6261913854237,-0.005593,-11351.022045
AG_16_022,-1,FMP_AG,SKIN,0,1,1,0,0.667,1.0,10.0,-48.7,-264.0,360,88,-242.0,0.0,64708,6472365.8,1845608.5,2,6,-5837.047063703209,-0.005593,-26004.463995
AG_16_023,-1,FMP_AG,SKIN,0,1,1,0,0.667,1.0,10.0,-47.9,-148.0,360,87,-138.0,0.0,64707,6471895.9,1845437.5,3,5,-4754.956626779011,-0.005593,-16452.72875
AG_16_024,-1,FMP_AG,SKIN,0,1,1,0,0.667,1.0,10.0,-54.3,-165.0,363,84,-154.0,0.0,65244,6470999.4,1843514.9,3,5,-1462.8488585137031,-0.005593,-6124.387045
AG_16_025,-1,FMP_AG,SKIN,0,1,1,0,0.667,1.0,10.0,45.6,-311.0,339,80,-275.0,0.0,60920,6465015.8,1854107.2,2,8,-5680.802733878135,-0.005593,-20711.977025
AG_16_026,-1,FMP_AG,SKIN,0,1,1,0,0.667,1.0,10.0,-20.0,-255.0,338,96,-232.0,0.0,60756,6472362.3,1857313.2,2,7,-5796.969882245482,-0.005593,-21071.745745
AG_16_027,-1,FMP_AG,SKIN,0,1,1,0,0.667,1.0,10.0,127.0,-125.0,323,77,-99.8,0.0,58037,6460870.1,1861111.7,1,6,-5103.916630744025,-0.005593,-19200.70929
AG_16_028,-1,FMP_AG,SKIN,0,1,1,0,0.667,1.0,10.0,44.5,-88.5,352,73,-75.2,0.0,63253,6463950.0,1846802.1,1,4,-706.9258136215739,-0.005593,-4818.09532
AG_16_029,-1,FMP_AG,SKIN,0,1,1,0,0.667,1.0,10.0,50.3,-82.7,344,72,-69.4,0.0,61812,6462112.0,1850389.9,1,4,-1140.5100517994176,-0.005593,-7856.580815
AG_16_030,-1,FMP_AG,SKIN,0,1,1,0,0.667,1.0,10.0,102.0,-30.7,347,69,-17.4,0.0,62349,6461215.5,1848467.3,1,3,-224.83807622507294,-0.005593,-4818.09532
AG_16_031,-1,FMP_AG,SKIN,0,1,1,0,0.667,1.0,10.0,5.89,-127.0,353,74,-114.0,0.0,63434,6464590.8,1846503.3,2,5,-1344.263186385423,-0.005593,-6600.847285
AG_16_032,-1,FMP_AG,SKIN,0,1,1,0,0.667,1.0,10.0,32.3,-101.0,348,77,-87.4,0.0,62537,6465145.3,1849365.5,1,5,-1119.7416133212828,-0.005593,-6600.847285
AG_16_033,-1,FMP_AG,SKIN,0,1,1,0,0.667,1.0,10.0,-1.37,-52.4,349,85,-47.3,0.0,62725,6469075.1,1850263.8,2,3,-3118.2276212717225,-0.005593,-13593.99432
AG_16_034,-1,FMP_AG,SKIN,0,1,1,0,0.667,1.0,10.0,-4.4,-226.0,345,87,-204.0,0.0,62007,6469330.8,1852485.2,2,6,-3415.5459094174944,-0.005593,-12963.99721
AG_16_035,-1,FMP_AG,SKIN,0,1,1,0,0.667,1.0,10.0,114.0,-79.1,314,91,-59.8,0.0,56431,6465908.8,1867734.5,1,5,-2296.9904244320724,-0.005593,-9218.438145
AG_16_036,-1,FMP_AG,SKIN,0,1,1,0,0.667,1.0,10.0,-2.45,-253.0,344,86,-228.0,0.0,61826,6468689.9,1852784.0,3,7,-3762.2296428139953,-0.005593,-14509.227785
AG_16_037,-1,FMP_AG,SKIN,0,1,1,0,0.667,1.0,10.0,103.0,-172.0,329,80,-144.0,0.0,59120,6463305.7,1858805.7,1,7,-4333.99049561283,-0.005593,-16137.4279
AG_16_038,-1,FMP_AG,SKIN,0,1,1,0,0.667,1.0,10.0,35.4,-24.6,351,81,-18.6,0.0,63081,6467537.7,1848640.0,1,3,-46.68388017566765,-0.005593,-995.632845
AG_16_039,-1,FMP_AG,SKIN,0,1,1,0,0.667,1.0,10.0,-15.7,-75.7,354,80,-69.7,0.0,63620,6467580.9,1847059.5,2,4,-235.08402867988346,-0.005593,-2213.874145
AG_16_040,-1,FMP_AG,SKIN,0,1,1,0,0.667,1.0,10.0,-30.5,-201.0,341,90,-184.0,0.0,61290,6470056.3,1854877.6,3,6,-5766.75651384898,-0.005593,-21071.745745
AG_16_041,-1,FMP_AG,SKIN,0,1,1,0,0.667,1.0,10.0,-36.7,-103.0,360,74,-96.1,0.0,64694,6465787.9,1843214.4,2,4,-447.06235553994156,-0.005593,-3133.859565
AG_16_042,-1,FMP_AG,SKIN,0,1,1,0,0.667,1.0,10.0,50.1,-99.9,348,64,-84.9,0.0,62524,6459037.3,1847142.4,1,5,-1148.3309010093299,-0.005593,-6600.847285
AG_16_043,-1,FMP_AG,SKIN,0,1,1,0,0.667,1.0,10.0,-14.7,-213.0,348,89,-193.0,0.0,62549,6470783.5,1851417.7,2,6,-5797.841117988923,-0.005593,-21071.745745
AG_16_044,-1,FMP_AG,SKIN,0,1,1,0,0.667,1.0,10.0,-41.7,-279.0,352,97,-255.0,0.0,63277,6475226.3,1850906.4,2,7,-3919.680450437903,-0.005593,-14509.227785
AG_16_045,-1,FMP_AG,SKIN,0,1,1,0,0.667,1.0,10.0,-59.3,-259.0,359,85,-239.0,0.0,64525,6470785.2,1845565.3,3,6,-4506.553853907291,-0.005593,-16137.4279
AG_16_046,-1,FMP_AG,SKIN,0,1,1,0,0.667,1.0,10.0,-47.9,-182.0,354,87,-169.0,0.0,63627,6470869.8,1848256.6,3,5,-5709.436789096794,-0.005593,-20711.977025
AG_16_047,-1,FMP_AG,SKIN,0,1,1,0,0.667,1.0,10.0,-35.3,-214.0,353,89,-196.0,0.0,63449,6471638.5,1849068.4,3,6,-5797.714645991838,-0.005593,-21071.745745
AG_16_048,-1,FMP_AG,SKIN,0,1,1,0,0.667,1.0,10.0,-51.7,-227.0,350,95,-209.0,0.0,62915,6473944.6,1851504.0,3,6,-5797.80761145831,-0.005593,-21071.745745
AG_16_049,-1,FMP_AG,SKIN,0,1,1,0,0.667,1.0,10.0,-32.0,-207.0,349,92,-190.0,0.0,62732,6472364.0,1851460.8,3,6,-5797.743743295045,-0.005593,-21071.745745
AG_16_050,-1,FMP_AG,SKIN,0,1,1,0,0.667,1.0,10.0,-55.9,-250.0,357,93,-231.0,0.0,64173,6474202.0,1847873.1,3,6,-5837.047063703209,-0.005593,-26004.463995
AG_16_051,-1,FMP_AG,SKIN,0,1,1,0,0.667,1.0,10.0,-38.7,-249.0,339,95,-228.0,0.0,60935,6472063.5,1856672.3,3,7,-5837.047063703209,-0.005593,-26004.463995
AG_16_052,-1,FMP_AG,SKIN,0,1,1,0,0.667,1.0,10.0,-68.2,-698.0,349,99,-635.0,0.0,62739,6475652.9,1852657.9,3,10,-5837.047063703209,-0.005593,-26004.463995
AG_16_053,-1,FMP_AG,SKIN,0,1,1,0,0.667,1.0,10.0,-51.7,-227.0,348,94,-209.0,0.0,62554,6473132.7,1852272.7,3,6,-5837.047063703209,-0.005593,-26004.463995
AG_16_054,-1,FMP_AG,SKIN,0,1,1,0,0.667,1.0,10.0,-43.3,-218.0,343,95,-201.0,0.0,61655,6472747.5,1854793.0,3,6,-5837.047063703209,-0.005593,-26004.463995
AG_16_055,-1,FMP_AG,SKIN,0,1,1,0,0.667,1.0,10.0,-23.3,-198.0,341,92,-181.0,0.0,61292,6470995.9,1855219.6,3,6,-5797.53764677901,-0.005593,-21071.745745
AG_16_056,-1,FMP_AG,SKIN,0,1,1,0,0.667,1.0,10.0,374.0,161.0,319,78,182.0,0.0,57318,6460655.9,1863162.1,1,1,-93.81239999999998,-0.359754,-531.730564
AG_16_057,-1,FMP_AG,SKIN,0,1,1,0,0.667,1.0,10.0,171.0,-25.2,323,89,-5.56,0.0,58049,6466508.2,1863163.8,1,4,-285.6009049772591,-0.005593,-4818.09532
AG_16_058,-1,FMP_AG,SKIN,0,1,1,0,0.667,1.0,10.0,-44.4,-269.0,333,103,-247.0,0.0,59863,6474796.2,1860859.5,3,7,-3903.2590881055426,-0.005593,-14049.133965
AG_16_059,-1,FMP_AG,SKIN,0,1,1,0,0.667,1.0,10.0,34.0,-191.0,336,100,-169.0,0.0,60400,6473899.7,1858936.9,1,6,-1748.0945107002938,-0.005593,-8906.634875
AG_16_060,-1,FMP_AG,SKIN,0,1,1,0,0.667,1.0,10.0,31.9,-193.0,336,99,-171.0,0.0,60399,6473429.8,1858765.9,1,6,-1768.9287186886331,-0.005593,-8906.634875
AG_16_061,-1,FMP_AG,SKIN,0,1,1,0,0.667,1.0,10.0,212.0,-161.0,329,98,-123.0,0.0,59138,6471762.9,1861883.8,1,6,-1627.1073064728866,-0.005593,-8906.634875
AG_16_062,-1,FMP_AG,SKIN,0,1,1,0,0.667,1.0,10.0,78.8,-147.0,330,96,-125.0,0.0,59316,6470994.2,1861072.0,1,5,-1822.5741952921303,-0.005593,-8906.634875
AG_16_063,-1,FMP_AG,SKIN,0,1,1,0,0.667,1.0,10.0,-37.3,-98.3,352,83,-92.2,0.0,63263,6468648.4,1848512.2,3,4,-2869.896944781927,-0.005593,-11451.43639
AG_16_064,-1,FMP_AG,SKIN,0,1,1,0,0.667,1.0,10.0,-7.04,-275.0,342,86,-248.0,0.0,61466,6468347.9,1853723.7,3,7,-5837.047063703209,-0.005593,-26004.463995
AG_16_065,-1,FMP_AG,SKIN,0,1,1,0,0.667,1.0,10.0,-33.3,-97.3,356,81,-90.9,0.0,63981,6468392.8,1846290.8,3,4,-340.4571719218657,-0.005593,-2688.78561
AG_16_066,-1,FMP_AG,SKIN,0,1,1,0,0.667,1.0,10.0,-37.1,-101.0,351,85,-94.7,0.0,63085,6469417.1,1849324.1,3,4,-3089.1151386886304,-0.005593,-11451.43639
AG_16_067,-1,FMP_AG,SKIN,0,1,1,0,0.667,1.0,10.0,45.5,-322.0,340,77,-285.0,0.0,61097,6463777.2,1853124.3,1,8,-5797.692503149272,-0.005593,-21071.745745
AG_16_068,-1,FMP_AG,SKIN,0,1,1,0,0.667,1.0,10.0,37.7,-250.0,339,82,-222.0,0.0,60922,6465955.5,1854449.2,2,7,-3675.4340875224507,-0.005593,-13593.99432
AG_16_069,-1,FMP_AG,SKIN,0,1,1,0,0.667,1.0,10.0,41.3,-247.0,339,82,-218.0,0.0,60922,6465955.5,1854449.2,2,7,-3568.267041312538,-0.005593,-13593.99432
AG_16_070,-1,FMP_AG,SKIN,0,1,1,0,0.667,1.0,10.0,3.96,-284.0,339,86,-255.0,0.0,60926,6467834.8,1855133.2,3,7,-4900.018436531197,-0.005593,-18305.95764
AG_16_071,-1,FMP_AG,SKIN,0,1,1,0,0.667,1.0,10.0,-10.8,-299.0,342,87,-270.0,0.0,61467,6468817.7,1853894.7,3,7,-5837.047063703209,-0.005593,-26004.463995
AG_16_072,-1,FMP_AG,SKIN,0,1,1,0,0.667,1.0,10.0,1.3,-287.0,339,87,-258.0,0.0,60927,6468304.7,1855304.3,3,7,-5837.047063703209,-0.005593,-26004.463995
AG_16_073,-1,FMP_AG,SKIN,0,1,1,0,0.667,1.0,10.0,68.3,-230.0,331,78,-200.0,0.0,59478,6462708.0,1857523.9,2,7,-5681.564683134694,-0.005593,-20711.977025
AG_16_074,-1,FMP_AG,SKIN,0,1,1,0,0.667,1.0,10.0,-32.1,-315.0,338,90,-287.0,0.0,60750,6469543.2,1856287.1,3,7,-5837.047063703209,-0.005593,-26004.463995
AG_16_075,-1,FMP_AG,SKIN,0,1,1,0,0.667,1.0,10.0,-34.5,-318.0,338,90,-289.0,0.0,60750,6469543.2,1856287.1,3,7,-5837.047063703209,-0.005593,-26004.463995
AG_16_076,-1,FMP_AG,SKIN,0,1,1,0,0.667,1.0,10.0,98.8,-212.0,327,78,-181.0,0.0,58758,6462024.0,1859403.3,1,7,-5681.3535872892135,-0.005593,-20711.977025
AG_16_077,-1,FMP_AG,SKIN,0,1,1,0,0.667,1.0,10.0,188.0,-122.0,326,81,-91.4,0.0,58581,6463262.5,1860386.2,1,6,-3044.56441519009,-0.005593,-11451.43639
AG_16_078,-1,FMP_AG,SKIN,0,1,1,0,0.667,1.0,10.0,21.5,-378.0,338,80,-338.0,0.0,60740,6464844.8,1854577.0,3,8,-5837.047063703209,-0.005593,-26004.463995
AG_16_079,-1,FMP_AG,SKIN,0,1,1,0,0.667,1.0,10.0,11.4,-388.0,340,80,-348.0,0.0,61100,6465186.8,1853637.3,3,8,-5837.047063703209,-0.005593,-26004.463995
AG_16_080,-1,FMP_AG,SKIN,0,1,1,0,0.667,1.0,10.0,-46.0,-537.0,352,89,-488.0,0.0,63269,6471467.5,1849538.3,3,9,-5837.047063703209,-0.005593,-26004.463995
AG_16_081,-1,FMP_AG,SKIN,0,1,1,0,0.667,1.0,10.0,92.8,-281.0,338,72,-244.0,0.0,60732,6461086.0,1853209.0,1,7,-5797.775744781925,-0.005593,-21071.745745
AG_16_082,-1,FMP_AG,SKIN,0,1,1,0,0.667,1.0,10.0,-27.2,-106.0,352,79,-98.3,0.0,63259,6466769.1,1847828.2,3,4,-656.5460798460639,-0.005593,-3972.24121
AG_16_083,-1,FMP_AG,SKIN,0,1,1,0,0.667,1.0,10.0,-63.0,-140.0,353,85,-132.0,0.0,63445,6469759.1,1848384.4,3,5,-4702.745026123033,-0.005593,-16452.72875
AG_16_084,-1,FMP_AG,SKIN,0,1,1,0,0.667,1.0,10.0,-34.4,-313.0,345,82,-286.0,0.0,62002,6466981.5,1851630.1,3,7,-5837.047063703209,-0.005593,-26004.463995
AG_16_085,-1,FMP_AG,SKIN,0,1,1,0,0.667,1.0,10.0,3.14,-236.0,326,93,-212.0,0.0,58593,6468900.6,1862438.3,3,7,-4655.772214023908,-0.005593,-16452.72875
AG_16_086,-1,FMP_AG,SKIN,0,1,1,0,0.667,1.0,10.0,106.0,-216.0,325,77,-184.0,0.0,58397,6461212.1,1860172.0,2,7,-5797.411158382509,-0.005593,-21071.745745
AG_16_087,-1,FMP_AG,SKIN,0,1,1,0,0.667,1.0,10.0,15.2,-437.0,340,64,-392.0,0.0,61084,6457669.2,1850901.2,3,9,-5837.047063703209,-0.005593,-26004.463995
AG_16_088,-1,FMP_AG,SKIN,0,1,1,0,0.667,1.0,10.0,128.0,-115.0,323,83,-91.0,0.0,58043,6463689.1,1862137.8,1,6,-2977.6724382367356,-0.005593,-11351.022045
AG_16_089,-1,FMP_AG,SKIN,0,1,1,0,0.667,1.0,10.0,106.0,-114.0,318,87,-91.6,0.0,57147,6464713.5,1865171.0,2,6,-3140.4950250443167,-0.005593,-12154.63643
AG_16_090,-1,FMP_AG,SKIN,0,1,1,0,0.667,1.0,10.0,77.1,-167.0,322,86,-143.0,0.0,57866,6464927.7,1863120.6,2,7,-4099.840528251313,-0.005593,-16137.4279
AG_16_091,-1,FMP_AG,SKIN,0,1,1,0,0.667,1.0,10.0,162.0,-45.6,315,87,-24.8,0.0,56607,6464200.5,1866580.6,1,5,-1616.4887162250739,-0.005593,-8906.634875
AG_16_092,-1,FMP_AG,SKIN,0,1,1,0,0.667,1.0,10.0,211.0,-124.0,312,88,-90.4,0.0,56068,6464157.3,1868161.1,1,6,-3905.1490141842582,-0.005593,-14509.227785
AG_16_093,-1,FMP_AG,SKIN,0,1,1,0,0.667,1.0,10.0,214.0,-95.9,292,87,-64.9,0.0,52467,6460267.2,1877387.0,1,6,-3564.750971370848,-0.005593,-13023.165045
AG_16_094,-1,FMP_AG,SKIN,0,1,1,0,0.667,1.0,10.0,105.0,-205.0,290,93,-174.0,0.0,52113,6462744.3,1879352.8,1,7,-5797.787842784841,-0.005593,-21071.745745
AG_16_095,-1,FMP_AG,SKIN,0,1,1,0,0.667,1.0,10.0,137.0,-236.0,286,93,-199.0,0.0,51393,6462060.2,1881232.2,1,7,-5681.726198338776,-0.005593,-20711.977025
AG_16_096,-1,FMP_AG,SKIN,0,1,1,0,0.667,1.0,10.0,-47.1,-331.0,346,83,-303.0,0.0,62183,6467622.4,1851331.3,4,8,-5837.047063703209,-0.005593,-26004.463995
AG_16_097,-1,FMP_AG,SKIN,0,1,1,0,0.667,1.0,10.0,-66.4,-151.0,354,77,-143.0,0.0,63617,6466171.4,1846546.5,4,5,-1158.0808994962097,-0.005593,-5895.553695
AG_16_098,-1,FMP_AG,SKIN,0,1,1,0,0.667,1.0,10.0,28.6,-352.0,338,84,-314.0,0.0,60744,6466724.1,1855261.1,2,8,-5797.553973630322,-0.005593,-21071.745745
AG_16_099,-1,FMP_AG,SKIN,0,1,1,0,0.667,1.0,10.0,-88.5,-239.0,362,77,-224.0,0.0,65057,6467539.5,1842787.7,4,6,-3463.955440685717,-0.005593,-12813.591475
AG_16_100,-1,FMP_AG,SKIN,0,1,1,0,0.667,1.0,10.0,-0.801,-296.0,340,84,-266.0,0.0,61104,6467066.2,1854321.4,3,7,-5338.961892303792,-0.005593,-20637.478875
AG_16_101,-1,FMP_AG,SKIN,0,1,1,0,0.667,1.0,10.0,-49.8,-145.0,348,88,-135.0,0.0,62548,6470313.6,1851246.7,3,5,-4726.9388340676405,-0.005593,-17948.5638
AG_16_102,-1,FMP_AG,SKIN,0,1,1,0,0.667,1.0,10.0,59.9,-296.0,329,83,-261.0,0.0,59123,6464715.2,1859318.7,2,8,-5797.595834111371,-0.005593,-21071.745745
AG_16_103,-1,FMP_AG,SKIN,0,1,1,0,0.667,1.0,10.0,111.0,-165.0,322,91,-138.0,0.0,57871,6467276.9,1863975.7,1,6,-3461.5191614000023,-0.005593,-12963.99721
AG_16_104,-1,FMP_AG,SKIN,0,1,1,0,0.667,1.0,10.0,69.8,-207.0,321,96,-180.0,0.0,57696,6469455.1,1865300.6,1,7,-4509.4416188198265,-0.005593,-16137.4279
AG_16_105,-1,FMP_AG,SKIN,0,1,1,0,0.667,1.0,10.0,-87.1,-481.0,338,92,-442.0,0.0,60752,6470482.9,1856629.2,4,9,-5837.047063703209,-0.005593,-26004.463995
AG_16_106,-1,FMP_AG,SKIN,0,1,1,0,0.667,1.0,10.0,-7.38,-394.0,337,79,-356.0,0.0,60559,6464203.9,1854875.9,3,8,-5837.047063703209,-0.005593,-26004.463995
AG_16_107,-1,FMP_AG,SKIN,0,1,1,0,0.667,1.0,10.0,29.4,-365.0,333,86,-325.0,0.0,59846,6466808.8,1857952.3,3,8,-5798.272912434986,-0.005593,-21071.745745
AG_16_108,-1,FMP_AG,SKIN,0,1,1,0,0.667,1.0,10.0,-61.6,-456.0,337,90,-416.0,0.0,60570,6469372.2,1856757.0,4,9,-5837.047063703209,-0.005593,-26004.463995
AG_16_109,-1,FMP_AG,SKIN,0,1,1,0,0.667,1.0,10.0,-18.8,-413.0,336,86,-373.0,0.0,60386,6467321.8,1856542.8,4,8,-5837.047063703209,-0.005593,-26004.463995
AG_16_110,-1,FMP_AG,SKIN,0,1,1,0,0.667,1.0,10.0,1.5,-393.0,329,90,-353.0,0.0,59130,6468004.1,1860515.8,3,8,-5837.047063703209,-0.005593,-26004.463995
AG_16_111,-1,FMP_AG,SKIN,0,1,1,0,0.667,1.0,10.0,-30.0,-424.0,330,92,-385.0,0.0,59312,6469114.8,1860387.9,4,8,-5837.047063703209,-0.005593,-26004.463995
AG_16_112,-1,FMP_AG,SKIN,0,1,1,0,0.667,1.0,10.0,-16.6,-411.0,331,87,-371.0,0.0,59487,6466936.6,1859063.0,4,9,-5837.047063703209,-0.005593,-26004.463995
AG_16_113,-1,FMP_AG,SKIN,0,1,1,0,0.667,1.0,10.0,-3.67,-398.0,334,94,-358.0,0.0,60034,6470738.6,1858850.6,2,8,-5837.047063703209,-0.005593,-26004.463995
AG_16_114,-1,FMP_AG,SKIN,0,1,1,0,0.667,1.0,10.0,-22.5,-417.0,331,88,-377.0,0.0,59488,6467406.5,1859234.0,4,9,-5837.047063703209,-0.005593,-26004.463995
AG_16_115,-1,FMP_AG,SKIN,0,1,1,0,0.667,1.0,10.0,-9.58,-316.0,340,82,-285.0,0.0,61102,6466126.5,1853979.4,3,8,-5681.25890374694,-0.005593,-20711.977025
AG_16_116,-1,FMP_AG,SKIN,0,1,1,0,0.667,1.0,10.0,14.6,-274.0,326,87,-246.0,0.0,58587,6466081.6,1861412.3,3,8,-5766.663241545773,-0.005593,-21071.745745
AG_16_117,-1,FMP_AG,SKIN,0,1,1,0,0.667,1.0,10.0,-41.5,-350.0,343,81,-319.0,0.0,61641,6466169.7,1852398.8,4,8,-5837.047063703209,-0.005593,-26004.463995
AG_16_118,-1,FMP_AG,SKIN,0,1,1,0,0.667,1.0,10.0,-49.5,-506.0,344,84,-460.0,0.0,61824,6467750.2,1852442.0,4,9,-5837.047063703209,-0.005593,-26004.463995
AG_16_119,-1,FMP_AG,SKIN,0,1,1,0,0.667,1.0,10.0,3.06,-297.0,323,94,-267.0,0.0,58054,6468857.5,1864018.9,3,8,-5797.252571822742,-0.005593,-21071.745745
AG_16_120,-1,FMP_AG,SKIN,0,1,1,0,0.667,1.0,10.0,5.71,-294.0,325,95,-264.0,0.0,58415,6469669.3,1863250.2,3,7,-5796.960873193004,-0.005593,-21071.745745
AG_16_121,-1,FMP_AG,SKIN,0,1,1,0,0.667,1.0,10.0,20.1,-288.0,318,93,-257.0,0.0,57153,6467532.6,1866197.1,3,8,-5797.804460598251,-0.005593,-21071.745745
AG_16_122,-1,FMP_AG,SKIN,0,1,1,0,0.667,1.0,10.0,104.0,-51.5,332,58,-36.0,0.0,59638,6453482.1,1853633.9,1,5,-1423.7611735545204,-0.005593,-8906.634875
AG_16_123,-1,FMP_AG,SKIN,0,1,1,0,0.667,1.0,10.0,292.0,1.84,317,99,30.8,0.0,56979,6470180.6,1867693.0,1,3,-119.49902358000017,-0.005593,-6600.847285
AG_16_124,-1,FMP_AG,SKIN,0,1,1,0,0.667,1.0,10.0,-122.0,-283.0,362,81,-267.0,0.0,65061,6469418.8,1843471.7,4,7,-4469.230168440819,-0.005593,-16058.183545
AG_16_125,-1,FMP_AG,SKIN,0,1,1,0,0.667,1.0,10.0,94.6,-141.0,318,98,-118.0,0.0,57158,6469881.8,1867052.1,1,6,-2550.1206508460673,-0.005593,-10155.45154
AG_16_126,-1,FMP_AG,SKIN,0,1,1,0,0.667,1.0,10.0,76.7,-164.0,316,97,-140.0,0.0,56797,6469069.9,1867820.8,1,6,-3643.255414986008,-0.005593,-13593.99432
AG_16_127,-1,FMP_AG,SKIN,0,1,1,0,0.667,1.0,10.0,4.24,-357.0,317,92,-321.0,0.0,56972,6466891.7,1866495.9,4,8,-5837.047063703209,-0.005593,-26004.463995
AG_16_128,-1,FMP_AG,SKIN,0,1,1,0,0.667,1.0,10.0,-26.1,-400.0,324,92,-363.0,0.0,58232,6468088.8,1863207.0,4,8,-5837.047063703209,-0.005593,-26004.463995
AG_16_129,-1,FMP_AG,SKIN,0,1,1,0,0.667,1.0,10.0,132.0,-117.0,308,95,-92.1,0.0,55355,6466762.2,1871237.6,1,6,-3332.0315470268242,-0.005593,-12154.63643
AG_16_130,-1,FMP_AG,SKIN,0,1,1,0,0.667,1.0,10.0,162.0,-101.0,314,98,-74.3,0.0,56438,6469197.8,1868931.5,1,5,-1922.6747824641416,-0.005593,-8906.634875
AG_16_131,-1,FMP_AG,SKIN,0,1,1,0,0.667,1.0,10.0,-19.4,-249.0,329,65,-226.0,0.0,59105,6456258.0,1856240.5,5,7,-5797.334557245482,-0.005593,-21071.745745
AG_16_132,-1,FMP_AG,SKIN,0,1,1,0,0.667,1.0,10.0,-55.0,-579.0,329,63,-527.0,0.0,59103,6455318.3,1855898.5,5,10,-5837.047063703209,-0.005593,-26004.463995
AG_16_133,-1,FMP_AG,SKIN,0,1,1,0,0.667,1.0,10.0,-14.2,-268.0,334,62,-243.0,0.0,60002,6455703.5,1853378.2,4,7,-5797.772178630322,-0.005593,-21071.745745
AG_16_134,-1,FMP_AG,SKIN,0,1,1,0,0.667,1.0,10.0,-87.5,-523.0,333,66,-479.0,0.0,59826,6457411.9,1854532.1,5,9,-5837.047063703209,-0.005593,-26004.463995
AG_16_135,-1,FMP_AG,SKIN,0,1,1,0,0.667,1.0,10.0,-77.3,-569.0,332,68,-520.0,0.0,59648,6458180.5,1855344.0,5,10,-5837.047063703209,-0.005593,-26004.463995
AG_16_136,-1,FMP_AG,SKIN,0,1,1,0,0.667,1.0,10.0,-15.8,-172.0,326,63,-156.0,0.0,58563,6454805.3,1857308.0,5,7,-4469.096212478717,-0.005593,-16137.4279
AG_16_137,-1,FMP_AG,SKIN,0,1,1,0,0.667,1.0,10.0,-184.0,-371.0,358,78,-353.0,0.0,64338,6467325.3,1844838.1,5,8,-5797.554725948105,-0.005593,-21071.745745
AG_16_138,-1,FMP_AG,SKIN,0,1,1,0,0.667,1.0,10.0,-49.2,-204.0,327,67,-189.0,0.0,58747,6456855.6,1857522.2,5,7,-4681.946857318369,-0.005593,-16452.72875
AG_17_001,-1,FMP_AG,SKIN,0,1,1,0,0.667,1.0,10.0,166.0,136.0,389,133,139.0,0.0,69973,6498468.1,1839678.4,1,1,-2707.4128323333334,-0.03505,-7751.844055
AG_17_002,-1,FMP_AG,SKIN,0,1,1,0,0.667,1.0,10.0,31.4,-224.0,392,113,-198.0,0.0,70493,6489584.2,1834848.7,2,7,-12093.934933382983,-0.09125,-20092.425775
AG_17_003,-1,FMP_AG,SKIN,0,1,1,0,0.667,1.0,10.0,190.0,-65.3,393,120,-39.8,0.0,70680,6493044.2,1835575.9,1,5,-2868.0859864711247,-0.09125,-7234.074285
AG_17_004,-1,FMP_AG,SKIN,0,1,1,0,0.667,1.0,10.0,310.0,55.2,392,129,80.7,0.0,70509,6497101.8,1837584.8,1,3,-887.2808170363635,-0.09125,-5820.415015
AG_17_005,-1,FMP_AG,SKIN,0,1,1,0,0.667,1.0,10.0,97.1,-199.0,376,127,-169.0,0.0,67627,6493425.9,1844760.3,1,7,-10855.541889462005,-0.09125,-25530.92984
AG_17_006,-1,FMP_AG,SKIN,0,1,1,0,0.667,1.0,10.0,53.6,-242.0,380,123,-213.0,0.0,68343,6492230.6,1842196.9,2,7,-14865.913920784205,-0.09125,-28157.990895
AG_17_007,-1,FMP_AG,SKIN,0,1,1,0,0.667,1.0,10.0,115.0,-181.0,386,129,-151.0,0.0,69429,6496075.7,1840403.9,1,7,-18008.201929158065,-0.09125,-165683.22686
AG_17_008,-1,FMP_AG,SKIN,0,1,1,0,0.667,1.0,10.0,-4.92,-227.0,360,113,-205.0,0.0,64733,6484111.9,1849883.7,2,6,-2307.8697561367785,-0.09125,-4242.016315
AG_17_009,-1,FMP_AG,SKIN,0,1,1,0,0.667,1.0,10.0,-44.1,-266.0,361,110,-244.0,0.0,64910,6482873.4,1848900.9,3,7,-18000.824573580554,-0.09125,-31922.303905
AG_17_010,-1,FMP_AG,SKIN,0,1,1,0,0.667,1.0,10.0,-40.0,-262.0,363,110,-240.0,0.0,65270,6483215.4,1847961.2,3,7,-29114.283500404264,-0.09125,-52921.946795
AG_17_011,-1,FMP_AG,SKIN,0,1,1,0,0.667,1.0,10.0,89.1,-133.0,361,116,-111.0,0.0,64916,6485692.5,1849926.9,1,5,-1271.2232380547111,-0.09125,-2563.195695
AG_17_012,-1,FMP_AG,SKIN,0,1,1,0,0.667,1.0,10.0,319.0,-54.4,354,125,-17.1,0.0,63665,6488724.0,1854754.9,1,4,-1224.604003054711,-0.09125,-6926.15326
AG_17_013,-1,FMP_AG,SKIN,0,1,1,0,0.667,1.0,10.0,499.0,-56.4,366,129,-0.906,0.0,65829,6492655.5,1849800.8,1,5,-1212.9588605592699,-0.09125,-17369.967875
AG_17_014,-1,FMP_AG,SKIN,0,1,1,0,0.667,1.0,10.0,178.0,-277.0,351,125,-231.0,0.0,63125,6488211.0,1856164.5,1,7,-4687.479881954408,-0.09125,-10974.482405
AG_17_015,-1,FMP_AG,SKIN,0,1,1,0,0.667,1.0,10.0,163.0,-94.4,359,123,-68.7,0.0,64563,6488639.4,1852063.7,1,5,-1395.4128426565342,-0.09125,-5390.9134
AG_17_016,-1,FMP_AG,SKIN,0,1,1,0,0.667,1.0,10.0,54.1,-326.0,360,121,-288.0,0.0,64741,6487870.7,1851251.8,1,8,-6103.811165677809,-0.09125,-10377.03013
AG_17_017,-1,FMP_AG,SKIN,0,1,1,0,0.667,1.0,10.0,146.0,-244.0,354,122,-205.0,0.0,63662,6487314.5,1854241.9,1,7,-3946.8579548419443,-0.09125,-8735.151275
AG_17_018,-1,FMP_AG,SKIN,0,1,1,0,0.667,1.0,10.0,240.0,-27.2,366,123,-0.496,0.0,65823,6489836.4,1848774.8,1,4,-517.9981282644374,-0.09125,-5390.9134
AG_17_019,-1,FMP_AG,SKIN,0,1,1,0,0.667,1.0,10.0,-152.0,-373.0,362,124,-351.0,0.0,65104,6489622.2,1850825.2,6,8,-5044.958522045596,-0.09125,-8472.002085
AG_17_020,-1,FMP_AG,SKIN,0,1,1,0,0.667,1.0,10.0,-147.0,-284.0,364,123,-271.0,0.0,65463,6489494.4,1849714.5,6,7,-3108.6011913221914,-0.09125,-5390.9134
AG_17_021,-1,FMP_AG,SKIN,0,1,1,0,0.667,1.0,10.0,-385.0,-517.0,367,119,-504.0,0.0,65999,6488128.1,1847620.9,8,9,-21069.002661726445,-0.09125,-34766.850855
AG_17_022,-1,FMP_AG,SKIN,0,1,1,0,0.667,1.0,10.0,-223.0,-334.0,364,119,-323.0,0.0,65459,6487615.0,1849030.4,7,8,-2616.595841264438,-0.09125,-4530.7202
AG_18_001,-1,FMP_AG,SKIN,0,1,1,0,0.667,1.0,10.0,-35.6,-251.0,391,94,-229.0,0.0,70294,6480486.1,1832069.3,2,6,-16818.95720458823,-1.685381,-31376.411415
DOM_01_001,-1,FMP_DOM,SKIN,0,1,1,0,0.333,1.0,5.0,360.0,267.0,61,37,277.0,0.0,10837,6397271.6,1977371.0,1,4,-219.35122074528306,-0.000882,-1271.883825
DOM_01_002,-1,FMP_DOM,SKIN,0,1,1,0,0.333,1.0,5.0,328.0,249.0,68,43,257.0,0.0,12103,6401287.7,1975108.2,1,3,-222.57851371698118,-0.000882,-1492.174435
DOM_01_003,-1,FMP_DOM,SKIN,0,1,1,0,0.333,1.0,5.0,303.0,193.0,68,44,204.0,0.0,12104,6401757.6,1975279.2,2,5,-222.57851371698118,-0.000882,-1492.174435
DOM_01_004,-1,FMP_DOM,SKIN,0,1,1,0,0.333,1.0,5.0,337.0,299.0,69,44,303.0,0.0,12284,6401928.6,1974809.3,1,2,-222.57851371698118,-0.000882,-1492.174435
DOM_01_005,-1,FMP_DOM,SKIN,0,1,1,0,0.333,1.0,5.0,300.0,199.0,70,43,209.0,0.0,12463,6401629.7,1974168.5,1,4,-222.57851371698118,-0.000882,-1492.174435
DOM_01_006,-1,FMP_DOM,SKIN,0,1,1,0,0.333,1.0,5.0,559.0,389.0,41,20,406.0,0.0,7220,6385864.0,1983860.8,1,2,-25.68942729166668,-0.000882,-464.594045
DOM_01_007,-1,FMP_DOM,SKIN,0,1,1,0,0.333,1.0,5.0,364.0,290.0,48,22,297.0,0.0,8482,6388000.8,1980913.9,2,4,-222.57851371698118,-0.000882,-1492.174435
DOM_01_008,-1,FMP_DOM,SKIN,0,1,1,0,0.333,1.0,5.0,353.0,270.0,48,29,278.0,0.0,8489,6391289.7,1982111.0,3,4,-222.57851371698118,-0.000882,-1492.174435
DOM_01_009,-1,FMP_DOM,SKIN,0,1,1,0,0.333,1.0,5.0,349.0,267.0,49,28,275.0,0.0,8668,6390990.8,1981470.1,3,4,-222.57851371698118,-0.000882,-1492.174435
DOM_01_010,-1,FMP_DOM,SKIN,0,1,1,0,0.333,1.0,5.0,324.0,202.0,50,18,214.0,0.0,8838,6386463.4,1979290.1,3,6,-222.57851371698118,-0.000882,-1492.174435
DOM_01_011,-1,FMP_DOM,SKIN,0,1,1,0,0.333,1.0,5.0,377.0,331.0,50,20,335.0,0.0,8840,6387403.1,1979632.2,1,3,-222.57851371698118,-0.000882,-1492.174435
DOM_01_012,-1,FMP_DOM,SKIN,0,1,1,0,0.333,1.0,5.0,365.0,303.0,50,22,309.0,0.0,8842,6388342.8,1979974.2,2,4,-222.57851371698118,-0.000882,-1492.174435
DOM_01_013,-1,FMP_DOM,SKIN,0,1,1,0,0.333,1.0,5.0,369.0,326.0,50,28,331.0,0.0,8848,6391161.8,1981000.2,2,3,-222.57851371698118,-0.000882,-1492.174435
DOM_01_014,-1,FMP_DOM,SKIN,0,1,1,0,0.333,1.0,5.0,358.0,294.0,51,18,300.0,0.0,9018,6386634.4,1978820.3,2,4,-222.57851371698118,-0.000882,-1492.174435
DOM_01_015,-1,FMP_DOM,SKIN,0,1,1,0,0.333,1.0,5.0,337.0,234.0,51,21,244.0,0.0,9021,6388043.9,1979333.3,3,5,-222.57851371698118,-0.000882,-1492.174435
DOM_01_016,-1,FMP_DOM,SKIN,0,1,1,0,0.333,1.0,5.0,388.0,363.0,52,18,366.0,0.0,9198,6386805.4,1978350.5,1,2,-207.42446229746832,-0.000882,-1209.89896
DOM_01_017,-1,FMP_DOM,SKIN,0,1,1,0,0.333,1.0,5.0,386.0,361.0,52,23,364.0,0.0,9203,6389154.6,1979205.5,1,2,-210.07300181761005,-0.000882,-1209.89896
DOM_01_018,-1,FMP_DOM,SKIN,0,1,1,0,0.333,1.0,5.0,341.0,254.0,53,18,263.0,0.0,9378,6386976.4,1977880.6,2,5,-222.57851371698118,-0.000882,-1492.174435
DOM_01_019,-1,FMP_DOM,SKIN,0,1,1,0,0.333,1.0,5.0,377.0,352.0,54,20,355.0,0.0,9560,6388087.1,1977752.8,1,2,-214.670796845912,-0.000882,-1271.883825
DOM_01_020,-1,FMP_DOM,SKIN,0,1,1,0,0.333,1.0,5.0,350.0,297.0,54,27,302.0,0.0,9567,6391376.0,1978949.9,2,3,-222.57851371698118,-0.000882,-1492.174435
DOM_01_021,-1,FMP_DOM,SKIN,0,1,1,0,0.333,1.0,5.0,328.0,250.0,55,24,258.0,0.0,9744,6390137.5,1977967.0,2,4,-222.57851371698118,-0.000882,-1492.174435
DOM_01_022,-1,FMP_DOM,SKIN,0,1,1,0,0.333,1.0,5.0,316.0,203.0,47,32,214.0,0.0,8312,6392528.2,1983093.8,4,6,-222.57851371698118,-0.000882,-1492.174435
DOM_01_023,-1,FMP_DOM,SKIN,0,1,1,0,0.333,1.0,5.0,280.0,154.0,48,30,167.0,0.0,8490,6391759.5,1982282.0,4,6,-222.57851371698118,-0.000882,-1492.174435
DOM_01_024,-1,FMP_DOM,SKIN,0,1,1,0,0.333,1.0,5.0,323.0,217.0,48,31,228.0,0.0,8491,6392229.4,1982453.0,3,5,-222.57851371698118,-0.000882,-1492.174435
DOM_01_025,-1,FMP_DOM,SKIN,0,1,1,0,0.333,1.0,5.0,392.0,320.0,48,33,327.0,0.0,8493,6393169.1,1982795.0,2,4,-222.57851371698118,-0.000882,-1492.174435
DOM_01_026,-1,FMP_DOM,SKIN,0,1,1,0,0.333,1.0,5.0,345.0,254.0,49,30,263.0,0.0,8670,6391930.5,1981812.1,3,5,-222.57851371698118,-0.000882,-1492.174435
DOM_01_027,-1,FMP_DOM,SKIN,0,1,1,0,0.333,1.0,5.0,369.0,289.0,49,31,297.0,0.0,8671,6392400.4,1981983.1,2,4,-222.57851371698118,-0.000882,-1492.174435
DOM_01_028,-1,FMP_DOM,SKIN,0,1,1,0,0.333,1.0,5.0,403.0,362.0,49,32,366.0,0.0,8672,6392870.2,1982154.1,1,2,-182.81937800943388,-0.000882,-582.59375
DOM_01_029,-1,FMP_DOM,SKIN,0,1,1,0,0.333,1.0,5.0,291.0,168.0,49,33,181.0,0.0,8673,6393340.1,1982325.1,4,6,-222.57851371698118,-0.000882,-1492.174435
DOM_01_030,-1,FMP_DOM,SKIN,0,1,1,0,0.333,1.0,5.0,298.0,182.0,50,31,194.0,0.0,8851,6392571.4,1981513.3,4,6,-222.57851371698118,-0.000882,-1492.174435
DOM_01_031,-1,FMP_DOM,SKIN,0,1,1,0,0.333,1.0,5.0,310.0,198.0,50,33,209.0,0.0,8853,6393511.1,1981855.3,4,6,-222.57851371698118,-0.000882,-1492.174435
DOM_01_032,-1,FMP_DOM,SKIN,0,1,1,0,0.333,1.0,5.0,310.0,203.0,51,32,213.0,0.0,9032,6393212.2,1981214.4,3,5,-222.57851371698118,-0.000882,-1492.174435
DOM_01_033,-1,FMP_DOM,SKIN,0,1,1,0,0.333,1.0,5.0,398.0,373.0,51,33,375.0,0.0,9033,6393682.1,1981385.5,1,2,-185.89845102201252,-0.000882,-915.29547
DOM_01_034,-1,FMP_DOM,SKIN,0,1,1,0,0.333,1.0,5.0,280.0,160.0,53,32,172.0,0.0,9392,6393554.3,1980274.8,4,6,-222.57851371698118,-0.000882,-1492.174435
DOM_01_035,-1,FMP_DOM,SKIN,0,1,1,0,0.333,1.0,5.0,268.0,147.0,54,28,160.0,0.0,9568,6391845.9,1979120.9,4,6,-222.57851371698118,-0.000882,-1492.174435
DOM_01_036,-1,FMP_DOM,SKIN,0,1,1,0,0.333,1.0,5.0,267.0,143.0,54,30,155.0,0.0,9570,6392785.6,1979462.9,4,6,-222.57851371698118,-0.000882,-1492.174435
DOM_01_037,-1,FMP_DOM,SKIN,0,1,1,0,0.333,1.0,5.0,272.0,153.0,55,30,165.0,0.0,9750,6392956.6,1978993.0,4,6,-222.57851371698118,-0.000882,-1492.174435
DOM_01_038,-1,FMP_DOM,SKIN,0,1,1,0,0.333,1.0,5.0,290.0,185.0,56,27,196.0,0.0,9927,6391718.1,1978010.2,3,5,-222.57851371698118,-0.000882,-1492.174435
DOM_01_039,-1,FMP_DOM,SKIN,0,1,1,0,0.333,1.0,5.0,333.0,249.0,56,28,258.0,0.0,9928,6392187.9,1978181.2,2,4,-222.57851371698118,-0.000882,-1492.174435
DOM_01_040,-1,FMP_DOM,SKIN,0,1,1,0,0.333,1.0,5.0,362.0,293.0,56,29,300.0,0.0,9929,6392657.8,1978352.2,1,3,-222.57851371698118,-0.000882,-1492.174435
DOM_01_041,-1,FMP_DOM,SKIN,0,1,1,0,0.333,1.0,5.0,452.0,370.0,42,17,378.0,0.0,7397,6384625.5,1982877.9,1,3,-189.75089291509434,-0.000882,-582.59375
DOM_01_042,-1,FMP_DOM,SKIN,0,1,1,0,0.333,1.0,5.0,487.0,408.0,44,15,416.0,0.0,7755,6384027.8,1981596.2,1,2,-15.740767652173904,-0.001259,-117.315417
DOM_01_043,-1,FMP_DOM,SKIN,0,1,1,0,0.333,1.0,5.0,504.0,436.0,45,15,442.0,0.0,7935,6384198.8,1981126.4,1,1,,,
DOM_01_044,-1,FMP_DOM,SKIN,0,1,1,0,0.333,1.0,5.0,406.0,288.0,45,16,300.0,0.0,7936,6384668.6,1981297.4,2,5,-222.57851371698118,-0.000882,-1492.174435
DOM_01_045,-1,FMP_DOM,SKIN,0,1,1,0,0.333,1.0,5.0,410.0,348.0,45,17,354.0,0.0,7937,6385138.5,1981468.4,2,3,-194.7025289842767,-0.000882,-582.59375
DOM_01_046,-1,FMP_DOM,SKIN,0,1,1,0,0.333,1.0,5.0,422.0,348.0,46,15,355.0,0.0,8115,6384369.8,1980656.5,1,3,-192.45466763836475,-0.000882,-582.59375
DOM_01_047,-1,FMP_DOM,SKIN,0,1,1,0,0.333,1.0,5.0,386.0,310.0,46,16,317.0,0.0,8116,6384839.7,1980827.5,2,4,-219.681526091195,-0.000882,-1271.883825
DOM_01_048,-1,FMP_DOM,SKIN,0,1,1,0,0.333,1.0,5.0,326.0,209.0,46,17,221.0,0.0,8117,6385309.5,1980998.5,4,6,-222.57851371698118,-0.000882,-1492.174435
DOM_01_049,-1,FMP_DOM,SKIN,0,1,1,0,0.333,1.0,5.0,308.0,181.0,47,16,194.0,0.0,8296,6385010.7,1980357.7,4,6,-222.57851371698118,-0.000882,-1492.174435
DOM_01_050,-1,FMP_DOM,SKIN,0,1,1,0,0.333,1.0,5.0,395.0,321.0,48,12,329.0,0.0,8472,6383302.3,1979203.8,2,4,-218.18063047798745,-0.000882,-1271.883825
DOM_01_051,-1,FMP_DOM,SKIN,0,1,1,0,0.333,1.0,5.0,399.0,335.0,48,15,342.0,0.0,8475,6384711.8,1979716.8,2,3,-213.2925495974843,-0.000882,-1209.89896
DOM_01_052,-1,FMP_DOM,SKIN,0,1,1,0,0.333,1.0,5.0,304.0,175.0,48,16,188.0,0.0,8476,6385181.7,1979887.8,4,6,-222.57851371698118,-0.000882,-1492.174435
DOM_01_053,-1,FMP_DOM,SKIN,0,1,1,0,0.333,1.0,5.0,383.0,319.0,48,17,326.0,0.0,8477,6385651.5,1980058.8,2,4,-220.87370123270443,-0.000882,-1492.174435
DOM_01_054,-1,FMP_DOM,SKIN,0,1,1,0,0.333,1.0,5.0,450.0,385.0,49,11,392.0,0.0,8651,6383003.5,1978562.9,1,2,-157.83646508805035,-0.000882,-568.84991
DOM_01_055,-1,FMP_DOM,SKIN,0,1,1,0,0.333,1.0,5.0,355.0,271.0,49,18,280.0,0.0,8658,6386292.4,1979760.0,3,4,-222.57851371698118,-0.000882,-1492.174435
DOM_01_056,-1,FMP_DOM,SKIN,0,1,1,0,0.333,1.0,5.0,471.0,382.0,50,13,391.0,0.0,8833,6384114.2,1978435.1,1,2,-76.49695021069182,-0.000882,-517.537655
DOM_01_057,-1,FMP_DOM,SKIN,0,1,1,0,0.333,1.0,5.0,340.0,233.0,50,15,243.0,0.0,8835,6385053.8,1978777.1,3,5,-222.57851371698118,-0.000882,-1492.174435
DOM_01_058,-1,FMP_DOM,SKIN,0,1,1,0,0.333,1.0,5.0,364.0,290.0,50,16,298.0,0.0,8836,6385523.7,1978948.1,2,4,-222.57851371698118,-0.000882,-1492.174435
DOM_01_059,-1,FMP_DOM,SKIN,0,1,1,0,0.333,1.0,5.0,368.0,298.0,50,17,305.0,0.0,8837,6385993.5,1979119.1,2,4,-222.57851371698118,-0.000882,-1492.174435
DOM_01_060,-1,FMP_DOM,SKIN,0,1,1,0,0.333,1.0,5.0,339.0,248.0,51,17,257.0,0.0,9017,6386164.6,1978649.3,3,5,-222.57851371698118,-0.000882,-1492.174435
DOM_01_061,-1,FMP_DOM,SKIN,0,1,1,0,0.333,1.0,5.0,502.0,423.0,52,15,431.0,0.0,9195,6385395.9,1977837.4,1,1,-40.539085,-0.003322,-75.208374
DOM_01_062,-1,FMP_DOM,SKIN,0,1,1,0,0.333,1.0,5.0,360.0,273.0,55,19,282.0,0.0,9739,6387788.3,1977111.9,1,4,-222.57851371698118,-0.000882,-1492.174435
DOM_01_063,-1,FMP_DOM,SKIN,0,1,1,0,0.333,1.0,5.0,361.0,278.0,55,21,286.0,0.0,9741,6388728.0,1977453.9,1,4,-222.57851371698118,-0.000882,-1492.174435
DOM_01_064,-1,FMP_DOM,SKIN,0,1,1,0,0.333,1.0,5.0,588.0,506.0,56,17,514.0,0.0,9917,6387019.6,1976300.1,1,1,,,
DOM_01_065,-1,FMP_DOM,SKIN,0,1,1,0,0.333,1.0,5.0,396.0,348.0,56,19,353.0,0.0,9919,6387959.3,1976642.1,1,2,-217.25129855974845,-0.000882,-1271.883825
DOM_01_066,-1,FMP_DOM,SKIN,0,1,1,0,0.333,1.0,5.0,297.0,170.0,56,24,182.0,0.0,9924,6390308.5,1977497.1,3,6,-222.57851371698118,-0.000882,-1492.174435
DOM_01_067,-1,FMP_DOM,SKIN,0,1,1,0,0.333,1.0,5.0,616.0,535.0,57,17,543.0,0.0,10097,6387190.6,1975830.2,1,1,,,
DOM_01_068,-1,FMP_DOM,SKIN,0,1,1,0,0.333,1.0,5.0,542.0,467.0,57,18,475.0,0.0,10098,6387660.5,1976001.2,1,1,-19.884429,-3.706865,-36.061993
DOM_01_069,-1,FMP_DOM,SKIN,0,1,1,0,0.333,1.0,5.0,339.0,247.0,57,22,257.0,0.0,10102,6389539.8,1976685.3,2,4,-222.57851371698118,-0.000882,-1492.174435
DOM_01_070,-1,FMP_DOM,SKIN,0,1,1,0,0.333,1.0,5.0,258.0,101.0,57,23,117.0,0.0,10103,6390009.7,1976856.3,4,7,-222.57851371698118,-0.000882,-1492.174435
DOM_01_071,-1,FMP_DOM,SKIN,0,1,1,0,0.333,1.0,5.0,290.0,160.0,57,24,173.0,0.0,10104,6390479.5,1977027.3,3,6,-222.57851371698118,-0.000882,-1492.174435
DOM_01_072,-1,FMP_DOM,SKIN,0,1,1,0,0.333,1.0,5.0,484.0,351.0,58,16,364.0,0.0,10276,6386891.8,1975189.4,1,3,-117.13139098742137,-0.000882,-915.29547
DOM_01_073,-1,FMP_DOM,SKIN,0,1,1,0,0.333,1.0,5.0,483.0,338.0,58,18,353.0,0.0,10278,6387831.5,1975531.4,1,2,-164.70572937106914,-0.000882,-915.29547
DOM_01_074,-1,FMP_DOM,SKIN,0,1,1,0,0.333,1.0,5.0,341.0,254.0,58,24,262.0,0.0,10284,6390650.5,1976557.4,2,4,-222.57851371698118,-0.000882,-1492.174435
DOM_01_075,-1,FMP_DOM,SKIN,0,1,1,0,0.333,1.0,5.0,413.0,263.0,59,15,278.0,0.0,10455,6386592.9,1974548.5,1,5,-222.57851371698118,-0.000882,-1492.174435
DOM_01_076,-1,FMP_DOM,SKIN,0,1,1,0,0.333,1.0,5.0,629.0,573.0,59,18,578.0,0.0,10458,6388002.5,1975061.5,1,1,,,
DOM_01_077,-1,FMP_DOM,SKIN,0,1,1,0,0.333,1.0,5.0,415.0,267.0,59,19,282.0,0.0,10459,6388472.3,1975232.5,1,4,-222.57851371698118,-0.000882,-1492.174435
DOM_01_078,-1,FMP_DOM,SKIN,0,1,1,0,0.333,1.0,5.0,435.0,282.0,60,14,297.0,0.0,10634,6386294.1,1973907.6,1,4,-222.57851371698118,-0.000882,-1492.174435
DOM_01_079,-1,FMP_DOM,SKIN,0,1,1,0,0.333,1.0,5.0,403.0,263.0,60,15,277.0,0.0,10635,6386763.9,1974078.7,1,5,-222.57851371698118,-0.000882,-1492.174435
DOM_01_080,-1,FMP_DOM,SKIN,0,1,1,0,0.333,1.0,5.0,480.0,369.0,60,16,380.0,0.0,10636,6387233.8,1974249.7,1,2,-51.97132728938905,-0.001259,-915.29547
DOM_01_081,-1,FMP_DOM,SKIN,0,1,1,0,0.333,1.0,5.0,429.0,266.0,61,14,283.0,0.0,10814,6386465.1,1973437.8,1,5,-222.57851371698118,-0.000882,-1492.174435
DOM_01_082,-1,FMP_DOM,SKIN,0,1,1,0,0.333,1.0,5.0,376.0,203.0,61,15,220.0,0.0,10815,6386935.0,1973608.8,2,6,-222.57851371698118,-0.000882,-1492.174435
DOM_01_083,-1,FMP_DOM,SKIN,0,1,1,0,0.333,1.0,5.0,387.0,242.0,61,16,257.0,0.0,10816,6387404.8,1973779.8,2,5,-222.57851371698118,-0.000882,-1492.174435
DOM_01_084,-1,FMP_DOM,SKIN,0,1,1,0,0.333,1.0,5.0,555.0,489.0,61,17,496.0,0.0,10817,6387874.7,1973950.8,1,1,-2.2044985,-0.702132,-3.706865
DOM_01_085,-1,FMP_DOM,SKIN,0,1,1,0,0.333,1.0,5.0,513.0,425.0,62,15,434.0,0.0,10995,6387106.0,1973139.0,1,1,-91.4607096923077,-0.003322,-464.594045
DOM_01_086,-1,FMP_DOM,SKIN,0,1,1,0,0.333,1.0,5.0,394.0,269.0,62,16,282.0,0.0,10996,6387575.8,1973310.0,1,4,-222.57851371698118,-0.000882,-1492.174435
DOM_01_087,-1,FMP_DOM,SKIN,0,1,1,0,0.333,1.0,5.0,371.0,244.0,63,17,257.0,0.0,11177,6388216.7,1973011.1,2,5,-222.57851371698118,-0.000882,-1492.174435
DOM_01_088,-1,FMP_DOM,SKIN,0,1,1,0,0.333,1.0,5.0,396.0,268.0,63,18,281.0,0.0,11178,6388686.5,1973182.1,1,4,-222.57851371698118,-0.000882,-1492.174435
DOM_01_089,-1,FMP_DOM,SKIN,0,1,1,0,0.333,1.0,5.0,450.0,311.0,63,19,325.0,0.0,11179,6389156.4,1973353.2,1,3,-217.8101135440252,-0.000882,-1271.883825
DOM_01_090,-1,FMP_DOM,SKIN,0,1,1,0,0.333,1.0,5.0,447.0,323.0,44,34,336.0,0.0,7774,6392954.9,1984845.4,1,4,-222.57851371698118,-0.000882,-1492.174435
DOM_01_091,-1,FMP_DOM,SKIN,0,1,1,0,0.333,1.0,5.0,379.0,212.0,45,34,229.0,0.0,7954,6393125.9,1984375.5,3,6,-222.57851371698118,-0.000882,-1492.174435
DOM_01_092,-1,FMP_DOM,SKIN,0,1,1,0,0.333,1.0,5.0,429.0,312.0,46,33,324.0,0.0,8133,6392827.0,1983734.7,1,4,-222.57851371698118,-0.000882,-1492.174435
DOM_01_093,-1,FMP_DOM,SKIN,0,1,1,0,0.333,1.0,5.0,379.0,238.0,47,34,252.0,0.0,8314,6393467.9,1983435.8,2,5,-222.57851371698118,-0.000882,-1492.174435
DOM_01_094,-1,FMP_DOM,SKIN,0,1,1,0,0.333,1.0,5.0,250.0,49.5,73,42,69.6,0.0,13002,6401672.9,1972587.9,2,6,-222.57851371698118,-0.000882,-1492.174435
DOM_01_095,-1,FMP_DOM,SKIN,0,1,1,0,0.333,1.0,5.0,200.0,-24.4,75,38,-2.02,0.0,13358,6400135.6,1970964.2,3,7,-222.57851371698118,-0.000882,-1492.174435
DOM_01_096,-1,FMP_DOM,SKIN,0,1,1,0,0.333,1.0,5.0,126.0,-148.0,76,38,-120.0,0.0,13538,6400306.6,1970494.3,5,8,-222.57851371698118,-0.000882,-1492.174435
DOM_01_097,-1,FMP_DOM,SKIN,0,1,1,0,0.333,1.0,5.0,255.0,7.37,77,35,32.2,0.0,13715,6399068.0,1969511.5,3,7,-222.57851371698118,-0.000882,-1492.174435
DOM_01_098,-1,FMP_DOM,SKIN,0,1,1,0,0.333,1.0,5.0,536.0,370.0,78,34,386.0,0.0,13894,6398769.2,1968870.6,1,1,,,
DOM_01_099,-1,FMP_DOM,SKIN,0,1,1,0,0.333,1.0,5.0,433.0,268.0,78,35,285.0,0.0,13895,6399239.1,1969041.6,1,2,-108.80033352201254,-0.000882,-546.10012
DOM_01_100,-1,FMP_DOM,SKIN,0,1,1,0,0.333,1.0,5.0,341.0,245.0,63,16,255.0,0.0,11176,6387746.8,1972840.1,3,5,-222.57851371698118,-0.000882,-1492.174435
DOM_01_101,-1,FMP_DOM,SKIN,0,1,1,0,0.333,1.0,5.0,382.0,311.0,64,18,318.0,0.0,11358,6388857.5,1972712.3,1,3,-217.8640136383648,-0.000882,-1271.883825
DOM_01_102,-1,FMP_DOM,SKIN,0,1,1,0,0.333,1.0,5.0,259.0,-62.6,65,47,-30.4,0.0,11567,6402654.1,1977201.7,4,8,-222.57851371698118,-0.000882,-1492.174435
DOM_01_103,-1,FMP_DOM,SKIN,0,1,1,0,0.333,1.0,5.0,185.0,-205.0,68,45,-166.0,0.0,12105,6402227.4,1975450.2,5,9,-222.57851371698118,-0.000882,-1492.174435
DOM_01_104,-1,FMP_DOM,SKIN,0,1,1,0,0.333,1.0,5.0,261.0,42.3,68,46,64.2,0.0,12106,6402697.3,1975621.2,4,7,-222.57851371698118,-0.000882,-1492.174435
DOM_01_105,-1,FMP_DOM,SKIN,0,1,1,0,0.333,1.0,5.0,299.0,192.0,69,45,203.0,0.0,12285,6402398.4,1974980.3,2,5,-222.57851371698118,-0.000882,-1492.174435
DOM_01_106,-1,FMP_DOM,SKIN,0,1,1,0,0.333,1.0,5.0,258.0,56.1,70,45,76.3,0.0,12465,6402569.4,1974510.5,3,7,-222.57851371698118,-0.000882,-1492.174435
DOM_01_107,-1,FMP_DOM,SKIN,0,1,1,0,0.333,1.0,5.0,446.0,295.0,53,11,310.0,0.0,9371,6383687.5,1976683.5,1,4,-222.57851371698118,-0.000882,-1492.174435
DOM_01_108,-1,FMP_DOM,SKIN,0,1,1,0,0.333,1.0,5.0,621.0,528.0,54,14,537.0,0.0,9554,6385268.0,1976726.7,1,1,,,
DOM_01_109,-1,FMP_DOM,SKIN,0,1,1,0,0.333,1.0,5.0,489.0,341.0,56,11,356.0,0.0,9911,6384200.5,1975274.0,1,3,-192.1827280628931,-0.000882,-915.29547
DOM_01_110,-1,FMP_DOM,SKIN,0,1,1,0,0.333,1.0,5.0,457.0,272.0,56,12,291.0,0.0,9912,6384670.4,1975445.0,1,5,-222.57851371698118,-0.000882,-1492.174435
DOM_01_111,-1,FMP_DOM,SKIN,0,1,1,0,0.333,1.0,5.0,481.0,334.0,57,11,349.0,0.0,10091,6384371.5,1974804.2,1,4,-196.46481901572318,-0.000882,-915.29547
DOM_01_112,-1,FMP_DOM,SKIN,0,1,1,0,0.333,1.0,5.0,471.0,372.0,57,14,381.0,0.0,10094,6385781.1,1975317.2,1,2,-61.12411347634065,-0.000882,-915.29547
DOM_01_113,-1,FMP_DOM,SKIN,0,1,1,0,0.333,1.0,5.0,461.0,330.0,59,13,343.0,0.0,10453,6385653.2,1974206.5,1,4,-195.04331775157226,-0.000882,-915.29547
DOM_01_114,-1,FMP_DOM,SKIN,0,1,1,0,0.333,1.0,5.0,407.0,253.0,59,14,268.0,0.0,10454,6386123.1,1974377.5,1,5,-222.57851371698118,-0.000882,-1492.174435
DOM_01_115,-1,FMP_DOM,SKIN,0,1,1,0,0.333,1.0,5.0,434.0,257.0,39,22,275.0,0.0,6862,6386461.7,1985142.5,1,5,-222.57851371698118,-0.000882,-1492.174435
DOM_01_116,-1,FMP_DOM,SKIN,0,1,1,0,0.333,1.0,5.0,361.0,198.0,79,35,214.0,0.0,14075,6399410.1,1968571.8,1,4,-222.57851371698118,-0.000882,-1492.174435
DOM_01_117,-1,FMP_DOM,SKIN,0,1,1,0,0.333,1.0,5.0,69.0,-164.0,79,36,-141.0,0.0,14076,6399879.9,1968742.8,6,8,-222.57851371698118,-0.000882,-1492.174435
DOM_02_001,-1,FMP_DOM,SKIN,0,1,1,0,0.333,1.0,5.0,281.0,183.0,79,53,193.0,0.0,14093,6407867.3,1971650.0,2,4,-341.31565626562485,-0.014408,-815.977005
DOM_02_002,-1,FMP_DOM,SKIN,0,1,1,0,0.333,1.0,5.0,265.0,161.0,81,53,171.0,0.0,14453,6408209.3,1970710.3,2,4,-341.31565626562485,-0.014408,-815.977005
DOM_02_003,-1,FMP_DOM,SKIN,0,1,1,0,0.333,1.0,5.0,242.0,51.7,81,55,70.8,0.0,14455,6409149.0,1971052.3,2,6,-341.31565626562485,-0.014408,-815.977005
DOM_02_004,-1,FMP_DOM,SKIN,0,1,1,0,0.333,1.0,5.0,226.0,-85.7,81,57,-54.5,0.0,14457,6410088.7,1971394.3,3,8,-341.31565626562485,-0.014408,-815.977005
DOM_02_005,-1,FMP_DOM,SKIN,0,1,1,0,0.333,1.0,5.0,254.0,128.0,83,52,141.0,0.0,14812,6408081.5,1969599.6,2,5,-341.31565626562485,-0.014408,-815.977005
DOM_02_006,-1,FMP_DOM,SKIN,0,1,1,0,0.333,1.0,5.0,182.0,10.3,92,63,27.5,0.0,16443,6414788.9,1967252.1,4,7,-341.31565626562485,-0.014408,-815.977005
DOM_02_007,-1,FMP_DOM,SKIN,0,1,1,0,0.333,1.0,5.0,156.0,-46.5,95,59,-26.3,0.0,16979,6413422.5,1965158.5,4,7,-341.31565626562485,-0.014408,-815.977005
DOM_02_008,-1,FMP_DOM,SKIN,0,1,1,0,0.333,1.0,5.0,198.0,-3.19,95,67,17.0,0.0,16987,6417181.3,1966526.6,3,7,-341.31565626562485,-0.014408,-815.977005
DOM_02_009,-1,FMP_DOM,SKIN,0,1,1,0,0.333,1.0,5.0,140.0,-58.4,96,65,-38.6,0.0,17165,6416412.6,1965714.7,4,7,-341.31565626562485,-0.014408,-815.977005
DOM_02_010,-1,FMP_DOM,SKIN,0,1,1,0,0.333,1.0,5.0,380.0,249.0,96,67,262.0,0.0,17167,6417352.3,1966056.7,1,2,-4.867141672566371,-0.000674,-118.573224
DOM_02_011,-1,FMP_DOM,SKIN,0,1,1,0,0.333,1.0,5.0,289.0,178.0,96,68,189.0,0.0,17168,6417822.2,1966227.7,1,4,-341.31565626562485,-0.014408,-815.977005
DOM_02_012,-1,FMP_DOM,SKIN,0,1,1,0,0.333,1.0,5.0,265.0,125.0,97,57,139.0,0.0,17337,6412824.9,1963876.8,2,5,-341.31565626562485,-0.014408,-815.977005
DOM_02_013,-1,FMP_DOM,SKIN,0,1,1,0,0.333,1.0,5.0,163.0,-47.1,97,59,-26.2,0.0,17339,6413764.6,1964218.8,4,7,-341.31565626562485,-0.014408,-815.977005
DOM_02_014,-1,FMP_DOM,SKIN,0,1,1,0,0.333,1.0,5.0,143.0,-56.6,97,63,-36.7,0.0,17343,6415643.9,1964902.8,4,7,-341.31565626562485,-0.014408,-815.977005
DOM_02_015,-1,FMP_DOM,SKIN,0,1,1,0,0.333,1.0,5.0,173.0,11.7,97,65,27.8,0.0,17345,6416583.6,1965244.8,3,6,-341.31565626562485,-0.014408,-815.977005
DOM_02_016,-1,FMP_DOM,SKIN,0,1,1,0,0.333,1.0,5.0,215.0,74.7,97,66,88.8,0.0,17346,6417053.5,1965415.9,2,5,-341.31565626562485,-0.014408,-815.977005
DOM_02_017,-1,FMP_DOM,SKIN,0,1,1,0,0.333,1.0,5.0,247.0,26.0,97,67,48.1,0.0,17347,6417523.3,1965586.9,2,6,-341.31565626562485,-0.014408,-815.977005
DOM_02_018,-1,FMP_DOM,SKIN,0,1,1,0,0.333,1.0,5.0,189.0,24.6,98,62,41.0,0.0,17522,6415345.1,1964262.0,3,6,-341.31565626562485,-0.014408,-815.977005
DOM_02_019,-1,FMP_DOM,SKIN,0,1,1,0,0.333,1.0,5.0,163.0,-17.9,98,63,0.209,0.0,17523,6415815.0,1964433.0,4,7,-341.31565626562485,-0.014408,-815.977005
DOM_02_020,-1,FMP_DOM,SKIN,0,1,1,0,0.333,1.0,5.0,233.0,119.0,98,64,131.0,0.0,17524,6416284.8,1964604.0,1,5,-341.31565626562485,-0.014408,-815.977005
DOM_02_021,-1,FMP_DOM,SKIN,0,1,1,0,0.333,1.0,5.0,218.0,94.4,98,65,107.0,0.0,17525,6416754.6,1964775.0,2,5,-341.31565626562485,-0.014408,-815.977005
DOM_02_022,-1,FMP_DOM,SKIN,0,1,1,0,0.333,1.0,5.0,230.0,105.0,98,66,117.0,0.0,17526,6417224.5,1964946.0,2,5,-341.31565626562485,-0.014408,-815.977005
DOM_02_023,-1,FMP_DOM,SKIN,0,1,1,0,0.333,1.0,5.0,210.0,52.4,98,67,68.1,0.0,17527,6417694.3,1965117.0,3,6,-341.31565626562485,-0.014408,-815.977005
DOM_02_024,-1,FMP_DOM,SKIN,0,1,1,0,0.333,1.0,5.0,262.0,165.0,99,62,174.0,0.0,17702,6415516.1,1963792.1,1,4,-341.31565626562485,-0.014408,-815.977005
DOM_02_025,-1,FMP_DOM,SKIN,0,1,1,0,0.333,1.0,5.0,182.0,21.6,99,63,37.6,0.0,17703,6415986.0,1963963.1,3,6,-341.31565626562485,-0.014408,-815.977005
DOM_02_026,-1,FMP_DOM,SKIN,0,1,1,0,0.333,1.0,5.0,214.0,86.2,99,64,99.0,0.0,17704,6416455.8,1964134.1,2,5,-341.31565626562485,-0.014408,-815.977005
DOM_02_027,-1,FMP_DOM,SKIN,0,1,1,0,0.333,1.0,5.0,241.0,140.0,99,66,150.0,0.0,17706,6417395.5,1964476.2,1,4,-341.31565626562485,-0.014408,-815.977005
DOM_02_028,-1,FMP_DOM,SKIN,0,1,1,0,0.333,1.0,5.0,233.0,121.0,100,63,132.0,0.0,17883,6416157.0,1963493.3,2,5,-341.31565626562485,-0.014408,-815.977005
DOM_02_029,-1,FMP_DOM,SKIN,0,1,1,0,0.333,1.0,5.0,220.0,101.0,100,66,113.0,0.0,17886,6417566.5,1964006.3,2,5,-341.31565626562485,-0.014408,-815.977005
DOM_02_030,-1,FMP_DOM,SKIN,0,1,1,0,0.333,1.0,5.0,221.0,-37.7,75,44,-11.8,0.0,13364,6402954.6,1971990.3,4,7,-341.31565626562485,-0.014408,-815.977005
DOM_02_031,-1,FMP_DOM,SKIN,0,1,1,0,0.333,1.0,5.0,190.0,-90.8,77,42,-62.7,0.0,13722,6402357.0,1970708.5,4,8,-341.31565626562485,-0.014408,-815.977005
DOM_02_032,-1,FMP_DOM,SKIN,0,1,1,0,0.333,1.0,5.0,295.0,147.0,77,46,161.0,0.0,13726,6404236.4,1971392.6,2,5,-341.31565626562485,-0.014408,-815.977005
DOM_02_033,-1,FMP_DOM,SKIN,0,1,1,0,0.333,1.0,5.0,277.0,113.0,79,43,129.0,0.0,14083,6403168.8,1969939.9,2,5,-341.31565626562485,-0.014408,-815.977005
DOM_02_034,-1,FMP_DOM,SKIN,0,1,1,0,0.333,1.0,5.0,260.0,79.7,80,42,97.7,0.0,14262,6402870.0,1969299.0,2,6,-341.31565626562485,-0.014408,-815.977005
DOM_02_035,-1,FMP_DOM,SKIN,0,1,1,0,0.333,1.0,5.0,188.0,-80.7,80,43,-53.9,0.0,14263,6403339.8,1969470.0,4,8,-341.31565626562485,-0.014408,-815.977005
DOM_02_036,-1,FMP_DOM,SKIN,0,1,1,0,0.333,1.0,5.0,231.0,17.2,81,43,38.5,0.0,14443,6403510.9,1969000.2,3,7,-341.31565626562485,-0.014408,-815.977005
DOM_02_037,-1,FMP_DOM,SKIN,0,1,1,0,0.333,1.0,5.0,185.0,-102.0,81,51,-73.4,0.0,14451,6407269.6,1970368.2,4,8,-341.31565626562485,-0.014408,-815.977005
DOM_02_038,-1,FMP_DOM,SKIN,0,1,1,0,0.333,1.0,5.0,165.0,-123.0,83,48,-94.3,0.0,14808,6406202.1,1968915.5,4,8,-341.31565626562485,-0.014408,-815.977005
DOM_02_039,-1,FMP_DOM,SKIN,0,1,1,0,0.333,1.0,5.0,187.0,-69.8,84,49,-44.1,0.0,14989,6406843.0,1968616.7,4,8,-341.31565626562485,-0.014408,-815.977005
DOM_02_040,-1,FMP_DOM,SKIN,0,1,1,0,0.333,1.0,5.0,143.0,-23.7,85,50,-6.98,0.0,15170,6407483.8,1968317.9,5,7,-341.31565626562485,-0.014408,-815.977005
DOM_02_041,-1,FMP_DOM,SKIN,0,1,1,0,0.333,1.0,5.0,271.0,119.0,86,50,134.0,0.0,15350,6407654.8,1967848.0,2,5,-341.31565626562485,-0.014408,-815.977005
DOM_02_042,-1,FMP_DOM,SKIN,0,1,1,0,0.333,1.0,5.0,283.0,146.0,87,49,159.0,0.0,15529,6407356.0,1967207.1,1,5,-341.31565626562485,-0.014408,-815.977005
DOM_02_043,-1,FMP_DOM,SKIN,0,1,1,0,0.333,1.0,5.0,262.0,108.0,87,50,123.0,0.0,15530,6407825.8,1967378.2,2,5,-341.31565626562485,-0.014408,-815.977005
DOM_02_044,-1,FMP_DOM,SKIN,0,1,1,0,0.333,1.0,5.0,220.0,62.3,88,52,78.1,0.0,15712,6408936.5,1967250.3,3,6,-341.31565626562485,-0.014408,-815.977005
DOM_02_045,-1,FMP_DOM,SKIN,0,1,1,0,0.333,1.0,5.0,88.7,-83.1,93,57,-65.9,0.0,16617,6412140.8,1965756.2,5,8,-341.31565626562485,-0.014408,-815.977005
DOM_02_046,-1,FMP_DOM,SKIN,0,1,1,0,0.333,1.0,5.0,212.0,51.2,95,56,67.3,0.0,16976,6412013.0,1964645.4,3,6,-341.31565626562485,-0.014408,-815.977005
DOM_02_047,-1,FMP_DOM,SKIN,0,1,1,0,0.333,1.0,5.0,240.0,34.4,74,42,55.0,0.0,13182,6401843.9,1972118.1,3,7,-341.31565626562485,-0.014408,-815.977005
DOM_02_048,-1,FMP_DOM,SKIN,0,1,1,0,0.333,1.0,5.0,160.0,-92.8,78,38,-67.5,0.0,13898,6400648.6,1969554.7,5,8,-341.31565626562485,-0.014408,-815.977005
DOM_02_049,-1,FMP_DOM,SKIN,0,1,1,0,0.333,1.0,5.0,204.0,-16.8,80,40,5.21,0.0,14260,6401930.3,1968957.0,4,7,-341.31565626562485,-0.014408,-815.977005
DOM_02_050,-1,FMP_DOM,SKIN,0,1,1,0,0.333,1.0,5.0,180.0,15.0,101,64,31.5,0.0,18064,6416797.8,1963194.5,3,6,-341.31565626562485,-0.014408,-815.977005
DOM_02_051,-1,FMP_DOM,SKIN,0,1,1,0,0.333,1.0,5.0,141.0,-45.6,103,64,-26.9,0.0,18424,6417139.9,1962254.8,4,7,-341.31565626562485,-0.014408,-815.977005
DOM_02_052,-1,FMP_DOM,SKIN,0,1,1,0,0.333,1.0,5.0,230.0,54.0,104,60,71.6,0.0,18600,6415431.5,1961100.9,2,6,-341.31565626562485,-0.014408,-815.977005
DOM_02_053,-1,FMP_DOM,SKIN,0,1,1,0,0.333,1.0,5.0,201.0,-21.3,105,60,1.02,0.0,18780,6415602.5,1960631.0,3,7,-341.31565626562485,-0.014408,-815.977005
DOM_02_054,-1,FMP_DOM,SKIN,0,1,1,0,0.333,1.0,5.0,138.0,-73.2,105,62,-52.1,0.0,18782,6416542.2,1960973.0,4,7,-341.31565626562485,-0.014408,-815.977005
DOM_02_055,-1,FMP_DOM,SKIN,0,1,1,0,0.333,1.0,5.0,233.0,95.1,105,64,109.0,0.0,18784,6417481.9,1961315.1,2,5,-341.31565626562485,-0.014408,-815.977005
DOM_02_056,-1,FMP_DOM,SKIN,0,1,1,0,0.333,1.0,5.0,370.0,242.0,106,60,255.0,0.0,18960,6415773.5,1960161.2,1,2,-19.21378344202899,-0.003869,-273.04398
DOM_02_057,-1,FMP_DOM,SKIN,0,1,1,0,0.333,1.0,5.0,287.0,149.0,107,61,163.0,0.0,19141,6416414.4,1959862.3,1,4,-341.31565626562485,-0.014408,-815.977005
DOM_02_058,-1,FMP_DOM,SKIN,0,1,1,0,0.333,1.0,5.0,115.0,-113.0,107,63,-90.0,0.0,19143,6417354.0,1960204.4,5,8,-341.31565626562485,-0.014408,-815.977005
DOM_02_059,-1,FMP_DOM,SKIN,0,1,1,0,0.333,1.0,5.0,249.0,70.6,108,60,88.4,0.0,19320,6416115.5,1959221.5,2,6,-341.31565626562485,-0.014408,-815.977005
DOM_02_060,-1,FMP_DOM,SKIN,0,1,1,0,0.333,1.0,5.0,135.0,-86.6,109,62,-64.5,0.0,19502,6417226.2,1959093.7,4,7,-341.31565626562485,-0.014408,-815.977005
DOM_02_061,-1,FMP_DOM,SKIN,0,1,1,0,0.333,1.0,5.0,122.0,-106.0,110,61,-83.3,0.0,19681,6416927.4,1958452.8,5,8,-341.31565626562485,-0.014408,-815.977005
DOM_02_062,-1,FMP_DOM,SKIN,0,1,1,0,0.333,1.0,5.0,250.0,50.9,72,44,70.8,0.0,12824,6402441.6,1973399.8,3,6,-341.31565626562485,-0.014408,-815.977005
DOM_02_063,-1,FMP_DOM,SKIN,0,1,1,0,0.333,1.0,5.0,219.0,-40.8,82,63,-14.8,0.0,14643,6413078.8,1971950.5,4,8,-341.31565626562485,-0.014408,-815.977005
DOM_02_064,-1,FMP_DOM,SKIN,0,1,1,0,0.333,1.0,5.0,252.0,50.7,83,63,70.8,0.0,14823,6413249.8,1971480.7,3,7,-341.31565626562485,-0.014408,-815.977005
DOM_02_065,-1,FMP_DOM,SKIN,0,1,1,0,0.333,1.0,5.0,193.0,-57.8,86,62,-32.8,0.0,15362,6413293.0,1969900.1,4,7,-341.31565626562485,-0.014408,-815.977005
DOM_02_066,-1,FMP_DOM,SKIN,0,1,1,0,0.333,1.0,5.0,79.3,-151.0,97,68,-128.0,0.0,17348,6417993.2,1965757.9,5,8,-341.31565626562485,-0.014408,-815.977005
DOM_02_067,-1,FMP_DOM,SKIN,0,1,1,0,0.333,1.0,5.0,107.0,-116.0,97,69,-93.8,0.0,17349,6418463.0,1965928.9,5,8,-341.31565626562485,-0.014408,-815.977005
DOM_02_068,-1,FMP_DOM,SKIN,0,1,1,0,0.333,1.0,5.0,98.7,-124.0,98,68,-102.0,0.0,17528,6418164.2,1965288.0,5,8,-341.31565626562485,-0.014408,-815.977005
DOM_02_069,-1,FMP_DOM,SKIN,0,1,1,0,0.333,1.0,5.0,133.0,-79.2,102,67,-57.9,0.0,18247,6418378.4,1963237.6,4,7,-341.31565626562485,-0.014408,-815.977005
DOM_02_070,-1,FMP_DOM,SKIN,0,1,1,0,0.333,1.0,5.0,162.0,56.2,104,65,66.8,0.0,18605,6417780.7,1961955.9,4,6,-341.31565626562485,-0.014408,-815.977005
DOM_02_071,-1,FMP_DOM,SKIN,0,1,1,0,0.333,1.0,5.0,118.0,20.8,105,65,30.4,0.0,18785,6417951.7,1961486.1,4,6,-341.31565626562485,-0.014408,-815.977005
DOM_02_072,-1,FMP_DOM,SKIN,0,1,1,0,0.333,1.0,5.0,177.0,67.3,106,66,78.2,0.0,18966,6418592.6,1961187.2,3,5,-341.31565626562485,-0.014408,-815.977005
DOM_02_073,-1,FMP_DOM,SKIN,0,1,1,0,0.333,1.0,5.0,140.0,44.5,107,64,54.1,0.0,19144,6417823.9,1960375.4,4,6,-341.31565626562485,-0.014408,-815.977005
DOM_02_074,-1,FMP_DOM,SKIN,0,1,1,0,0.333,1.0,5.0,59.1,-27.9,107,66,-19.2,0.0,19146,6418763.6,1960717.4,5,7,-341.31565626562485,-0.014408,-815.977005
DOM_02_075,-1,FMP_DOM,SKIN,0,1,1,0,0.333,1.0,5.0,266.0,149.0,108,64,160.0,0.0,19324,6417994.9,1959905.5,1,4,-341.31565626562485,-0.014408,-815.977005
DOM_02_076,-1,FMP_DOM,SKIN,0,1,1,0,0.333,1.0,5.0,121.0,21.9,108,67,31.9,0.0,19327,6419404.4,1960418.6,4,6,-341.31565626562485,-0.014408,-815.977005
DOM_02_077,-1,FMP_DOM,SKIN,0,1,1,0,0.333,1.0,5.0,66.6,-164.0,81,38,-141.0,0.0,14438,6401161.6,1968145.1,6,8,-341.31565626562485,-0.014408,-815.977005
DOM_02_078,-1,FMP_DOM,SKIN,0,1,1,0,0.333,1.0,5.0,21.6,-12.0,84,45,-8.68,0.0,14985,6404963.6,1967932.6,7,7,-341.31565626562485,-0.014408,-815.977005
DOM_02_079,-1,FMP_DOM,SKIN,0,1,1,0,0.333,1.0,5.0,-91.3,-158.0,84,47,-151.0,0.0,14987,6405903.3,1968274.7,8,8,-341.31565626562485,-0.014408,-815.977005
DOM_02_080,-1,FMP_DOM,SKIN,0,1,1,0,0.333,1.0,5.0,86.5,61.5,85,46,64.0,0.0,15166,6405604.4,1967633.8,6,6,-341.31565626562485,-0.014408,-815.977005
DOM_02_081,-1,FMP_DOM,SKIN,0,1,1,0,0.333,1.0,5.0,-44.2,-96.3,85,47,-91.1,0.0,15167,6406074.3,1967804.8,7,8,-341.31565626562485,-0.014408,-815.977005
DOM_03_001,-1,FMP_DOM,SKIN,0,1,1,0,0.333,1.0,5.0,371.0,251.0,61,41,263.0,0.0,10841,6399151.0,1978055.1,1,4,-508.90319922829667,-0.056882,-1291.813945
DOM_03_002,-1,FMP_DOM,SKIN,0,1,1,0,0.333,1.0,5.0,371.0,268.0,49,37,278.0,0.0,8677,6395219.5,1983009.2,3,5,-508.90319922829667,-0.056882,-1291.813945
DOM_03_003,-1,FMP_DOM,SKIN,0,1,1,0,0.333,1.0,5.0,382.0,308.0,53,34,315.0,0.0,9394,6394494.0,1980616.8,1,4,-484.36410215434165,-0.056882,-1254.903215
DOM_03_004,-1,FMP_DOM,SKIN,0,1,1,0,0.333,1.0,5.0,318.0,205.0,53,35,216.0,0.0,9395,6394963.8,1980787.8,3,5,-508.90319922829667,-0.056882,-1291.813945
DOM_03_005,-1,FMP_DOM,SKIN,0,1,1,0,0.333,1.0,5.0,328.0,227.0,54,34,237.0,0.0,9574,6394665.0,1980146.9,3,5,-508.90319922829667,-0.056882,-1291.813945
DOM_03_006,-1,FMP_DOM,SKIN,0,1,1,0,0.333,1.0,5.0,404.0,279.0,42,12,291.0,0.0,7392,6382276.2,1982022.9,3,5,-508.90319922829667,-0.056882,-1291.813945
DOM_03_007,-1,FMP_DOM,SKIN,0,1,1,0,0.333,1.0,5.0,413.0,325.0,42,14,334.0,0.0,7394,6383215.9,1982364.9,2,4,-508.90319922829667,-0.056882,-1291.813945
DOM_03_008,-1,FMP_DOM,SKIN,0,1,1,0,0.333,1.0,5.0,416.0,337.0,43,14,345.0,0.0,7574,6383386.9,1981895.0,2,4,-490.9984533697757,-0.056882,-1254.903215
DOM_03_009,-1,FMP_DOM,SKIN,0,1,1,0,0.333,1.0,5.0,410.0,310.0,43,15,320.0,0.0,7575,6383856.8,1982066.0,2,4,-508.90319922829667,-0.056882,-1291.813945
DOM_03_010,-1,FMP_DOM,SKIN,0,1,1,0,0.333,1.0,5.0,352.0,229.0,44,12,241.0,0.0,7752,6382618.2,1981083.2,4,6,-508.90319922829667,-0.056882,-1291.813945
DOM_03_011,-1,FMP_DOM,SKIN,0,1,1,0,0.333,1.0,5.0,430.0,371.0,45,10,377.0,0.0,7930,6381849.6,1980271.3,2,3,-469.0842362032266,-0.056882,-1184.01983
DOM_03_012,-1,FMP_DOM,SKIN,0,1,1,0,0.333,1.0,5.0,433.0,369.0,45,11,376.0,0.0,7931,6382319.4,1980442.3,1,3,-475.9414040900329,-0.00115,-1254.903215
DOM_03_013,-1,FMP_DOM,SKIN,0,1,1,0,0.333,1.0,5.0,436.0,366.0,45,12,373.0,0.0,7932,6382789.3,1980613.3,1,3,-482.32326501286263,-0.056882,-1254.903215
DOM_03_014,-1,FMP_DOM,SKIN,0,1,1,0,0.333,1.0,5.0,358.0,232.0,45,13,245.0,0.0,7933,6383259.1,1980784.3,3,6,-508.90319922829667,-0.056882,-1291.813945
DOM_03_015,-1,FMP_DOM,SKIN,0,1,1,0,0.333,1.0,5.0,427.0,365.0,45,14,372.0,0.0,7934,6383729.0,1980955.3,1,3,-244.38905390032144,-0.056882,-992.90501
DOM_03_016,-1,FMP_DOM,SKIN,0,1,1,0,0.333,1.0,5.0,275.0,126.0,79,55,141.0,0.0,14095,6408807.0,1971992.0,2,5,-508.90319922829667,-0.056882,-1291.813945
DOM_03_017,-1,FMP_DOM,SKIN,0,1,1,0,0.333,1.0,5.0,206.0,-156.0,80,56,-120.0,0.0,14276,6409447.8,1971693.1,4,8,-508.90319922829667,-0.056882,-1291.813945
DOM_03_018,-1,FMP_DOM,SKIN,0,1,1,0,0.333,1.0,5.0,213.0,7.68,91,64,28.2,0.0,16264,6415087.7,1967892.9,3,7,-508.90319922829667,-0.056882,-1291.813945
DOM_03_019,-1,FMP_DOM,SKIN,0,1,1,0,0.333,1.0,5.0,210.0,65.7,93,64,80.1,0.0,16624,6415429.7,1966953.2,3,6,-508.90319922829667,-0.056882,-1291.813945
DOM_03_020,-1,FMP_DOM,SKIN,0,1,1,0,0.333,1.0,5.0,193.0,26.4,93,65,43.1,0.0,16625,6415899.6,1967124.2,3,6,-508.90319922829667,-0.056882,-1291.813945
DOM_03_021,-1,FMP_DOM,SKIN,0,1,1,0,0.333,1.0,5.0,128.0,-89.6,94,65,-67.8,0.0,16805,6416070.6,1966654.4,5,8,-508.90319922829667,-0.056882,-1291.813945
DOM_03_022,-1,FMP_DOM,SKIN,0,1,1,0,0.333,1.0,5.0,202.0,11.9,94,66,31.0,0.0,16806,6416540.5,1966825.4,3,6,-508.90319922829667,-0.056882,-1291.813945
DOM_03_023,-1,FMP_DOM,SKIN,0,1,1,0,0.333,1.0,5.0,273.0,87.8,77,47,106.0,0.0,13727,6404706.2,1971563.6,3,6,-508.90319922829667,-0.056882,-1291.813945
DOM_03_024,-1,FMP_DOM,SKIN,0,1,1,0,0.333,1.0,5.0,242.0,14.2,79,49,36.9,0.0,14089,6405987.9,1970965.9,3,7,-508.90319922829667,-0.056882,-1291.813945
DOM_03_025,-1,FMP_DOM,SKIN,0,1,1,0,0.333,1.0,5.0,136.0,-31.8,95,54,-15.0,0.0,16974,6411073.3,1964303.4,5,7,-508.90319922829667,-0.056882,-1291.813945
DOM_03_026,-1,FMP_DOM,SKIN,0,1,1,0,0.333,1.0,5.0,645.0,584.0,70,25,590.0,0.0,12445,6393172.5,1971090.3,1,1,-27.572555,-27.572555,-27.572555
DOM_03_027,-1,FMP_DOM,SKIN,0,1,1,0,0.333,1.0,5.0,259.0,8.98,79,64,34.0,0.0,14104,6413035.6,1973531.1,4,7,-508.90319922829667,-0.056882,-1291.813945
DOM_03_028,-1,FMP_DOM,SKIN,0,1,1,0,0.333,1.0,5.0,284.0,148.0,81,65,162.0,0.0,14465,6413847.5,1972762.4,3,6,-508.90319922829667,-0.056882,-1291.813945
DOM_03_029,-1,FMP_DOM,SKIN,0,1,1,0,0.333,1.0,5.0,257.0,-86.1,65,50,-51.8,0.0,11570,6404063.6,1977714.8,4,8,-508.90319922829667,-0.056882,-1291.813945
DOM_03_030,-1,FMP_DOM,SKIN,0,1,1,0,0.333,1.0,5.0,336.0,225.0,66,49,236.0,0.0,11749,6403764.8,1977073.9,2,5,-508.90319922829667,-0.056882,-1291.813945
DOM_03_031,-1,FMP_DOM,SKIN,0,1,1,0,0.333,1.0,5.0,324.0,181.0,70,46,195.0,0.0,12466,6403039.3,1974681.5,1,5,-508.90319922829667,-0.056882,-1291.813945
DOM_03_032,-1,FMP_DOM,SKIN,0,1,1,0,0.333,1.0,5.0,196.0,-160.0,73,45,-125.0,0.0,13005,6403082.5,1973101.0,4,9,-508.90319922829667,-0.056882,-1291.813945
DOM_03_033,-1,FMP_DOM,SKIN,0,1,1,0,0.333,1.0,5.0,343.0,214.0,73,46,227.0,0.0,13006,6403552.3,1973272.0,1,4,-508.90319922829667,-0.056882,-1291.813945
DOM_03_034,-1,FMP_DOM,SKIN,0,1,1,0,0.333,1.0,5.0,203.0,-98.6,82,64,-68.4,0.0,14644,6413548.6,1972121.5,4,8,-508.90319922829667,-0.056882,-1291.813945
DOM_03_035,-1,FMP_DOM,SKIN,0,1,1,0,0.333,1.0,5.0,174.0,-178.0,83,64,-143.0,0.0,14824,6413719.6,1971651.7,5,9,-508.90319922829667,-0.056882,-1291.813945
DOM_03_036,-1,FMP_DOM,SKIN,0,1,1,0,0.333,1.0,5.0,232.0,-52.5,89,64,-24.1,0.0,15904,6414745.7,1968832.6,3,7,-508.90319922829667,-0.056882,-1291.813945
DOM_03_037,-1,FMP_DOM,SKIN,0,1,1,0,0.333,1.0,5.0,198.0,-2.6,99,70,17.5,0.0,17710,6419274.9,1965160.2,3,7,-508.90319922829667,-0.056882,-1291.813945
DOM_03_038,-1,FMP_DOM,SKIN,0,1,1,0,0.333,1.0,5.0,106.0,-113.0,100,69,-91.2,0.0,17889,6418976.1,1964519.3,5,8,-508.90319922829667,-0.056882,-1291.813945
DOM_03_039,-1,FMP_DOM,SKIN,0,1,1,0,0.333,1.0,5.0,103.0,6.89,109,68,16.5,0.0,19508,6420045.3,1960119.7,5,6,-508.90319922829667,-0.056882,-1291.813945
DOM_03_040,-1,FMP_DOM,SKIN,0,1,1,0,0.333,1.0,5.0,201.0,-1.45,80,35,18.8,0.0,14255,6399581.1,1968101.9,4,7,-508.90319922829667,-0.056882,-1291.813945
DOM_03_041,-1,FMP_DOM,SKIN,0,1,1,0,0.333,1.0,5.0,335.0,201.0,81,36,215.0,0.0,14436,6400221.9,1967803.1,1,4,-508.90319922829667,-0.056882,-1291.813945
DOM_03_042,-1,FMP_DOM,SKIN,0,1,1,0,0.333,1.0,5.0,175.0,-6.15,82,39,12.0,0.0,14619,6401802.5,1967846.3,4,7,-508.90319922829667,-0.056882,-1291.813945
DOM_03_043,-1,FMP_DOM,SKIN,0,1,1,0,0.333,1.0,5.0,190.0,-172.0,79,63,-136.0,0.0,14103,6412565.8,1973360.1,5,9,-508.90319922829667,-0.056882,-1291.813945
DOM_04_001,-1,FMP_DOM,SKIN,0,1,1,0,0.333,1.0,5.0,92.1,-154.0,147,84,-129.0,0.0,26364,6434061.2,1945001.7,4,7,-506.12053302718994,-0.047344,-1177.992565
DOM_04_002,-1,FMP_DOM,SKIN,0,1,1,0,0.333,1.0,5.0,156.0,9.3,149,86,24.0,0.0,26726,6435342.9,1944404.0,2,5,-506.12053302718994,-0.047344,-1177.992565
DOM_04_003,-1,FMP_DOM,SKIN,0,1,1,0,0.333,1.0,5.0,97.3,-139.0,152,82,-116.0,0.0,27262,6433976.6,1942310.5,4,7,-506.12053302718994,-0.047344,-1177.992565
DOM_04_004,-1,FMP_DOM,SKIN,0,1,1,0,0.333,1.0,5.0,113.0,-87.6,152,85,-67.6,0.0,27265,6435386.1,1942823.5,3,7,-506.12053302718994,-0.047344,-1177.992565
DOM_04_005,-1,FMP_DOM,SKIN,0,1,1,0,0.333,1.0,5.0,132.0,-35.9,153,85,-19.1,0.0,27445,6435557.1,1942353.7,3,6,-506.12053302718994,-0.047344,-1177.992565
DOM_04_006,-1,FMP_DOM,SKIN,0,1,1,0,0.333,1.0,5.0,215.0,-35.6,165,73,-10.6,0.0,29593,6431971.1,1934663.4,1,6,-506.12053302718994,-0.047344,-1177.992565
DOM_04_007,-1,FMP_DOM,SKIN,0,1,1,0,0.333,1.0,5.0,270.0,-22.9,167,73,6.44,0.0,29953,6432313.1,1933723.7,1,6,-506.12053302718994,-0.047344,-1177.992565
DOM_04_008,-1,FMP_DOM,SKIN,0,1,1,0,0.333,1.0,5.0,176.0,-191.0,150,72,-154.0,0.0,26892,6428936.1,1941540.1,3,8,-506.12053302718994,-0.047344,-1177.992565
DOM_04_009,-1,FMP_DOM,SKIN,0,1,1,0,0.333,1.0,5.0,180.0,-156.0,155,72,-122.0,0.0,27792,6429791.1,1939190.8,3,8,-506.12053302718994,-0.047344,-1177.992565
DOM_04_010,-1,FMP_DOM,SKIN,0,1,1,0,0.333,1.0,5.0,172.0,-173.0,155,73,-138.0,0.0,27793,6430261.0,1939361.8,3,8,-506.12053302718994,-0.047344,-1177.992565
DOM_04_011,-1,FMP_DOM,SKIN,0,1,1,0,0.333,1.0,5.0,146.0,-287.0,155,74,-244.0,0.0,27794,6430730.8,1939532.9,3,9,-506.12053302718994,-0.047344,-1177.992565
DOM_04_012,-1,FMP_DOM,SKIN,0,1,1,0,0.333,1.0,5.0,185.0,-58.0,155,75,-33.7,0.0,27795,6431200.7,1939703.9,2,7,-506.12053302718994,-0.047344,-1177.992565
DOM_04_013,-1,FMP_DOM,SKIN,0,1,1,0,0.333,1.0,5.0,142.0,-273.0,156,75,-232.0,0.0,27975,6431371.7,1939234.0,3,9,-506.12053302718994,-0.047344,-1177.992565
DOM_04_014,-1,FMP_DOM,SKIN,0,1,1,0,0.333,1.0,5.0,152.0,-230.0,157,74,-192.0,0.0,28154,6431072.9,1938593.2,3,8,-506.12053302718994,-0.047344,-1177.992565
DOM_04_015,-1,FMP_DOM,SKIN,0,1,1,0,0.333,1.0,5.0,139.0,-280.0,157,75,-238.0,0.0,28155,6431542.7,1938764.2,3,9,-506.12053302718994,-0.047344,-1177.992565
DOM_04_016,-1,FMP_DOM,SKIN,0,1,1,0,0.333,1.0,5.0,192.0,-102.0,158,71,-72.1,0.0,28331,6429834.3,1937610.3,2,7,-506.12053302718994,-0.047344,-1177.992565
DOM_04_017,-1,FMP_DOM,SKIN,0,1,1,0,0.333,1.0,5.0,135.0,-264.0,158,76,-224.0,0.0,28336,6432183.6,1938465.3,3,8,-506.12053302718994,-0.047344,-1177.992565
DOM_04_018,-1,FMP_DOM,SKIN,0,1,1,0,0.333,1.0,5.0,160.0,-119.0,158,77,-91.0,0.0,28337,6432653.4,1938636.3,2,7,-506.12053302718994,-0.047344,-1177.992565
DOM_04_019,-1,FMP_DOM,SKIN,0,1,1,0,0.333,1.0,5.0,170.0,-118.0,159,74,-89.5,0.0,28514,6431414.9,1937653.5,2,7,-506.12053302718994,-0.047344,-1177.992565
DOM_04_020,-1,FMP_DOM,SKIN,0,1,1,0,0.333,1.0,5.0,151.0,-187.0,159,75,-153.0,0.0,28515,6431884.7,1937824.5,3,8,-506.12053302718994,-0.047344,-1177.992565
DOM_04_021,-1,FMP_DOM,SKIN,0,1,1,0,0.333,1.0,5.0,151.0,-166.0,159,76,-134.0,0.0,28516,6432354.6,1937995.5,3,8,-506.12053302718994,-0.047344,-1177.992565
DOM_04_022,-1,FMP_DOM,SKIN,0,1,1,0,0.333,1.0,5.0,166.0,-64.4,161,76,-41.4,0.0,28876,6432696.6,1937055.8,2,6,-506.12053302718994,-0.047344,-1177.992565
DOM_04_023,-1,FMP_DOM,SKIN,0,1,1,0,0.333,1.0,5.0,160.0,-84.6,163,75,-60.1,0.0,29235,6432568.8,1935945.1,2,7,-506.12053302718994,-0.047344,-1177.992565
DOM_04_024,-1,FMP_DOM,SKIN,0,1,1,0,0.333,1.0,5.0,114.0,-58.8,157,92,-41.5,0.0,28172,6439530.1,1941671.3,3,6,-506.12053302718994,-0.047344,-1177.992565
DOM_04_025,-1,FMP_DOM,SKIN,0,1,1,0,0.333,1.0,5.0,62.2,-335.0,165,76,-296.0,0.0,29596,6433380.6,1935176.4,4,9,-506.12053302718994,-0.047344,-1177.992565
DOM_04_026,-1,FMP_DOM,SKIN,0,1,1,0,0.333,1.0,5.0,155.0,-15.6,165,77,1.44,0.0,29597,6433850.5,1935347.4,2,6,-506.12053302718994,-0.047344,-1177.992565
DOM_04_027,-1,FMP_DOM,SKIN,0,1,1,0,0.333,1.0,5.0,98.8,-195.0,165,78,-166.0,0.0,29598,6434320.3,1935518.4,3,8,-506.12053302718994,-0.047344,-1177.992565
DOM_04_028,-1,FMP_DOM,SKIN,0,1,1,0,0.333,1.0,5.0,97.0,-214.0,166,76,-183.0,0.0,29776,6433551.6,1934706.6,4,8,-506.12053302718994,-0.047344,-1177.992565
DOM_04_029,-1,FMP_DOM,SKIN,0,1,1,0,0.333,1.0,5.0,162.0,1.2,167,75,17.3,0.0,29955,6433252.8,1934065.7,2,5,-506.12053302718994,-0.047344,-1177.992565
DOM_04_030,-1,FMP_DOM,SKIN,0,1,1,0,0.333,1.0,5.0,138.0,-72.0,126,72,-51.0,0.0,22572,6424831.9,1952816.4,3,7,-506.12053302718994,-0.047344,-1177.992565
DOM_04_031,-1,FMP_DOM,SKIN,0,1,1,0,0.333,1.0,5.0,170.0,4.81,127,72,21.3,0.0,22752,6425002.9,1952346.5,2,6,-506.12053302718994,-0.047344,-1177.992565
DOM_04_032,-1,FMP_DOM,SKIN,0,1,1,0,0.333,1.0,5.0,144.0,-72.5,127,73,-50.9,0.0,22753,6425472.7,1952517.5,3,7,-506.12053302718994,-0.047344,-1177.992565
DOM_04_033,-1,FMP_DOM,SKIN,0,1,1,0,0.333,1.0,5.0,171.0,-51.0,128,74,-28.8,0.0,22934,6426113.6,1952218.7,2,7,-506.12053302718994,-0.047344,-1177.992565
DOM_04_034,-1,FMP_DOM,SKIN,0,1,1,0,0.333,1.0,5.0,102.0,-147.0,129,73,-122.0,0.0,23113,6425814.7,1951577.8,4,8,-506.12053302718994,-0.047344,-1177.992565
DOM_04_035,-1,FMP_DOM,SKIN,0,1,1,0,0.333,1.0,5.0,123.0,-118.0,130,75,-93.8,0.0,23295,6426925.4,1951450.0,4,7,-506.12053302718994,-0.047344,-1177.992565
DOM_04_036,-1,FMP_DOM,SKIN,0,1,1,0,0.333,1.0,5.0,218.0,-21.0,133,67,2.94,0.0,23827,6423679.7,1948672.4,2,6,-506.12053302718994,-0.047344,-1177.992565
DOM_04_037,-1,FMP_DOM,SKIN,0,1,1,0,0.333,1.0,5.0,151.0,-57.1,133,72,-36.3,0.0,23832,6426028.9,1949527.4,3,7,-506.12053302718994,-0.047344,-1177.992565
DOM_04_038,-1,FMP_DOM,SKIN,0,1,1,0,0.333,1.0,5.0,213.0,40.8,135,69,58.0,0.0,24189,6424961.4,1948074.7,2,6,-506.12053302718994,-0.047344,-1177.992565
DOM_04_039,-1,FMP_DOM,SKIN,0,1,1,0,0.333,1.0,5.0,113.0,-143.0,136,72,-117.0,0.0,24372,6426542.0,1948117.9,4,8,-506.12053302718994,-0.047344,-1177.992565
DOM_04_040,-1,FMP_DOM,SKIN,0,1,1,0,0.333,1.0,5.0,126.0,-104.0,141,76,-81.1,0.0,25276,6429276.4,1946452.7,3,7,-506.12053302718994,-0.047344,-1177.992565
DOM_04_041,-1,FMP_DOM,SKIN,0,1,1,0,0.333,1.0,5.0,102.0,-142.0,143,80,-118.0,0.0,25640,6431497.8,1946197.1,4,7,-506.12053302718994,-0.047344,-1177.992565
DOM_04_042,-1,FMP_DOM,SKIN,0,1,1,0,0.333,1.0,5.0,122.0,-98.8,143,81,-76.7,0.0,25641,6431967.6,1946368.1,3,7,-506.12053302718994,-0.047344,-1177.992565
DOM_04_043,-1,FMP_DOM,SKIN,0,1,1,0,0.333,1.0,5.0,142.0,-54.9,143,83,-35.2,0.0,25643,6432907.3,1946710.1,3,6,-506.12053302718994,-0.047344,-1177.992565
DOM_04_044,-1,FMP_DOM,SKIN,0,1,1,0,0.333,1.0,5.0,157.0,-36.9,144,79,-17.5,0.0,25819,6431199.0,1945556.2,3,6,-506.12053302718994,-0.047344,-1177.992565
DOM_04_045,-1,FMP_DOM,SKIN,0,1,1,0,0.333,1.0,5.0,147.0,-56.7,146,79,-36.3,0.0,26179,6431541.0,1944616.5,3,6,-506.12053302718994,-0.047344,-1177.992565
DOM_04_046,-1,FMP_DOM,SKIN,0,1,1,0,0.333,1.0,5.0,139.0,-67.7,146,81,-47.0,0.0,26181,6432480.7,1944958.5,3,6,-506.12053302718994,-0.047344,-1177.992565
DOM_04_047,-1,FMP_DOM,SKIN,0,1,1,0,0.333,1.0,5.0,164.0,-16.0,146,82,1.99,0.0,26182,6432950.5,1945129.5,2,6,-506.12053302718994,-0.047344,-1177.992565
DOM_04_048,-1,FMP_DOM,SKIN,0,1,1,0,0.333,1.0,5.0,137.0,-249.0,149,69,-210.0,0.0,26709,6427355.5,1941496.9,4,9,-506.12053302718994,-0.047344,-1177.992565
DOM_04_049,-1,FMP_DOM,SKIN,0,1,1,0,0.333,1.0,5.0,168.0,-178.0,151,68,-143.0,0.0,27068,6427227.7,1940386.2,4,8,-506.12053302718994,-0.047344,-1177.992565
DOM_04_050,-1,FMP_DOM,SKIN,0,1,1,0,0.333,1.0,5.0,244.0,-48.6,152,64,-19.3,0.0,27244,6425519.3,1939232.3,2,7,-506.12053302718994,-0.047344,-1177.992565
DOM_04_051,-1,FMP_DOM,SKIN,0,1,1,0,0.333,1.0,5.0,116.0,-325.0,152,66,-281.0,0.0,27246,6426459.0,1939574.3,5,9,-506.12053302718994,-0.047344,-1177.992565
DOM_04_052,-1,FMP_DOM,SKIN,0,1,1,0,0.333,1.0,5.0,266.0,43.7,139,64,65.9,0.0,24904,6423296.2,1945340.3,1,6,-506.12053302718994,-0.047344,-1177.992565
DOM_04_053,-1,FMP_DOM,SKIN,0,1,1,0,0.333,1.0,5.0,197.0,-77.9,141,63,-50.4,0.0,25263,6423168.4,1944229.6,3,7,-506.12053302718994,-0.047344,-1177.992565
DOM_04_054,-1,FMP_DOM,SKIN,0,1,1,0,0.333,1.0,5.0,242.0,6.79,143,62,30.3,0.0,25622,6423040.6,1943118.9,3,7,-506.12053302718994,-0.047344,-1177.992565
DOM_04_055,-1,FMP_DOM,SKIN,0,1,1,0,0.333,1.0,5.0,212.0,-112.0,141,62,-80.0,0.0,25262,6422698.5,1944058.6,3,8,-506.12053302718994,-0.047344,-1177.992565
DOM_04_056,-1,FMP_DOM,SKIN,0,1,1,0,0.333,1.0,5.0,17.0,-64.5,112,69,-56.4,0.0,20049,6421028.2,1958881.2,6,7,-506.12053302718994,-0.047344,-1177.992565
DOM_04_057,-1,FMP_DOM,SKIN,0,1,1,0,0.333,1.0,5.0,31.2,-48.3,112,70,-40.4,0.0,20050,6421498.0,1959052.2,6,7,-506.12053302718994,-0.047344,-1177.992565
DOM_04_058,-1,FMP_DOM,SKIN,0,1,1,0,0.333,1.0,5.0,93.7,-2.28,113,69,7.33,0.0,20229,6421199.2,1958411.3,5,6,-506.12053302718994,-0.047344,-1177.992565
DOM_04_059,-1,FMP_DOM,SKIN,0,1,1,0,0.333,1.0,5.0,106.0,-61.1,154,80,-44.4,0.0,27620,6433378.9,1941028.8,4,6,-506.12053302718994,-0.047344,-1177.992565
DOM_04_060,-1,FMP_DOM,SKIN,0,1,1,0,0.333,1.0,5.0,145.0,9.33,154,81,22.9,0.0,27621,6433848.8,1941199.8,3,5,-506.12053302718994,-0.047344,-1177.992565
DOM_04_061,-1,FMP_DOM,SKIN,0,1,1,0,0.333,1.0,5.0,124.0,-25.6,154,82,-10.7,0.0,27622,6434318.6,1941370.8,3,6,-506.12053302718994,-0.047344,-1177.992565
DOM_04_062,-1,FMP_DOM,SKIN,0,1,1,0,0.333,1.0,5.0,56.2,-138.0,154,83,-118.0,0.0,27623,6434788.4,1941541.8,4,7,-506.12053302718994,-0.047344,-1177.992565
DOM_04_063,-1,FMP_DOM,SKIN,0,1,1,0,0.333,1.0,5.0,103.0,-64.9,155,80,-48.1,0.0,27800,6433549.9,1940558.9,4,6,-506.12053302718994,-0.047344,-1177.992565
DOM_04_064,-1,FMP_DOM,SKIN,0,1,1,0,0.333,1.0,5.0,131.0,-14.6,155,81,-0.0408,0.0,27801,6434019.8,1940729.9,3,6,-506.12053302718994,-0.047344,-1177.992565
DOM_04_065,-1,FMP_DOM,SKIN,0,1,1,0,0.333,1.0,5.0,-5.64,-243.0,156,84,-219.0,0.0,27984,6435600.3,1940773.1,5,8,-506.12053302718994,-0.047344,-1177.992565
DOM_04_066,-1,FMP_DOM,SKIN,0,1,1,0,0.333,1.0,5.0,123.0,-10.0,156,87,3.31,0.0,27987,6437009.8,1941286.1,3,5,-506.12053302718994,-0.047344,-1177.992565
DOM_04_067,-1,FMP_DOM,SKIN,0,1,1,0,0.333,1.0,5.0,127.0,-5.5,156,88,7.69,0.0,27988,6437479.7,1941457.1,3,5,-506.12053302718994,-0.047344,-1177.992565
DOM_04_068,-1,FMP_DOM,SKIN,0,1,1,0,0.333,1.0,5.0,39.4,-154.0,157,88,-135.0,0.0,28168,6437650.7,1940987.3,4,7,-506.12053302718994,-0.047344,-1177.992565
DOM_04_069,-1,FMP_DOM,SKIN,0,1,1,0,0.333,1.0,5.0,69.1,-119.0,158,80,-99.9,0.0,28340,6434062.9,1939149.4,4,7,-506.12053302718994,-0.047344,-1177.992565
DOM_04_070,-1,FMP_DOM,SKIN,0,1,1,0,0.333,1.0,5.0,-7.32,-241.0,158,85,-218.0,0.0,28345,6436412.2,1940004.4,5,8,-506.12053302718994,-0.047344,-1177.992565
DOM_04_071,-1,FMP_DOM,SKIN,0,1,1,0,0.333,1.0,5.0,48.1,-142.0,158,86,-123.0,0.0,28346,6436882.0,1940175.4,4,7,-506.12053302718994,-0.047344,-1177.992565
DOM_04_072,-1,FMP_DOM,SKIN,0,1,1,0,0.333,1.0,5.0,-15.8,-248.0,158,88,-225.0,0.0,28348,6437821.7,1940517.5,5,8,-506.12053302718994,-0.047344,-1177.992565
DOM_04_073,-1,FMP_DOM,SKIN,0,1,1,0,0.333,1.0,5.0,117.0,-19.8,158,89,-6.15,0.0,28349,6438291.6,1940688.5,3,5,-506.12053302718994,-0.047344,-1177.992565
DOM_04_074,-1,FMP_DOM,SKIN,0,1,1,0,0.333,1.0,5.0,64.6,-125.0,159,80,-106.0,0.0,28520,6434234.0,1938679.5,4,7,-506.12053302718994,-0.047344,-1177.992565
DOM_04_075,-1,FMP_DOM,SKIN,0,1,1,0,0.333,1.0,5.0,22.4,-195.0,159,83,-173.0,0.0,28523,6435643.5,1939192.6,5,8,-506.12053302718994,-0.047344,-1177.992565
DOM_04_076,-1,FMP_DOM,SKIN,0,1,1,0,0.333,1.0,5.0,47.8,-143.0,159,86,-124.0,0.0,28526,6437053.0,1939705.6,4,7,-506.12053302718994,-0.047344,-1177.992565
DOM_04_077,-1,FMP_DOM,SKIN,0,1,1,0,0.333,1.0,5.0,71.4,-99.3,159,87,-82.2,0.0,28527,6437522.9,1939876.6,4,7,-506.12053302718994,-0.047344,-1177.992565
DOM_04_078,-1,FMP_DOM,SKIN,0,1,1,0,0.333,1.0,5.0,138.0,1.86,160,79,15.5,0.0,28699,6433935.1,1938038.7,3,5,-506.12053302718994,-0.047344,-1177.992565
DOM_04_079,-1,FMP_DOM,SKIN,0,1,1,0,0.333,1.0,5.0,120.0,-24.3,160,83,-9.88,0.0,28703,6435814.5,1938722.7,3,6,-506.12053302718994,-0.047344,-1177.992565
DOM_04_080,-1,FMP_DOM,SKIN,0,1,1,0,0.333,1.0,5.0,38.1,-169.0,161,78,-149.0,0.0,28878,6433636.3,1937397.8,5,7,-506.12053302718994,-0.047344,-1177.992565
DOM_04_081,-1,FMP_DOM,SKIN,0,1,1,0,0.333,1.0,5.0,129.0,-2.83,161,86,10.3,0.0,28886,6437395.1,1938765.9,3,5,-506.12053302718994,-0.047344,-1177.992565
DOM_04_082,-1,FMP_DOM,SKIN,0,1,1,0,0.333,1.0,5.0,37.2,-168.0,162,78,-148.0,0.0,29058,6433807.3,1936928.0,5,7,-506.12053302718994,-0.047344,-1177.992565
DOM_04_083,-1,FMP_DOM,SKIN,0,1,1,0,0.333,1.0,5.0,101.0,-56.8,162,79,-41.0,0.0,29059,6434277.1,1937099.0,4,6,-506.12053302718994,-0.047344,-1177.992565
DOM_04_084,-1,FMP_DOM,SKIN,0,1,1,0,0.333,1.0,5.0,-22.3,-269.0,162,82,-244.0,0.0,29062,6435686.7,1937612.0,6,8,-506.12053302718994,-0.047344,-1177.992565
DOM_04_085,-1,FMP_DOM,SKIN,0,1,1,0,0.333,1.0,5.0,-10.2,-245.0,164,78,-222.0,0.0,29418,6434149.3,1935988.3,6,8,-506.12053302718994,-0.047344,-1177.992565
DOM_04_086,-1,FMP_DOM,SKIN,0,1,1,0,0.333,1.0,5.0,-21.2,-265.0,164,80,-241.0,0.0,29420,6435089.0,1936330.3,6,8,-506.12053302718994,-0.047344,-1177.992565
DOM_04_087,-1,FMP_DOM,SKIN,0,1,1,0,0.333,1.0,5.0,117.0,-23.0,165,80,-9.01,0.0,29600,6435260.0,1935860.4,3,6,-506.12053302718994,-0.047344,-1177.992565
DOM_04_088,-1,FMP_DOM,SKIN,0,1,1,0,0.333,1.0,5.0,142.0,-74.4,112,62,-52.7,0.0,20042,6417739.2,1957684.1,4,7,-506.12053302718994,-0.047344,-1177.992565
DOM_04_089,-1,FMP_DOM,SKIN,0,1,1,0,0.333,1.0,5.0,44.5,-217.0,112,65,-191.0,0.0,20045,6419148.8,1958197.2,6,8,-506.12053302718994,-0.047344,-1177.992565
DOM_04_090,-1,FMP_DOM,SKIN,0,1,1,0,0.333,1.0,5.0,65.5,-179.0,113,65,-155.0,0.0,20225,6419319.8,1957727.3,5,8,-506.12053302718994,-0.047344,-1177.992565
DOM_04_091,-1,FMP_DOM,SKIN,0,1,1,0,0.333,1.0,5.0,115.0,-96.4,113,66,-75.2,0.0,20226,6419789.6,1957898.3,4,7,-506.12053302718994,-0.047344,-1177.992565
DOM_04_092,-1,FMP_DOM,SKIN,0,1,1,0,0.333,1.0,5.0,58.6,-199.0,114,62,-173.0,0.0,20402,6418081.3,1956744.4,6,8,-506.12053302718994,-0.047344,-1177.992565
DOM_04_093,-1,FMP_DOM,SKIN,0,1,1,0,0.333,1.0,5.0,162.0,-29.7,114,64,-10.5,0.0,20404,6419021.0,1957086.4,4,7,-506.12053302718994,-0.047344,-1177.992565
DOM_04_094,-1,FMP_DOM,SKIN,0,1,1,0,0.333,1.0,5.0,23.4,-236.0,114,66,-210.0,0.0,20406,6419960.7,1957428.5,6,9,-506.12053302718994,-0.047344,-1177.992565
DOM_04_095,-1,FMP_DOM,SKIN,0,1,1,0,0.333,1.0,5.0,158.0,-29.5,114,67,-10.8,0.0,20407,6420430.5,1957599.5,3,7,-506.12053302718994,-0.047344,-1177.992565
DOM_04_096,-1,FMP_DOM,SKIN,0,1,1,0,0.333,1.0,5.0,165.0,-15.9,114,68,2.26,0.0,20408,6420900.3,1957770.5,3,6,-506.12053302718994,-0.047344,-1177.992565
DOM_04_097,-1,FMP_DOM,SKIN,0,1,1,0,0.333,1.0,5.0,53.2,-197.0,115,64,-172.0,0.0,20584,6419192.0,1956616.6,6,8,-506.12053302718994,-0.047344,-1177.992565
DOM_04_098,-1,FMP_DOM,SKIN,0,1,1,0,0.333,1.0,5.0,36.4,-216.0,115,66,-191.0,0.0,20586,6420131.7,1956958.6,6,8,-506.12053302718994,-0.047344,-1177.992565
DOM_04_099,-1,FMP_DOM,SKIN,0,1,1,0,0.333,1.0,5.0,176.0,-3.83,115,70,14.2,0.0,20590,6422011.0,1957642.7,3,6,-506.12053302718994,-0.047344,-1177.992565
DOM_04_100,-1,FMP_DOM,SKIN,0,1,1,0,0.333,1.0,5.0,43.4,-211.0,115,71,-186.0,0.0,20591,6422480.9,1957813.7,6,8,-506.12053302718994,-0.047344,-1177.992565
DOM_04_101,-1,FMP_DOM,SKIN,0,1,1,0,0.333,1.0,5.0,112.0,-117.0,116,62,-94.4,0.0,20762,6418423.3,1955804.7,5,8,-506.12053302718994,-0.047344,-1177.992565
DOM_04_102,-1,FMP_DOM,SKIN,0,1,1,0,0.333,1.0,5.0,194.0,14.4,116,64,32.4,0.0,20764,6419363.0,1956146.8,3,6,-506.12053302718994,-0.047344,-1177.992565
DOM_04_103,-1,FMP_DOM,SKIN,0,1,1,0,0.333,1.0,5.0,133.0,-81.3,117,62,-59.8,0.0,20942,6418594.3,1955334.9,4,7,-506.12053302718994,-0.047344,-1177.992565
DOM_04_104,-1,FMP_DOM,SKIN,0,1,1,0,0.333,1.0,5.0,67.0,-178.0,117,63,-153.0,0.0,20943,6419064.1,1955505.9,5,8,-506.12053302718994,-0.047344,-1177.992565
DOM_04_105,-1,FMP_DOM,SKIN,0,1,1,0,0.333,1.0,5.0,140.0,-68.2,117,64,-47.4,0.0,20944,6419534.0,1955676.9,4,7,-506.12053302718994,-0.047344,-1177.992565
DOM_04_106,-1,FMP_DOM,SKIN,0,1,1,0,0.333,1.0,5.0,110.0,-115.0,118,62,-92.7,0.0,21122,6418765.3,1954865.0,5,8,-506.12053302718994,-0.047344,-1177.992565
DOM_04_107,-1,FMP_DOM,SKIN,0,1,1,0,0.333,1.0,5.0,264.0,77.0,120,61,95.7,0.0,21481,6418637.5,1953754.3,1,5,-506.12053302718994,-0.047344,-1177.992565
DOM_04_108,-1,FMP_DOM,SKIN,0,1,1,0,0.333,1.0,5.0,248.0,74.5,120,63,91.9,0.0,21483,6419577.2,1954096.4,1,5,-506.12053302718994,-0.047344,-1177.992565
DOM_04_109,-1,FMP_DOM,SKIN,0,1,1,0,0.333,1.0,5.0,211.0,37.1,120,64,54.5,0.0,21484,6420047.0,1954267.4,2,6,-506.12053302718994,-0.047344,-1177.992565
DOM_04_110,-1,FMP_DOM,SKIN,0,1,1,0,0.333,1.0,5.0,11.0,-252.0,120,65,-225.0,0.0,21485,6420516.9,1954438.4,6,9,-506.12053302718994,-0.047344,-1177.992565
DOM_04_111,-1,FMP_DOM,SKIN,0,1,1,0,0.333,1.0,5.0,175.0,-59.9,121,61,-36.4,0.0,21661,6418808.5,1953284.5,3,7,-506.12053302718994,-0.047344,-1177.992565
DOM_04_112,-1,FMP_DOM,SKIN,0,1,1,0,0.333,1.0,5.0,170.0,-18.4,121,64,0.442,0.0,21664,6420218.0,1953797.5,3,6,-506.12053302718994,-0.047344,-1177.992565
DOM_04_113,-1,FMP_DOM,SKIN,0,1,1,0,0.333,1.0,5.0,159.0,-59.2,122,62,-37.3,0.0,21842,6419449.3,1952985.7,4,7,-506.12053302718994,-0.047344,-1177.992565
DOM_04_114,-1,FMP_DOM,SKIN,0,1,1,0,0.333,1.0,5.0,191.0,19.9,122,64,37.0,0.0,21844,6420389.0,1953327.7,2,6,-506.12053302718994,-0.047344,-1177.992565
DOM_04_115,-1,FMP_DOM,SKIN,0,1,1,0,0.333,1.0,5.0,97.6,-119.0,122,65,-97.4,0.0,21845,6420858.9,1953498.7,4,7,-506.12053302718994,-0.047344,-1177.992565
DOM_04_116,-1,FMP_DOM,SKIN,0,1,1,0,0.333,1.0,5.0,24.9,-232.0,123,64,-206.0,0.0,22024,6420560.1,1952857.8,6,8,-506.12053302718994,-0.047344,-1177.992565
DOM_04_117,-1,FMP_DOM,SKIN,0,1,1,0,0.333,1.0,5.0,61.9,-172.0,123,65,-149.0,0.0,22025,6421029.9,1953028.8,5,8,-506.12053302718994,-0.047344,-1177.992565
DOM_04_118,-1,FMP_DOM,SKIN,0,1,1,0,0.333,1.0,5.0,204.0,-10.7,113,60,10.8,0.0,20220,6416970.6,1956872.3,3,7,-506.12053302718994,-0.047344,-1177.992565
DOM_04_119,-1,FMP_DOM,SKIN,0,1,1,0,0.333,1.0,5.0,147.0,-123.0,114,60,-96.1,0.0,20400,6417141.6,1956402.4,4,8,-506.12053302718994,-0.047344,-1177.992565
DOM_04_120,-1,FMP_DOM,SKIN,0,1,1,0,0.333,1.0,5.0,110.0,-176.0,115,60,-147.0,0.0,20580,6417312.6,1955932.6,5,8,-506.12053302718994,-0.047344,-1177.992565
DOM_04_121,-1,FMP_DOM,SKIN,0,1,1,0,0.333,1.0,5.0,25.5,-122.0,115,73,-107.0,0.0,20593,6423420.6,1958155.7,6,8,-506.12053302718994,-0.047344,-1177.992565
DOM_04_122,-1,FMP_DOM,SKIN,0,1,1,0,0.333,1.0,5.0,80.0,-64.3,116,73,-49.9,0.0,20773,6423591.6,1957685.8,5,7,-506.12053302718994,-0.047344,-1177.992565
DOM_04_123,-1,FMP_DOM,SKIN,0,1,1,0,0.333,1.0,5.0,91.9,-50.5,116,74,-36.3,0.0,20774,6424061.4,1957856.9,5,7,-506.12053302718994,-0.047344,-1177.992565
DOM_04_124,-1,FMP_DOM,SKIN,0,1,1,0,0.333,1.0,5.0,64.3,-80.7,116,75,-66.2,0.0,20775,6424531.3,1958027.9,6,7,-506.12053302718994,-0.047344,-1177.992565
DOM_04_125,-1,FMP_DOM,SKIN,0,1,1,0,0.333,1.0,5.0,141.0,0.485,116,76,14.5,0.0,20776,6425001.1,1958198.9,4,6,-506.12053302718994,-0.047344,-1177.992565
DOM_04_126,-1,FMP_DOM,SKIN,0,1,1,0,0.333,1.0,5.0,165.0,25.0,117,74,39.0,0.0,20954,6424232.5,1957387.0,4,6,-506.12053302718994,-0.047344,-1177.992565
DOM_04_127,-1,FMP_DOM,SKIN,0,1,1,0,0.333,1.0,5.0,218.0,85.2,117,75,98.5,0.0,20955,6424702.3,1957558.0,2,5,-506.12053302718994,-0.047344,-1177.992565
DOM_04_128,-1,FMP_DOM,SKIN,0,1,1,0,0.333,1.0,5.0,92.7,-51.4,117,76,-37.0,0.0,20956,6425172.1,1957729.0,5,7,-506.12053302718994,-0.047344,-1177.992565
DOM_04_129,-1,FMP_DOM,SKIN,0,1,1,0,0.333,1.0,5.0,66.9,-81.0,118,75,-66.2,0.0,21135,6424873.3,1957088.2,5,7,-506.12053302718994,-0.047344,-1177.992565
DOM_04_130,-1,FMP_DOM,SKIN,0,1,1,0,0.333,1.0,5.0,80.3,-64.9,118,76,-50.4,0.0,21136,6425343.2,1957259.2,5,7,-506.12053302718994,-0.047344,-1177.992565
DOM_04_131,-1,FMP_DOM,SKIN,0,1,1,0,0.333,1.0,5.0,141.0,-1.17,119,76,13.0,0.0,21316,6425514.2,1956789.3,4,6,-506.12053302718994,-0.047344,-1177.992565
DOM_04_132,-1,FMP_DOM,SKIN,0,1,1,0,0.333,1.0,5.0,90.6,-49.8,122,70,-35.7,0.0,21850,6423208.1,1954353.7,4,7,-506.12053302718994,-0.047344,-1177.992565
DOM_04_133,-1,FMP_DOM,SKIN,0,1,1,0,0.333,1.0,5.0,52.7,-89.6,123,69,-75.4,0.0,22029,6422909.3,1953712.9,5,7,-506.12053302718994,-0.047344,-1177.992565
DOM_04_134,-1,FMP_DOM,SKIN,0,1,1,0,0.333,1.0,5.0,138.0,-164.0,124,66,-134.0,0.0,22206,6421670.8,1952730.0,3,8,-506.12053302718994,-0.047344,-1177.992565
DOM_04_135,-1,FMP_DOM,SKIN,0,1,1,0,0.333,1.0,5.0,297.0,-137.0,132,65,-93.8,0.0,23645,6422569.0,1948800.2,1,8,-506.12053302718994,-0.047344,-1177.992565
DOM_04_136,-1,FMP_DOM,SKIN,0,1,1,0,0.333,1.0,5.0,-122.0,-373.0,138,80,-348.0,0.0,24740,6430642.7,1948546.3,7,9,-506.12053302718994,-0.047344,-1177.992565
DOM_04_137,-1,FMP_DOM,SKIN,0,1,1,0,0.333,1.0,5.0,56.6,-85.7,113,74,-71.5,0.0,20234,6423548.4,1959266.4,6,7,-506.12053302718994,-0.047344,-1177.992565
DOM_04_138,-1,FMP_DOM,SKIN,0,1,1,0,0.333,1.0,5.0,-73.1,-227.0,115,74,-212.0,0.0,20594,6423890.4,1958326.7,7,8,-506.12053302718994,-0.047344,-1177.992565
DOM_05_001,-1,FMP_DOM,SKIN,0,1,1,0,0.333,1.0,5.0,53.5,-73.6,201,97,-60.9,0.0,36097,6449403.8,1921853.2,3,5,-420.86488822455067,-0.000364,-1071.788905
DOM_05_002,-1,FMP_DOM,SKIN,0,1,1,0,0.333,1.0,5.0,88.8,-40.7,190,91,-27.8,0.0,34111,6444703.6,1925995.4,2,5,-420.86488822455067,-0.000364,-1071.788905
DOM_05_003,-1,FMP_DOM,SKIN,0,1,1,0,0.333,1.0,5.0,106.0,12.3,191,90,21.6,0.0,34290,6444404.7,1925354.5,2,4,-420.86488822455067,-0.000364,-1071.788905
DOM_05_004,-1,FMP_DOM,SKIN,0,1,1,0,0.333,1.0,5.0,103.0,10.5,191,91,19.7,0.0,34291,6444874.6,1925525.6,2,4,-420.86488822455067,-0.000364,-1071.788905
DOM_05_005,-1,FMP_DOM,SKIN,0,1,1,0,0.333,1.0,5.0,79.4,-61.6,191,93,-47.5,0.0,34293,6445814.3,1925867.6,2,5,-420.86488822455067,-0.000364,-1071.788905
DOM_05_006,-1,FMP_DOM,SKIN,0,1,1,0,0.333,1.0,5.0,84.9,-59.1,193,89,-44.7,0.0,34649,6444276.9,1924243.8,2,5,-420.86488822455067,-0.000364,-1071.788905
DOM_05_007,-1,FMP_DOM,SKIN,0,1,1,0,0.333,1.0,5.0,62.6,-114.0,193,92,-96.5,0.0,34652,6445686.5,1924756.9,3,6,-420.86488822455067,-0.000364,-1071.788905
DOM_05_008,-1,FMP_DOM,SKIN,0,1,1,0,0.333,1.0,5.0,70.6,-83.0,195,93,-67.7,0.0,35013,6446498.3,1923988.2,3,6,-420.86488822455067,-0.000364,-1071.788905
DOM_05_009,-1,FMP_DOM,SKIN,0,1,1,0,0.333,1.0,5.0,89.0,-14.9,195,94,-4.48,0.0,35014,6446968.2,1924159.2,2,4,-420.86488822455067,-0.000364,-1071.788905
DOM_05_010,-1,FMP_DOM,SKIN,0,1,1,0,0.333,1.0,5.0,74.5,-90.3,196,91,-73.8,0.0,35191,6445729.6,1923176.3,3,6,-420.86488822455067,-0.000364,-1071.788905
DOM_05_011,-1,FMP_DOM,SKIN,0,1,1,0,0.333,1.0,5.0,98.9,0.789,200,94,10.6,0.0,35914,6447823.2,1921810.0,2,4,-420.86488822455067,-0.000364,-1071.788905
DOM_05_012,-1,FMP_DOM,SKIN,0,1,1,0,0.333,1.0,5.0,82.6,-51.9,202,94,-38.5,0.0,36274,6448165.2,1920870.3,2,5,-420.86488822455067,-0.000364,-1071.788905
DOM_05_013,-1,FMP_DOM,SKIN,0,1,1,0,0.333,1.0,5.0,89.2,64.2,188,90,66.7,0.0,33750,6443891.7,1926764.1,3,3,-420.86488767964045,-0.000182,-1071.788905
DOM_05_014,-1,FMP_DOM,SKIN,0,1,1,0,0.333,1.0,5.0,82.9,57.9,189,93,60.4,0.0,33933,6445472.3,1926807.3,2,3,-420.86488822455067,-0.000364,-1071.788905
DOM_05_015,-1,FMP_DOM,SKIN,0,1,1,0,0.333,1.0,5.0,77.9,52.9,189,94,55.4,0.0,33934,6445942.1,1926978.3,3,3,-422.12872247147124,-0.00698,-1071.788905
DOM_05_016,-1,FMP_DOM,SKIN,0,1,1,0,0.333,1.0,5.0,81.9,56.9,190,94,59.4,0.0,34114,6446113.1,1926508.4,2,3,-420.86488822455067,-0.000364,-1071.788905
DOM_05_017,-1,FMP_DOM,SKIN,0,1,1,0,0.333,1.0,5.0,98.5,-62.0,177,85,-46.0,0.0,31765,6439661.4,1931077.3,3,6,-420.86488822455067,-0.000364,-1071.788905
DOM_05_018,-1,FMP_DOM,SKIN,0,1,1,0,0.333,1.0,5.0,102.0,-30.2,179,89,-17.0,0.0,32129,6441882.8,1930821.7,2,5,-420.86488822455067,-0.000364,-1071.788905
DOM_05_019,-1,FMP_DOM,SKIN,0,1,1,0,0.333,1.0,5.0,126.0,42.8,180,89,51.1,0.0,32309,6442053.8,1930351.8,2,4,-420.86488822455067,-0.000364,-1071.788905
DOM_05_020,-1,FMP_DOM,SKIN,0,1,1,0,0.333,1.0,5.0,66.2,-146.0,181,89,-125.0,0.0,32489,6442224.8,1929882.0,3,7,-420.86488822455067,-0.000364,-1071.788905
DOM_05_021,-1,FMP_DOM,SKIN,0,1,1,0,0.333,1.0,5.0,88.5,-91.2,183,87,-73.3,0.0,32847,6441627.1,1928600.3,3,6,-420.86488822455067,-0.000364,-1071.788905
DOM_05_022,-1,FMP_DOM,SKIN,0,1,1,0,0.333,1.0,5.0,102.0,-32.0,183,89,-18.6,0.0,32849,6442566.8,1928942.3,2,5,-420.86488822455067,-0.000364,-1071.788905
DOM_05_023,-1,FMP_DOM,SKIN,0,1,1,0,0.333,1.0,5.0,97.0,-132.0,185,80,-109.0,0.0,33200,6438680.2,1926463.5,3,7,-420.86488822455067,-0.000364,-1071.788905
DOM_05_024,-1,FMP_DOM,SKIN,0,1,1,0,0.333,1.0,5.0,150.0,47.0,185,81,57.3,0.0,33201,6439150.1,1926634.5,2,4,-416.53284584730505,-0.000364,-1071.788905
DOM_05_025,-1,FMP_DOM,SKIN,0,1,1,0,0.333,1.0,5.0,117.0,-3.56,185,86,8.51,0.0,33206,6441499.3,1927489.6,2,5,-420.86488822455067,-0.000364,-1071.788905
DOM_05_026,-1,FMP_DOM,SKIN,0,1,1,0,0.333,1.0,5.0,87.2,-104.0,186,85,-84.8,0.0,33385,6441200.5,1926848.7,3,6,-420.86488822455067,-0.000364,-1071.788905
DOM_05_027,-1,FMP_DOM,SKIN,0,1,1,0,0.333,1.0,5.0,72.5,-139.0,187,86,-118.0,0.0,33566,6441841.3,1926549.9,3,7,-420.86488822455067,-0.000364,-1071.788905
DOM_05_028,-1,FMP_DOM,SKIN,0,1,1,0,0.333,1.0,5.0,116.0,23.8,187,89,33.1,0.0,33569,6443250.9,1927062.9,2,4,-420.86488822455067,-0.000364,-1071.788905
DOM_05_029,-1,FMP_DOM,SKIN,0,1,1,0,0.333,1.0,5.0,107.0,-202.0,168,74,-171.0,0.0,30134,6432954.0,1933424.8,3,8,-420.86488822455067,-0.000364,-1071.788905
DOM_05_030,-1,FMP_DOM,SKIN,0,1,1,0,0.333,1.0,5.0,144.0,-110.0,169,73,-84.9,0.0,30313,6432655.1,1932784.0,2,7,-420.86488822455067,-0.000364,-1071.788905
DOM_05_031,-1,FMP_DOM,SKIN,0,1,1,0,0.333,1.0,5.0,36.0,-357.0,168,86,-318.0,0.0,30146,6438592.1,1935477.0,4,9,-420.86488822455067,-0.000364,-1071.788905
DOM_05_032,-1,FMP_DOM,SKIN,0,1,1,0,0.333,1.0,5.0,61.4,-247.0,168,89,-216.0,0.0,30149,6440001.7,1935990.0,4,8,-420.86488822455067,-0.000364,-1071.788905
DOM_05_033,-1,FMP_DOM,SKIN,0,1,1,0,0.333,1.0,5.0,78.6,-178.0,169,88,-152.0,0.0,30328,6439702.8,1935349.1,3,7,-420.86488822455067,-0.000364,-1071.788905
DOM_05_034,-1,FMP_DOM,SKIN,0,1,1,0,0.333,1.0,5.0,80.2,-172.0,169,89,-147.0,0.0,30329,6440172.7,1935520.2,3,7,-420.86488822455067,-0.000364,-1071.788905
DOM_05_035,-1,FMP_DOM,SKIN,0,1,1,0,0.333,1.0,5.0,65.0,-224.0,170,88,-195.0,0.0,30508,6439873.8,1934879.3,3,8,-420.86488822455067,-0.000364,-1071.788905
DOM_05_036,-1,FMP_DOM,SKIN,0,1,1,0,0.333,1.0,5.0,95.2,-112.0,170,91,-91.7,0.0,30511,6441283.4,1935392.3,3,6,-420.86488822455067,-0.000364,-1071.788905
DOM_05_037,-1,FMP_DOM,SKIN,0,1,1,0,0.333,1.0,5.0,88.1,-144.0,170,92,-121.0,0.0,30512,6441753.2,1935563.3,3,7,-420.86488822455067,-0.000364,-1071.788905
DOM_05_038,-1,FMP_DOM,SKIN,0,1,1,0,0.333,1.0,5.0,109.0,-63.0,171,85,-45.8,0.0,30685,6438635.3,1933896.4,2,6,-420.86488822455067,-0.000364,-1071.788905
DOM_05_039,-1,FMP_DOM,SKIN,0,1,1,0,0.333,1.0,5.0,94.6,-113.0,171,86,-92.2,0.0,30686,6439105.2,1934067.4,3,6,-420.86488822455067,-0.000364,-1071.788905
DOM_05_040,-1,FMP_DOM,SKIN,0,1,1,0,0.333,1.0,5.0,51.0,-274.0,171,87,-241.0,0.0,30687,6439575.0,1934238.4,4,8,-420.86488822455067,-0.000364,-1071.788905
DOM_05_041,-1,FMP_DOM,SKIN,0,1,1,0,0.333,1.0,5.0,113.0,-44.8,171,91,-29.1,0.0,30691,6441454.4,1934922.5,2,5,-420.86488822455067,-0.000364,-1071.788905
DOM_05_042,-1,FMP_DOM,SKIN,0,1,1,0,0.333,1.0,5.0,108.0,-59.8,172,85,-43.0,0.0,30865,6438806.3,1933426.6,2,6,-420.86488822455067,-0.000364,-1071.788905
DOM_05_043,-1,FMP_DOM,SKIN,0,1,1,0,0.333,1.0,5.0,105.0,-71.4,174,85,-53.8,0.0,31225,6439148.3,1932486.9,2,6,-420.86488822455067,-0.000364,-1071.788905
DOM_05_044,-1,FMP_DOM,SKIN,0,1,1,0,0.333,1.0,5.0,43.3,-299.0,175,86,-265.0,0.0,31406,6439789.2,1932188.0,4,8,-420.86488822455067,-0.000364,-1071.788905
DOM_05_045,-1,FMP_DOM,SKIN,0,1,1,0,0.333,1.0,5.0,26.8,-346.0,177,89,-308.0,0.0,31769,6441540.8,1931761.4,4,9,-420.86488822455067,-0.000364,-1071.788905
DOM_05_046,-1,FMP_DOM,SKIN,0,1,1,0,0.333,1.0,5.0,77.6,-141.0,161,89,-119.0,0.0,28889,6438804.6,1939278.9,4,7,-420.86488822455067,-0.000364,-1071.788905
DOM_05_047,-1,FMP_DOM,SKIN,0,1,1,0,0.333,1.0,5.0,143.0,18.3,161,91,30.8,0.0,28891,6439744.3,1939620.9,2,5,-420.86488822455067,-0.000364,-1071.788905
DOM_05_048,-1,FMP_DOM,SKIN,0,1,1,0,0.333,1.0,5.0,119.0,-33.4,165,88,-18.1,0.0,29608,6439018.8,1937228.5,2,5,-420.86488822455067,-0.000364,-1071.788905
DOM_05_049,-1,FMP_DOM,SKIN,0,1,1,0,0.333,1.0,5.0,72.7,-146.0,165,89,-124.0,0.0,29609,6439488.6,1937399.5,4,7,-420.86488822455067,-0.000364,-1071.788905
DOM_05_050,-1,FMP_DOM,SKIN,0,1,1,0,0.333,1.0,5.0,66.1,-159.0,165,91,-137.0,0.0,29611,6440428.3,1937741.6,4,7,-420.86488822455067,-0.000364,-1071.788905
DOM_05_051,-1,FMP_DOM,SKIN,0,1,1,0,0.333,1.0,5.0,66.3,-156.0,165,92,-134.0,0.0,29612,6440898.2,1937912.6,4,7,-420.86488822455067,-0.000364,-1071.788905
DOM_05_052,-1,FMP_DOM,SKIN,0,1,1,0,0.333,1.0,5.0,32.6,-241.0,166,89,-213.0,0.0,29789,6439659.6,1936929.7,4,8,-420.86488822455067,-0.000364,-1071.788905
DOM_05_053,-1,FMP_DOM,SKIN,0,1,1,0,0.333,1.0,5.0,34.7,-238.0,167,87,-211.0,0.0,29967,6438891.0,1936117.8,4,8,-420.86488822455067,-0.000364,-1071.788905
DOM_05_054,-1,FMP_DOM,SKIN,0,1,1,0,0.333,1.0,5.0,111.0,-45.0,167,89,-29.4,0.0,29969,6439830.7,1936459.8,2,6,-420.86488822455067,-0.000364,-1071.788905
DOM_05_055,-1,FMP_DOM,SKIN,0,1,1,0,0.333,1.0,5.0,139.0,24.3,167,91,35.8,0.0,29971,6440770.3,1936801.9,1,4,-420.86488822455067,-0.000364,-1071.788905
DOM_05_056,-1,FMP_DOM,SKIN,0,1,1,0,0.333,1.0,5.0,79.7,-122.0,167,92,-101.0,0.0,29972,6441240.2,1936972.9,3,7,-420.86488822455067,-0.000364,-1071.788905
DOM_05_057,-1,FMP_DOM,SKIN,0,1,1,0,0.333,1.0,5.0,59.5,-168.0,168,90,-145.0,0.0,30150,6440471.5,1936161.0,4,7,-420.86488822455067,-0.000364,-1071.788905
DOM_05_058,-1,FMP_DOM,SKIN,0,1,1,0,0.333,1.0,5.0,53.6,-184.0,168,92,-160.0,0.0,30152,6441411.2,1936503.0,4,7,-420.86488822455067,-0.000364,-1071.788905
DOM_05_059,-1,FMP_DOM,SKIN,0,1,1,0,0.333,1.0,5.0,104.0,-158.0,166,82,-132.0,0.0,29782,6436370.7,1935732.6,3,7,-420.86488822455067,-0.000364,-1071.788905
DOM_05_060,-1,FMP_DOM,SKIN,0,1,1,0,0.333,1.0,5.0,94.4,-211.0,167,77,-181.0,0.0,29957,6434192.5,1934407.7,3,8,-420.86488822455067,-0.000364,-1071.788905
DOM_05_061,-1,FMP_DOM,SKIN,0,1,1,0,0.333,1.0,5.0,101.0,-182.0,167,78,-153.0,0.0,29958,6434662.3,1934578.7,3,7,-420.86488822455067,-0.000364,-1071.788905
DOM_05_062,-1,FMP_DOM,SKIN,0,1,1,0,0.333,1.0,5.0,87.6,-215.0,167,79,-185.0,0.0,29959,6435132.2,1934749.7,4,8,-420.86488822455067,-0.000364,-1071.788905
DOM_05_063,-1,FMP_DOM,SKIN,0,1,1,0,0.333,1.0,5.0,48.4,-334.0,167,81,-296.0,0.0,29961,6436071.9,1935091.8,4,9,-420.86488822455067,-0.000364,-1071.788905
DOM_05_064,-1,FMP_DOM,SKIN,0,1,1,0,0.333,1.0,5.0,68.8,-265.0,167,82,-232.0,0.0,29962,6436541.7,1935262.8,4,8,-420.86488822455067,-0.000364,-1071.788905
DOM_05_065,-1,FMP_DOM,SKIN,0,1,1,0,0.333,1.0,5.0,128.0,-115.0,168,75,-90.5,0.0,30135,6433423.8,1933595.9,3,7,-420.86488822455067,-0.000364,-1071.788905
DOM_05_066,-1,FMP_DOM,SKIN,0,1,1,0,0.333,1.0,5.0,92.5,-210.0,168,77,-180.0,0.0,30137,6434363.5,1933937.9,3,8,-420.86488822455067,-0.000364,-1071.788905
DOM_05_067,-1,FMP_DOM,SKIN,0,1,1,0,0.333,1.0,5.0,98.1,-185.0,168,78,-157.0,0.0,30138,6434833.4,1934108.9,3,7,-420.86488822455067,-0.000364,-1071.788905
DOM_05_068,-1,FMP_DOM,SKIN,0,1,1,0,0.333,1.0,5.0,58.6,-289.0,168,82,-254.0,0.0,30142,6436712.7,1934792.9,4,8,-420.86488822455067,-0.000364,-1071.788905
DOM_05_069,-1,FMP_DOM,SKIN,0,1,1,0,0.333,1.0,5.0,97.9,-164.0,169,80,-138.0,0.0,30320,6435944.1,1933981.1,3,7,-420.86488822455067,-0.000364,-1071.788905
DOM_05_070,-1,FMP_DOM,SKIN,0,1,1,0,0.333,1.0,5.0,90.9,-171.0,170,83,-145.0,0.0,30503,6437524.6,1934024.2,3,7,-420.86488822455067,-0.000364,-1071.788905
DOM_05_071,-1,FMP_DOM,SKIN,0,1,1,0,0.333,1.0,5.0,94.7,-163.0,170,84,-137.0,0.0,30504,6437994.5,1934195.3,3,7,-420.86488822455067,-0.000364,-1071.788905
DOM_05_072,-1,FMP_DOM,SKIN,0,1,1,0,0.333,1.0,5.0,148.0,-172.0,171,75,-140.0,0.0,30675,6433936.8,1932186.3,2,7,-420.86488822455067,-0.000364,-1071.788905
DOM_05_073,-1,FMP_DOM,SKIN,0,1,1,0,0.333,1.0,5.0,127.0,-79.6,171,77,-59.0,0.0,30677,6434876.5,1932528.3,2,6,-420.86488822455067,-0.000364,-1071.788905
DOM_05_074,-1,FMP_DOM,SKIN,0,1,1,0,0.333,1.0,5.0,96.6,-158.0,171,80,-132.0,0.0,30680,6436286.1,1933041.4,3,7,-420.86488822455067,-0.000364,-1071.788905
DOM_05_075,-1,FMP_DOM,SKIN,0,1,1,0,0.333,1.0,5.0,42.1,-328.0,171,83,-291.0,0.0,30683,6437695.6,1933554.4,4,9,-420.86488822455067,-0.000364,-1071.788905
DOM_05_076,-1,FMP_DOM,SKIN,0,1,1,0,0.333,1.0,5.0,137.0,-88.0,172,75,-65.5,0.0,30855,6434107.9,1931716.5,2,6,-420.86488822455067,-0.000364,-1071.788905
DOM_05_077,-1,FMP_DOM,SKIN,0,1,1,0,0.333,1.0,5.0,81.4,-213.0,172,78,-184.0,0.0,30858,6435517.4,1932229.5,3,8,-420.86488822455067,-0.000364,-1071.788905
DOM_05_078,-1,FMP_DOM,SKIN,0,1,1,0,0.333,1.0,5.0,74.2,-230.0,172,79,-200.0,0.0,30859,6435987.2,1932400.5,3,8,-420.86488822455067,-0.000364,-1071.788905
DOM_05_079,-1,FMP_DOM,SKIN,0,1,1,0,0.333,1.0,5.0,90.0,-164.0,172,82,-138.0,0.0,30862,6437396.8,1932913.5,3,7,-420.86488822455067,-0.000364,-1071.788905
DOM_05_080,-1,FMP_DOM,SKIN,0,1,1,0,0.333,1.0,5.0,136.0,-23.0,173,78,-7.15,0.0,31038,6435688.4,1931759.7,2,5,-420.86488822455067,-0.000364,-1071.788905
DOM_05_081,-1,FMP_DOM,SKIN,0,1,1,0,0.333,1.0,5.0,234.0,-121.0,199,79,-85.7,0.0,35719,6440604.5,1919714.7,1,7,-420.86488822455067,-0.000364,-1071.788905
DOM_05_082,-1,FMP_DOM,SKIN,0,1,1,0,0.333,1.0,5.0,210.0,-96.9,200,79,-66.2,0.0,35899,6440775.5,1919244.8,1,7,-420.86488822455067,-0.000364,-1071.788905
DOM_05_083,-1,FMP_DOM,SKIN,0,1,1,0,0.333,1.0,5.0,151.0,-70.6,202,84,-48.5,0.0,36264,6443466.8,1919160.2,1,6,-420.86488822455067,-0.000364,-1071.788905
DOM_05_084,-1,FMP_DOM,SKIN,0,1,1,0,0.333,1.0,5.0,-28.9,-295.0,206,95,-269.0,0.0,36995,6449319.1,1919161.9,5,8,-420.86488822455067,-0.000364,-1071.788905
DOM_05_085,-1,FMP_DOM,SKIN,0,1,1,0,0.333,1.0,5.0,-31.0,-296.0,208,99,-270.0,0.0,37359,6451540.5,1918906.2,5,8,-420.86488822455067,-0.000364,-1071.788905
DOM_05_086,-1,FMP_DOM,SKIN,0,1,1,0,0.333,1.0,5.0,-29.5,-294.0,209,98,-268.0,0.0,37538,6451241.7,1918265.4,5,8,-420.86488822455067,-0.000364,-1071.788905
DOM_05_087,-1,FMP_DOM,SKIN,0,1,1,0,0.333,1.0,5.0,-18.5,-281.0,211,101,-255.0,0.0,37901,6452993.3,1917838.7,4,8,-420.86488822455067,-0.000364,-1071.788905
DOM_05_088,-1,FMP_DOM,SKIN,0,1,1,0,0.333,1.0,5.0,57.1,-200.0,213,102,-174.0,0.0,38262,6453805.1,1917070.0,2,7,-420.86488822455067,-0.000364,-1071.788905
DOM_05_089,-1,FMP_DOM,SKIN,0,1,1,0,0.333,1.0,5.0,35.4,-195.0,202,91,-172.0,0.0,36271,6446755.7,1920357.2,4,7,-420.86488822455067,-0.000364,-1071.788905
DOM_05_090,-1,FMP_DOM,SKIN,0,1,1,0,0.333,1.0,5.0,-40.3,-319.0,202,92,-291.0,0.0,36272,6447225.5,1920528.3,5,8,-420.86488822455067,-0.000364,-1071.788905
DOM_05_091,-1,FMP_DOM,SKIN,0,1,1,0,0.333,1.0,5.0,-36.6,-320.0,203,90,-291.0,0.0,36450,6446456.9,1919716.4,5,8,-420.86488822455067,-0.000364,-1071.788905
DOM_05_092,-1,FMP_DOM,SKIN,0,1,1,0,0.333,1.0,5.0,55.2,-160.0,203,91,-139.0,0.0,36451,6446926.7,1919887.4,3,7,-420.86488822455067,-0.000364,-1071.788905
DOM_05_093,-1,FMP_DOM,SKIN,0,1,1,0,0.333,1.0,5.0,59.7,-151.0,204,91,-130.0,0.0,36631,6447097.7,1919417.6,3,7,-420.86488822455067,-0.000364,-1071.788905
DOM_05_094,-1,FMP_DOM,SKIN,0,1,1,0,0.333,1.0,5.0,33.5,-192.0,204,92,-170.0,0.0,36632,6447567.6,1919588.6,4,7,-420.86488822455067,-0.000364,-1071.788905
DOM_05_095,-1,FMP_DOM,SKIN,0,1,1,0,0.333,1.0,5.0,3.51,-234.0,205,95,-210.0,0.0,36815,6449148.1,1919631.7,4,7,-420.86488822455067,-0.000364,-1071.788905
DOM_05_096,-1,FMP_DOM,SKIN,0,1,1,0,0.333,1.0,5.0,91.4,-81.6,188,85,-64.3,0.0,33745,6441542.5,1925909.0,3,6,-420.86488822455067,-0.000364,-1071.788905
DOM_05_097,-1,FMP_DOM,SKIN,0,1,1,0,0.333,1.0,5.0,93.3,-95.3,189,80,-76.4,0.0,33920,6439364.3,1924584.1,3,6,-420.86488822455067,-0.000364,-1071.788905
DOM_05_098,-1,FMP_DOM,SKIN,0,1,1,0,0.333,1.0,5.0,50.9,-155.0,189,81,-134.0,0.0,33921,6439834.1,1924755.1,4,7,-420.86488822455067,-0.000364,-1071.788905
DOM_05_099,-1,FMP_DOM,SKIN,0,1,1,0,0.333,1.0,5.0,-28.4,-264.0,189,84,-241.0,0.0,33924,6441243.6,1925268.2,5,8,-420.86488822455067,-0.000364,-1071.788905
DOM_05_100,-1,FMP_DOM,SKIN,0,1,1,0,0.333,1.0,5.0,85.0,-90.3,189,85,-72.8,0.0,33925,6441713.5,1925439.2,3,6,-420.86488822455067,-0.000364,-1071.788905
DOM_05_101,-1,FMP_DOM,SKIN,0,1,1,0,0.333,1.0,5.0,-4.31,-222.0,189,86,-200.0,0.0,33926,6442183.3,1925610.2,5,8,-420.86488822455067,-0.000364,-1071.788905
DOM_05_102,-1,FMP_DOM,SKIN,0,1,1,0,0.333,1.0,5.0,86.4,-82.5,189,87,-65.6,0.0,33927,6442653.2,1925781.2,3,6,-420.86488822455067,-0.000364,-1071.788905
DOM_05_103,-1,FMP_DOM,SKIN,0,1,1,0,0.333,1.0,5.0,131.0,-52.3,190,79,-33.9,0.0,34099,6439065.4,1923943.3,3,6,-420.86488822455067,-0.000364,-1071.788905
DOM_05_104,-1,FMP_DOM,SKIN,0,1,1,0,0.333,1.0,5.0,-12.1,-241.0,190,83,-218.0,0.0,34103,6440944.8,1924627.3,5,8,-420.86488822455067,-0.000364,-1071.788905
DOM_05_105,-1,FMP_DOM,SKIN,0,1,1,0,0.333,1.0,5.0,-32.7,-266.0,190,85,-243.0,0.0,34105,6441884.5,1924969.3,5,8,-420.86488822455067,-0.000364,-1071.788905
DOM_05_106,-1,FMP_DOM,SKIN,0,1,1,0,0.333,1.0,5.0,63.0,-175.0,191,78,-151.0,0.0,34278,6438766.6,1923302.4,4,7,-420.86488822455067,-0.000364,-1071.788905
DOM_05_107,-1,FMP_DOM,SKIN,0,1,1,0,0.333,1.0,5.0,124.0,-36.2,191,82,-20.2,0.0,34282,6440646.0,1923986.5,2,6,-420.86488822455067,-0.000364,-1071.788905
DOM_05_108,-1,FMP_DOM,SKIN,0,1,1,0,0.333,1.0,5.0,101.0,-67.6,191,83,-50.7,0.0,34283,6441115.8,1924157.5,3,6,-420.86488822455067,-0.000364,-1071.788905
DOM_05_109,-1,FMP_DOM,SKIN,0,1,1,0,0.333,1.0,5.0,108.0,-53.2,191,85,-37.1,0.0,34285,6442055.5,1924499.5,2,6,-420.86488822455067,-0.000364,-1071.788905
DOM_05_110,-1,FMP_DOM,SKIN,0,1,1,0,0.333,1.0,5.0,77.3,-93.3,191,87,-76.2,0.0,34287,6442995.2,1924841.5,3,6,-420.86488822455067,-0.000364,-1071.788905
DOM_05_111,-1,FMP_DOM,SKIN,0,1,1,0,0.333,1.0,5.0,-0.192,-220.0,192,83,-198.0,0.0,34463,6441286.8,1923687.6,5,8,-420.86488822455067,-0.000364,-1071.788905
DOM_05_112,-1,FMP_DOM,SKIN,0,1,1,0,0.333,1.0,5.0,101.0,-61.6,192,85,-45.4,0.0,34465,6442226.5,1924029.6,3,6,-420.86488822455067,-0.000364,-1071.788905
DOM_05_113,-1,FMP_DOM,SKIN,0,1,1,0,0.333,1.0,5.0,143.0,-22.2,193,80,-5.65,0.0,34640,6440048.3,1922704.8,2,5,-420.86488822455067,-0.000364,-1071.788905
DOM_05_114,-1,FMP_DOM,SKIN,0,1,1,0,0.333,1.0,5.0,114.0,-125.0,197,80,-101.0,0.0,35360,6440732.3,1920825.4,3,7,-420.86488822455067,-0.000364,-1071.788905
DOM_05_115,-1,FMP_DOM,SKIN,0,1,1,0,0.333,1.0,5.0,41.8,-163.0,174,76,-143.0,0.0,31216,6434919.7,1930947.8,4,7,-420.86488822455067,-0.000364,-1071.788905
DOM_05_116,-1,FMP_DOM,SKIN,0,1,1,0,0.333,1.0,5.0,1.4,-315.0,174,77,-284.0,0.0,31217,6435389.6,1931118.8,5,9,-420.86488822455067,-0.000364,-1071.788905
DOM_05_117,-1,FMP_DOM,SKIN,0,1,1,0,0.333,1.0,5.0,122.0,-120.0,176,75,-95.5,0.0,31575,6434791.9,1929837.1,2,7,-420.86488822455067,-0.000364,-1071.788905
DOM_05_118,-1,FMP_DOM,SKIN,0,1,1,0,0.333,1.0,5.0,51.5,-218.0,177,78,-191.0,0.0,31758,6436372.4,1929880.3,4,8,-420.86488822455067,-0.000364,-1071.788905
DOM_05_119,-1,FMP_DOM,SKIN,0,1,1,0,0.333,1.0,5.0,54.9,-112.0,177,80,-95.3,0.0,31760,6437312.1,1930222.3,4,7,-420.86488822455067,-0.000364,-1071.788905
DOM_05_120,-1,FMP_DOM,SKIN,0,1,1,0,0.333,1.0,5.0,27.5,-247.0,179,81,-220.0,0.0,32121,6438124.0,1929453.6,5,8,-420.86488822455067,-0.000364,-1071.788905
DOM_05_121,-1,FMP_DOM,SKIN,0,1,1,0,0.333,1.0,5.0,103.0,-209.0,186,77,-178.0,0.0,33377,6437441.7,1925480.6,4,8,-420.86488822455067,-0.000364,-1071.788905
DOM_05_122,-1,FMP_DOM,SKIN,0,1,1,0,0.333,1.0,5.0,72.5,-236.0,188,78,-206.0,0.0,33738,6438253.6,1924712.0,4,8,-420.86488822455067,-0.000364,-1071.788905
DOM_05_123,-1,FMP_DOM,SKIN,0,1,1,0,0.333,1.0,5.0,142.0,-171.0,190,78,-140.0,0.0,34098,6438595.6,1923772.3,2,7,-420.86488822455067,-0.000364,-1071.788905
DOM_06_001,-1,FMP_DOM,SKIN,0,1,1,0,0.333,1.0,5.0,98.8,-129.0,142,84,-106.0,0.0,25464,6433206.2,1947351.0,4,7,-626.4219262048192,-0.000382,-1866.778025
DOM_06_002,-1,FMP_DOM,SKIN,0,1,1,0,0.333,1.0,5.0,145.0,-19.1,143,85,-2.69,0.0,25645,6433847.0,1947052.1,2,6,-626.4219262048192,-0.000382,-1866.778025
DOM_06_003,-1,FMP_DOM,SKIN,0,1,1,0,0.333,1.0,5.0,155.0,0.282,144,86,15.7,0.0,25826,6434487.9,1946753.3,2,6,-626.4219262048192,-0.000382,-1866.778025
DOM_06_004,-1,FMP_DOM,SKIN,0,1,1,0,0.333,1.0,5.0,153.0,9.88,151,91,24.2,0.0,27091,6438034.2,1944319.4,2,5,-626.4219262048192,-0.000382,-1866.778025
DOM_06_005,-1,FMP_DOM,SKIN,0,1,1,0,0.333,1.0,5.0,178.0,51.2,152,91,63.9,0.0,27271,6438205.2,1943849.6,1,4,-626.4219262048192,-0.000382,-1866.778025
DOM_06_006,-1,FMP_DOM,SKIN,0,1,1,0,0.333,1.0,5.0,132.0,-18.9,158,93,-3.87,0.0,28353,6440170.9,1941372.5,2,5,-626.4219262048192,-0.000382,-1866.778025
DOM_06_007,-1,FMP_DOM,SKIN,0,1,1,0,0.333,1.0,5.0,83.6,-198.0,162,98,-170.0,0.0,29078,6443204.2,1940348.2,4,8,-626.4219262048192,-0.000382,-1866.778025
DOM_06_008,-1,FMP_DOM,SKIN,0,1,1,0,0.333,1.0,5.0,90.0,-100.0,167,97,-81.1,0.0,29977,6443589.4,1937827.9,3,6,-626.4219262048192,-0.000382,-1866.778025
DOM_06_009,-1,FMP_DOM,SKIN,0,1,1,0,0.333,1.0,5.0,305.0,9.85,136,62,39.4,0.0,24362,6421843.5,1946407.8,1,6,-626.4219262048192,-0.000382,-1866.778025
DOM_06_010,-1,FMP_DOM,SKIN,0,1,1,0,0.333,1.0,5.0,327.0,-16.2,140,58,18.1,0.0,25078,6420648.1,1943844.4,1,7,-626.4219262048192,-0.000382,-1866.778025
DOM_06_011,-1,FMP_DOM,SKIN,0,1,1,0,0.333,1.0,5.0,414.0,142.0,140,59,169.0,0.0,25079,6421118.0,1944015.4,1,5,-605.6274649668674,-0.000382,-1636.039045
DOM_06_012,-1,FMP_DOM,SKIN,0,1,1,0,0.333,1.0,5.0,277.0,-3.47,144,61,24.6,0.0,25801,6422741.7,1942478.0,2,7,-626.4219262048192,-0.000382,-1866.778025
DOM_06_013,-1,FMP_DOM,SKIN,0,1,1,0,0.333,1.0,5.0,105.0,-100.0,149,95,-79.7,0.0,26735,6439571.5,1945943.1,4,7,-626.4219262048192,-0.000382,-1866.778025
DOM_06_014,-1,FMP_DOM,SKIN,0,1,1,0,0.333,1.0,5.0,129.0,-73.0,154,93,-52.8,0.0,27633,6439486.9,1943251.9,2,6,-626.4219262048192,-0.000382,-1866.778025
DOM_06_015,-1,FMP_DOM,SKIN,0,1,1,0,0.333,1.0,5.0,23.1,-184.0,154,94,-163.0,0.0,27634,6439956.8,1943422.9,5,8,-626.4219262048192,-0.000382,-1866.778025
DOM_06_016,-1,FMP_DOM,SKIN,0,1,1,0,0.333,1.0,5.0,-2.77,-209.0,155,92,-189.0,0.0,27812,6439188.1,1942611.0,5,8,-626.4219262048192,-0.000382,-1866.778025
DOM_06_017,-1,FMP_DOM,SKIN,0,1,1,0,0.333,1.0,5.0,147.0,-56.2,156,95,-35.9,0.0,27995,6440768.6,1942654.2,2,6,-626.4219262048192,-0.000382,-1866.778025
DOM_06_018,-1,FMP_DOM,SKIN,0,1,1,0,0.333,1.0,5.0,74.4,-17.2,110,69,-8.08,0.0,19689,6420686.2,1959820.9,5,6,-626.4219262048192,-0.000382,-1866.778025
DOM_06_019,-1,FMP_DOM,SKIN,0,1,1,0,0.333,1.0,5.0,79.6,-13.5,111,69,-4.16,0.0,19869,6420857.2,1959351.0,5,6,-626.4219262048192,-0.000382,-1866.778025
DOM_06_020,-1,FMP_DOM,SKIN,0,1,1,0,0.333,1.0,5.0,60.9,-181.0,115,69,-157.0,0.0,20589,6421541.2,1957471.7,5,8,-626.4219262048192,-0.000382,-1866.778025
DOM_06_021,-1,FMP_DOM,SKIN,0,1,1,0,0.333,1.0,5.0,139.0,-54.8,117,67,-35.4,0.0,20947,6420943.5,1956189.9,4,7,-626.4219262048192,-0.000382,-1866.778025
DOM_06_022,-1,FMP_DOM,SKIN,0,1,1,0,0.333,1.0,5.0,92.4,-111.0,183,76,-90.7,0.0,32836,6436458.8,1926719.2,4,7,-626.4219262048192,-0.000382,-1866.778025
DOM_06_023,-1,FMP_DOM,SKIN,0,1,1,0,0.333,1.0,5.0,66.6,-216.0,164,103,-188.0,0.0,29443,6445895.5,1940263.5,4,8,-626.4219262048192,-0.000382,-1866.778025
DOM_06_024,-1,FMP_DOM,SKIN,0,1,1,0,0.333,1.0,5.0,257.0,114.0,140,84,128.0,0.0,25104,6432864.1,1948290.6,1,4,-316.0334673253014,-0.000382,-1334.925805
DOM_06_025,-1,FMP_DOM,SKIN,0,1,1,0,0.333,1.0,5.0,42.0,-85.2,141,83,-72.5,0.0,25283,6432565.3,1947649.8,5,7,-626.4219262048192,-0.000382,-1866.778025
DOM_06_026,-1,FMP_DOM,SKIN,0,1,1,0,0.333,1.0,5.0,33.6,-143.0,141,84,-125.0,0.0,25284,6433035.2,1947820.8,5,7,-626.4219262048192,-0.000382,-1866.778025
DOM_06_027,-1,FMP_DOM,SKIN,0,1,1,0,0.333,1.0,5.0,179.0,38.0,136,87,52.1,0.0,24387,6433589.6,1950683.1,3,6,-626.4219262048192,-0.000382,-1866.778025
DOM_06_028,-1,FMP_DOM,SKIN,0,1,1,0,0.333,1.0,5.0,456.0,312.0,136,89,326.0,0.0,24389,6434529.3,1951025.1,1,1,-93.5683006,-0.110951,-426.007005
DOM_06_029,-1,FMP_DOM,SKIN,0,1,1,0,0.333,1.0,5.0,392.0,245.0,136,91,260.0,0.0,24391,6435469.0,1951367.1,1,1,-237.38142966666666,-0.007737,-1044.05349
DOM_06_030,-1,FMP_DOM,SKIN,0,1,1,0,0.333,1.0,5.0,74.4,-66.0,137,87,-52.0,0.0,24567,6433760.7,1950213.2,5,7,-626.4219262048192,-0.000382,-1866.778025
DOM_06_031,-1,FMP_DOM,SKIN,0,1,1,0,0.333,1.0,5.0,335.0,191.0,137,91,206.0,0.0,24571,6435640.0,1950897.3,1,3,-98.49344786238527,-0.000382,-1044.05349
DOM_06_032,-1,FMP_DOM,SKIN,0,1,1,0,0.333,1.0,5.0,319.0,172.0,138,87,187.0,0.0,24747,6433931.7,1949743.4,1,3,-59.36428371818182,-0.000382,-1044.05349
DOM_06_033,-1,FMP_DOM,SKIN,0,1,1,0,0.333,1.0,5.0,189.0,47.5,138,88,61.6,0.0,24748,6434401.5,1949914.4,3,5,-626.4219262048192,-0.000382,-1866.778025
DOM_06_034,-1,FMP_DOM,SKIN,0,1,1,0,0.333,1.0,5.0,461.0,315.0,139,90,329.0,0.0,24930,6435512.2,1949786.6,1,1,,,
DOM_06_035,-1,FMP_DOM,SKIN,0,1,1,0,0.333,1.0,5.0,105.0,-36.0,140,85,-22.0,0.0,25105,6433334.0,1948461.7,4,6,-626.4219262048192,-0.000382,-1866.778025
DOM_06_036,-1,FMP_DOM,SKIN,0,1,1,0,0.333,1.0,5.0,293.0,146.0,141,87,160.0,0.0,25287,6434444.7,1948333.8,1,3,-95.3271467831325,-0.000382,-1044.05349
DOM_06_037,-1,FMP_DOM,SKIN,0,1,1,0,0.333,1.0,5.0,134.0,-11.4,142,85,3.12,0.0,25465,6433676.0,1947522.0,3,6,-626.4219262048192,-0.000382,-1866.778025
DOM_06_038,-1,FMP_DOM,SKIN,0,1,1,0,0.333,1.0,5.0,269.0,125.0,142,86,139.0,0.0,25466,6434145.9,1947693.0,1,3,-226.88524193072297,-0.000382,-1044.05349
DOM_07_001,-1,FMP_DOM,SKIN,0,1,1,0,0.333,1.0,5.0,20.4,-164.0,235,113,-146.0,0.0,42233,6462735.6,1908614.5,3,6,-401.19443017665617,-0.028546,-1302.983485
DOM_07_002,-1,FMP_DOM,SKIN,0,1,1,0,0.333,1.0,5.0,22.4,-161.0,240,110,-143.0,0.0,43130,6462181.2,1905752.3,2,6,-401.19443017665617,-0.028546,-1302.983485
DOM_07_003,-1,FMP_DOM,SKIN,0,1,1,0,0.333,1.0,5.0,44.6,-71.6,243,109,-60.0,0.0,43669,6462224.3,1904171.7,2,5,-401.19443017665617,-0.028546,-1302.983485
DOM_07_004,-1,FMP_DOM,SKIN,0,1,1,0,0.333,1.0,5.0,34.3,-98.8,244,108,-85.5,0.0,43848,6461925.5,1903530.9,2,5,-401.19443017665617,-0.028546,-1302.983485
DOM_07_005,-1,FMP_DOM,SKIN,0,1,1,0,0.333,1.0,5.0,8.3,-183.0,244,109,-164.0,0.0,43849,6462395.4,1903701.9,3,6,-401.19443017665617,-0.028546,-1302.983485
DOM_07_006,-1,FMP_DOM,SKIN,0,1,1,0,0.333,1.0,5.0,30.6,-113.0,244,110,-98.8,0.0,43850,6462865.2,1903872.9,2,5,-401.19443017665617,-0.028546,-1302.983485
DOM_07_007,-1,FMP_DOM,SKIN,0,1,1,0,0.333,1.0,5.0,96.2,22.4,194,100,29.8,0.0,34840,6449616.2,1925655.1,2,4,-401.19443017665617,-0.028546,-1302.983485
DOM_07_008,-1,FMP_DOM,SKIN,0,1,1,0,0.333,1.0,5.0,67.1,-48.8,195,100,-37.2,0.0,35020,6449787.2,1925185.3,3,5,-401.19443017665617,-0.028546,-1302.983485
DOM_07_009,-1,FMP_DOM,SKIN,0,1,1,0,0.333,1.0,5.0,64.5,-53.6,195,101,-41.8,0.0,35021,6450257.1,1925356.3,3,5,-401.19443017665617,-0.028546,-1302.983485
DOM_07_010,-1,FMP_DOM,SKIN,0,1,1,0,0.333,1.0,5.0,98.6,33.5,196,101,40.0,0.0,35201,6450428.1,1924886.4,2,3,-401.19443017665617,-0.028546,-1302.983485
DOM_07_011,-1,FMP_DOM,SKIN,0,1,1,0,0.333,1.0,5.0,91.3,13.5,197,99,21.3,0.0,35379,6449659.4,1924074.6,2,4,-401.19443017665617,-0.028546,-1302.983485
DOM_07_012,-1,FMP_DOM,SKIN,0,1,1,0,0.333,1.0,5.0,62.3,-55.6,198,101,-43.9,0.0,35561,6450770.1,1923946.7,3,5,-401.19443017665617,-0.028546,-1302.983485
DOM_07_013,-1,FMP_DOM,SKIN,0,1,1,0,0.333,1.0,5.0,90.4,15.1,199,100,22.7,0.0,35740,6450471.3,1923305.9,2,4,-401.19443017665617,-0.028546,-1302.983485
DOM_07_014,-1,FMP_DOM,SKIN,0,1,1,0,0.333,1.0,5.0,65.3,-48.6,200,99,-37.2,0.0,35919,6450172.4,1922665.0,3,5,-401.19443017665617,-0.028546,-1302.983485
DOM_07_015,-1,FMP_DOM,SKIN,0,1,1,0,0.333,1.0,5.0,71.5,-29.3,200,101,-19.2,0.0,35921,6451112.1,1923007.0,2,5,-401.19443017665617,-0.028546,-1302.983485
DOM_07_016,-1,FMP_DOM,SKIN,0,1,1,0,0.333,1.0,5.0,97.5,7.65,193,99,16.6,0.0,34659,6448975.4,1925953.9,2,4,-401.19443017665617,-0.028546,-1302.983485
DOM_07_017,-1,FMP_DOM,SKIN,0,1,1,0,0.333,1.0,5.0,69.6,-86.5,194,97,-70.9,0.0,34837,6448206.7,1925142.1,3,6,-401.19443017665617,-0.028546,-1302.983485
DOM_07_018,-1,FMP_DOM,SKIN,0,1,1,0,0.333,1.0,5.0,66.7,-91.4,194,99,-75.6,0.0,34839,6449146.4,1925484.1,3,6,-401.19443017665617,-0.028546,-1302.983485
DOM_07_019,-1,FMP_DOM,SKIN,0,1,1,0,0.333,1.0,5.0,75.3,-64.4,195,96,-50.4,0.0,35016,6447907.9,1924501.2,2,5,-401.19443017665617,-0.028546,-1302.983485
DOM_07_020,-1,FMP_DOM,SKIN,0,1,1,0,0.333,1.0,5.0,97.7,17.2,197,96,25.2,0.0,35376,6448249.9,1923561.5,2,4,-401.19443017665617,-0.028546,-1302.983485
DOM_07_021,-1,FMP_DOM,SKIN,0,1,1,0,0.333,1.0,5.0,78.8,-44.7,198,97,-32.4,0.0,35557,6448890.7,1923262.7,2,5,-401.19443017665617,-0.028546,-1302.983485
DOM_07_022,-1,FMP_DOM,SKIN,0,1,1,0,0.333,1.0,5.0,81.7,56.7,190,95,59.2,0.0,34115,6446583.0,1926679.4,2,3,-401.19443017665617,-0.028546,-1302.983485
DOM_07_023,-1,FMP_DOM,SKIN,0,1,1,0,0.333,1.0,5.0,69.8,-276.0,212,116,-241.0,0.0,38096,6460212.0,1919934.0,3,8,-401.19443017665617,-0.028546,-1302.983485
DOM_07_024,-1,FMP_DOM,SKIN,0,1,1,0,0.333,1.0,5.0,63.0,-257.0,214,115,-225.0,0.0,38455,6460084.1,1918823.3,3,8,-401.19443017665617,-0.028546,-1302.983485
DOM_07_025,-1,FMP_DOM,SKIN,0,1,1,0,0.333,1.0,5.0,71.7,-231.0,214,116,-201.0,0.0,38456,6460554.0,1918994.3,3,7,-401.19443017665617,-0.028546,-1302.983485
DOM_07_026,-1,FMP_DOM,SKIN,0,1,1,0,0.333,1.0,5.0,44.6,-293.0,215,115,-259.0,0.0,38635,6460255.1,1918353.5,3,8,-401.19443017665617,-0.028546,-1302.983485
DOM_07_027,-1,FMP_DOM,SKIN,0,1,1,0,0.333,1.0,5.0,60.1,-238.0,215,116,-208.0,0.0,38636,6460725.0,1918524.5,3,7,-401.19443017665617,-0.028546,-1302.983485
DOM_07_028,-1,FMP_DOM,SKIN,0,1,1,0,0.333,1.0,5.0,97.1,-64.9,216,116,-48.7,0.0,38816,6460896.0,1918054.6,2,5,-401.19443017665617,-0.028546,-1302.983485
DOM_07_029,-1,FMP_DOM,SKIN,0,1,1,0,0.333,1.0,5.0,97.1,-76.3,216,117,-59.0,0.0,38817,6461365.8,1918225.7,2,6,-401.19443017665617,-0.028546,-1302.983485
DOM_07_030,-1,FMP_DOM,SKIN,0,1,1,0,0.333,1.0,5.0,185.0,-15.6,216,119,4.49,0.0,38819,6462305.5,1918567.7,1,5,-401.19443017665617,-0.028546,-1302.983485
DOM_07_031,-1,FMP_DOM,SKIN,0,1,1,0,0.333,1.0,5.0,66.2,-168.0,217,116,-145.0,0.0,38996,6461067.0,1917584.8,2,7,-401.19443017665617,-0.028546,-1302.983485
DOM_07_032,-1,FMP_DOM,SKIN,0,1,1,0,0.333,1.0,5.0,48.3,-248.0,217,117,-218.0,0.0,38997,6461536.9,1917755.8,3,7,-401.19443017665617,-0.028546,-1302.983485
DOM_07_033,-1,FMP_DOM,SKIN,0,1,1,0,0.333,1.0,5.0,17.9,-333.0,218,114,-298.0,0.0,39174,6460298.3,1916772.9,3,8,-401.19443017665617,-0.028546,-1302.983485
DOM_07_034,-1,FMP_DOM,SKIN,0,1,1,0,0.333,1.0,5.0,67.1,-148.0,218,115,-126.0,0.0,39175,6460768.2,1916943.9,2,6,-401.19443017665617,-0.028546,-1302.983485
DOM_07_035,-1,FMP_DOM,SKIN,0,1,1,0,0.333,1.0,5.0,72.9,-122.0,219,118,-103.0,0.0,39358,6462348.7,1916987.1,2,6,-401.19443017665617,-0.028546,-1302.983485
DOM_07_036,-1,FMP_DOM,SKIN,0,1,1,0,0.333,1.0,5.0,68.8,-178.0,220,120,-154.0,0.0,39540,6463459.4,1916859.3,3,7,-401.19443017665617,-0.028546,-1302.983485
DOM_07_037,-1,FMP_DOM,SKIN,0,1,1,0,0.333,1.0,5.0,94.8,-108.0,220,121,-87.7,0.0,39541,6463929.3,1917030.3,2,6,-401.19443017665617,-0.028546,-1302.983485
DOM_07_038,-1,FMP_DOM,SKIN,0,1,1,0,0.333,1.0,5.0,57.4,-135.0,221,115,-116.0,0.0,39715,6461281.2,1915534.4,2,6,-401.19443017665617,-0.028546,-1302.983485
DOM_07_039,-1,FMP_DOM,SKIN,0,1,1,0,0.333,1.0,5.0,64.9,-292.0,221,122,-256.0,0.0,39722,6464570.1,1916731.5,3,8,-401.19443017665617,-0.028546,-1302.983485
DOM_07_040,-1,FMP_DOM,SKIN,0,1,1,0,0.333,1.0,5.0,47.5,-246.0,170,97,-216.0,0.0,30517,6444102.5,1936418.4,4,8,-401.19443017665617,-0.028546,-1302.983485
DOM_07_041,-1,FMP_DOM,SKIN,0,1,1,0,0.333,1.0,5.0,137.0,69.6,171,99,76.3,0.0,30699,6445213.2,1936290.6,2,3,-401.19443017665617,-0.028546,-1302.983485
DOM_07_042,-1,FMP_DOM,SKIN,0,1,1,0,0.333,1.0,5.0,108.0,-41.1,175,102,-26.2,0.0,31422,6447306.7,1934924.2,2,5,-401.19443017665617,-0.028546,-1302.983485
DOM_07_043,-1,FMP_DOM,SKIN,0,1,1,0,0.333,1.0,5.0,58.7,-212.0,177,99,-185.0,0.0,31779,6446239.2,1933471.5,4,7,-401.19443017665617,-0.028546,-1302.983485
DOM_07_044,-1,FMP_DOM,SKIN,0,1,1,0,0.333,1.0,5.0,80.9,-120.0,177,102,-99.6,0.0,31782,6447648.8,1933984.5,3,6,-401.19443017665617,-0.028546,-1302.983485
DOM_07_045,-1,FMP_DOM,SKIN,0,1,1,0,0.333,1.0,5.0,92.1,-83.9,177,105,-66.3,0.0,31785,6449058.3,1934497.5,3,6,-401.19443017665617,-0.028546,-1302.983485
DOM_07_046,-1,FMP_DOM,SKIN,0,1,1,0,0.333,1.0,5.0,80.7,-124.0,178,97,-103.0,0.0,31957,6445470.5,1932659.6,3,6,-401.19443017665617,-0.028546,-1302.983485
DOM_07_047,-1,FMP_DOM,SKIN,0,1,1,0,0.333,1.0,5.0,109.0,-24.7,182,106,-11.3,0.0,32686,6450383.2,1932319.3,2,5,-401.19443017665617,-0.028546,-1302.983485
DOM_07_048,-1,FMP_DOM,SKIN,0,1,1,0,0.333,1.0,5.0,17.8,-287.0,184,103,-257.0,0.0,33043,6449315.7,1930866.6,4,8,-401.19443017665617,-0.028546,-1302.983485
DOM_07_049,-1,FMP_DOM,SKIN,0,1,1,0,0.333,1.0,5.0,111.0,-66.4,184,105,-48.7,0.0,33045,6450255.4,1931208.6,2,6,-401.19443017665617,-0.028546,-1302.983485
DOM_07_050,-1,FMP_DOM,SKIN,0,1,1,0,0.333,1.0,5.0,88.2,-118.0,186,107,-97.8,0.0,33407,6451537.1,1930610.9,3,6,-401.19443017665617,-0.028546,-1302.983485
DOM_07_051,-1,FMP_DOM,SKIN,0,1,1,0,0.333,1.0,5.0,51.3,-205.0,186,108,-179.0,0.0,33408,6452006.9,1930782.0,3,7,-401.19443017665617,-0.028546,-1302.983485
DOM_07_052,-1,FMP_DOM,SKIN,0,1,1,0,0.333,1.0,5.0,116.0,-47.8,187,105,-31.4,0.0,33585,6450768.4,1929799.1,1,5,-401.19443017665617,-0.028546,-1302.983485
DOM_07_053,-1,FMP_DOM,SKIN,0,1,1,0,0.333,1.0,5.0,88.9,-111.0,187,109,-91.0,0.0,33589,6452647.8,1930483.1,3,6,-401.19443017665617,-0.028546,-1302.983485
DOM_07_054,-1,FMP_DOM,SKIN,0,1,1,0,0.333,1.0,5.0,108.0,-56.9,189,104,-40.3,0.0,33944,6450640.6,1928688.4,2,5,-401.19443017665617,-0.028546,-1302.983485
DOM_07_055,-1,FMP_DOM,SKIN,0,1,1,0,0.333,1.0,5.0,6.96,-302.0,189,107,-271.0,0.0,33947,6452050.1,1929201.4,4,8,-401.19443017665617,-0.028546,-1302.983485
DOM_07_056,-1,FMP_DOM,SKIN,0,1,1,0,0.333,1.0,5.0,85.0,-109.0,190,104,-89.5,0.0,34124,6450811.6,1928218.5,2,6,-401.19443017665617,-0.028546,-1302.983485
DOM_07_057,-1,FMP_DOM,SKIN,0,1,1,0,0.333,1.0,5.0,60.8,-176.0,191,111,-153.0,0.0,34311,6454271.5,1928945.8,3,7,-401.19443017665617,-0.028546,-1302.983485
DOM_07_058,-1,FMP_DOM,SKIN,0,1,1,0,0.333,1.0,5.0,-2.96,-320.0,192,100,-288.0,0.0,34480,6449274.2,1926594.8,4,8,-401.19443017665617,-0.028546,-1302.983485
DOM_07_059,-1,FMP_DOM,SKIN,0,1,1,0,0.333,1.0,5.0,-2.87,-317.0,193,100,-286.0,0.0,34660,6449445.2,1926125.0,4,8,-401.19443017665617,-0.028546,-1302.983485
DOM_07_060,-1,FMP_DOM,SKIN,0,1,1,0,0.333,1.0,5.0,10.6,-280.0,193,103,-251.0,0.0,34663,6450854.8,1926638.0,4,8,-401.19443017665617,-0.028546,-1302.983485
DOM_07_061,-1,FMP_DOM,SKIN,0,1,1,0,0.333,1.0,5.0,63.7,-154.0,193,108,-132.0,0.0,34668,6453204.0,1927493.0,3,7,-401.19443017665617,-0.028546,-1302.983485
DOM_07_062,-1,FMP_DOM,SKIN,0,1,1,0,0.333,1.0,5.0,17.1,-268.0,195,109,-240.0,0.0,35029,6454015.9,1926724.4,4,8,-401.19443017665617,-0.028546,-1302.983485
DOM_07_063,-1,FMP_DOM,SKIN,0,1,1,0,0.333,1.0,5.0,54.8,-128.0,247,112,-110.0,0.0,44392,6464317.9,1902805.4,1,5,-401.19443017665617,-0.028546,-1302.983485
DOM_07_064,-1,FMP_DOM,SKIN,0,1,1,0,0.333,1.0,5.0,52.4,-118.0,191,112,-101.0,0.0,34312,6454741.4,1929116.8,3,6,-401.19443017665617,-0.028546,-1302.983485
DOM_07_065,-1,FMP_DOM,SKIN,0,1,1,0,0.333,1.0,5.0,128.0,3.8,194,113,16.2,0.0,34853,6455724.2,1927878.2,1,4,-401.19443017665617,-0.028546,-1302.983485
DOM_07_066,-1,FMP_DOM,SKIN,0,1,1,0,0.333,1.0,5.0,139.0,10.7,195,113,23.6,0.0,35033,6455895.2,1927408.4,1,4,-395.551865681388,-0.028546,-1229.150775
DOM_07_067,-1,FMP_DOM,SKIN,0,1,1,0,0.333,1.0,5.0,-12.6,-243.0,196,113,-220.0,0.0,35213,6456066.3,1926938.5,5,8,-401.19443017665617,-0.028546,-1302.983485
DOM_07_068,-1,FMP_DOM,SKIN,0,1,1,0,0.333,1.0,5.0,109.0,-26.9,196,114,-13.3,0.0,35214,6456536.1,1927109.6,2,5,-401.19443017665617,-0.028546,-1302.983485
DOM_07_069,-1,FMP_DOM,SKIN,0,1,1,0,0.333,1.0,5.0,142.0,2.04,196,115,16.1,0.0,35215,6457005.9,1927280.6,1,4,-391.72335030914826,-0.028546,-1229.150775
DOM_07_070,-1,FMP_DOM,SKIN,0,1,1,0,0.333,1.0,5.0,5.52,-195.0,197,112,-175.0,0.0,35392,6455767.4,1926297.7,4,7,-401.19443017665617,-0.028546,-1302.983485
DOM_07_071,-1,FMP_DOM,SKIN,0,1,1,0,0.333,1.0,5.0,79.9,-60.3,198,114,-46.2,0.0,35574,6456878.1,1926169.9,3,5,-401.19443017665617,-0.028546,-1302.983485
DOM_07_072,-1,FMP_DOM,SKIN,0,1,1,0,0.333,1.0,5.0,216.0,-120.0,217,102,-86.0,0.0,38982,6454489.2,1915190.7,1,6,-401.19443017665617,-0.028546,-1302.983485
DOM_07_073,-1,FMP_DOM,SKIN,0,1,1,0,0.333,1.0,5.0,14.6,-204.0,219,106,-182.0,0.0,39346,6456710.6,1914935.0,3,7,-401.19443017665617,-0.028546,-1302.983485
DOM_07_074,-1,FMP_DOM,SKIN,0,1,1,0,0.333,1.0,5.0,200.0,-78.8,222,102,-50.9,0.0,39882,6455344.2,1912841.4,1,5,-401.19443017665617,-0.028546,-1302.983485
DOM_07_075,-1,FMP_DOM,SKIN,0,1,1,0,0.333,1.0,5.0,-33.2,-360.0,225,110,-327.0,0.0,40430,6459616.0,1912800.0,4,8,-401.19443017665617,-0.028546,-1302.983485
DOM_07_076,-1,FMP_DOM,SKIN,0,1,1,0,0.333,1.0,5.0,18.2,-164.0,226,109,-146.0,0.0,40609,6459317.2,1912159.1,3,6,-401.19443017665617,-0.028546,-1302.983485
DOM_07_077,-1,FMP_DOM,SKIN,0,1,1,0,0.333,1.0,5.0,42.9,-74.6,226,110,-62.9,0.0,40610,6459787.0,1912330.1,2,5,-401.19443017665617,-0.028546,-1302.983485
DOM_07_078,-1,FMP_DOM,SKIN,0,1,1,0,0.333,1.0,5.0,-35.1,-358.0,227,108,-326.0,0.0,40788,6459018.3,1911518.3,4,8,-401.19443017665617,-0.028546,-1302.983485
DOM_07_079,-1,FMP_DOM,SKIN,0,1,1,0,0.333,1.0,5.0,16.8,-167.0,227,110,-149.0,0.0,40790,6459958.0,1911860.3,3,6,-401.19443017665617,-0.028546,-1302.983485
DOM_07_080,-1,FMP_DOM,SKIN,0,1,1,0,0.333,1.0,5.0,39.7,-71.2,229,109,-60.1,0.0,41149,6459830.2,1910749.6,2,5,-401.19443017665617,-0.028546,-1302.983485
DOM_07_081,-1,FMP_DOM,SKIN,0,1,1,0,0.333,1.0,5.0,20.6,-237.0,213,103,-211.0,0.0,38263,6454275.0,1917241.1,3,7,-401.19443017665617,-0.028546,-1302.983485
DOM_07_082,-1,FMP_DOM,SKIN,0,1,1,0,0.333,1.0,5.0,10.7,-151.0,213,104,-135.0,0.0,38264,6454744.8,1917412.1,4,6,-401.19443017665617,-0.028546,-1302.983485
DOM_07_083,-1,FMP_DOM,SKIN,0,1,1,0,0.333,1.0,5.0,5.81,-162.0,214,103,-145.0,0.0,38443,6454446.0,1916771.2,4,6,-401.19443017665617,-0.028546,-1302.983485
DOM_07_084,-1,FMP_DOM,SKIN,0,1,1,0,0.333,1.0,5.0,-26.2,-204.0,214,112,-186.0,0.0,38452,6458674.6,1918310.3,4,7,-401.19443017665617,-0.028546,-1302.983485
DOM_07_085,-1,FMP_DOM,SKIN,0,1,1,0,0.333,1.0,5.0,75.3,-91.8,214,114,-75.1,0.0,38454,6459614.3,1918652.3,2,6,-401.19443017665617,-0.028546,-1302.983485
DOM_07_086,-1,FMP_DOM,SKIN,0,1,1,0,0.333,1.0,5.0,-44.8,-233.0,215,113,-214.0,0.0,38633,6459315.4,1918011.5,5,7,-401.19443017665617,-0.028546,-1302.983485
DOM_07_087,-1,FMP_DOM,SKIN,0,1,1,0,0.333,1.0,5.0,-70.5,-263.0,216,111,-244.0,0.0,38811,6458546.8,1917199.6,5,8,-401.19443017665617,-0.028546,-1302.983485
DOM_07_088,-1,FMP_DOM,SKIN,0,1,1,0,0.333,1.0,5.0,-23.0,-204.0,216,114,-186.0,0.0,38814,6459956.3,1917712.6,4,7,-401.19443017665617,-0.028546,-1302.983485
DOM_07_089,-1,FMP_DOM,SKIN,0,1,1,0,0.333,1.0,5.0,21.6,-134.0,217,105,-119.0,0.0,38985,6455898.7,1915703.7,3,6,-401.19443017665617,-0.028546,-1302.983485
DOM_07_090,-1,FMP_DOM,SKIN,0,1,1,0,0.333,1.0,5.0,210.0,88.7,223,118,101.0,0.0,40078,6463032.8,1915107.7,1,1,-37.632032333333335,-0.348111,-108.328191
DOM_07_091,-1,FMP_DOM,SKIN,0,1,1,0,0.333,1.0,5.0,-4.17,-165.0,224,116,-149.0,0.0,40256,6462264.1,1914295.9,4,6,-401.19443017665617,-0.028546,-1302.983485
DOM_07_092,-1,FMP_DOM,SKIN,0,1,1,0,0.333,1.0,5.0,110.0,-18.5,224,121,-5.67,0.0,40261,6464613.3,1915150.9,1,4,-314.04188828706623,-0.028546,-1030.254705
DOM_07_093,-1,FMP_DOM,SKIN,0,1,1,0,0.333,1.0,5.0,21.5,-152.0,225,119,-135.0,0.0,40439,6463844.6,1914339.1,3,6,-401.19443017665617,-0.028546,-1302.983485
DOM_07_094,-1,FMP_DOM,SKIN,0,1,1,0,0.333,1.0,5.0,44.3,-89.8,226,111,-76.4,0.0,40611,6460256.9,1912501.1,2,5,-401.19443017665617,-0.028546,-1302.983485
DOM_07_095,-1,FMP_DOM,SKIN,0,1,1,0,0.333,1.0,5.0,-98.8,-315.0,227,111,-294.0,0.0,40791,6460427.9,1912031.3,5,8,-401.19443017665617,-0.028546,-1302.983485
DOM_07_096,-1,FMP_DOM,SKIN,0,1,1,0,0.333,1.0,5.0,-98.3,-313.0,227,118,-291.0,0.0,40798,6463716.8,1913228.4,5,8,-401.19443017665617,-0.028546,-1302.983485
DOM_07_097,-1,FMP_DOM,SKIN,0,1,1,0,0.333,1.0,5.0,-45.1,-230.0,228,110,-211.0,0.0,40970,6460129.0,1911390.4,4,7,-401.19443017665617,-0.028546,-1302.983485
DOM_07_098,-1,FMP_DOM,SKIN,0,1,1,0,0.333,1.0,5.0,-40.3,-221.0,229,110,-203.0,0.0,41150,6460300.0,1910920.6,4,7,-401.19443017665617,-0.028546,-1302.983485
DOM_07_099,-1,FMP_DOM,SKIN,0,1,1,0,0.333,1.0,5.0,-138.0,-373.0,229,114,-349.0,0.0,41154,6462179.4,1911604.6,6,8,-401.19443017665617,-0.028546,-1302.983485
DOM_07_100,-1,FMP_DOM,SKIN,0,1,1,0,0.333,1.0,5.0,-67.5,-397.0,167,100,-364.0,0.0,29980,6444999.0,1938341.0,6,9,-401.19443017665617,-0.028546,-1302.983485
DOM_07_101,-1,FMP_DOM,SKIN,0,1,1,0,0.333,1.0,5.0,-100.0,-431.0,169,102,-398.0,0.0,30342,6446280.7,1937743.3,6,9,-401.19443017665617,-0.028546,-1302.983485
DOM_07_102,-1,FMP_DOM,SKIN,0,1,1,0,0.333,1.0,5.0,-139.0,-164.0,201,115,-161.0,0.0,36115,6457861.0,1924931.3,6,7,-401.19443017665617,-0.028546,-1302.983485
DOM_07_103,-1,FMP_DOM,SKIN,0,1,1,0,0.333,1.0,5.0,-160.0,-185.0,204,108,-183.0,0.0,36648,6455085.1,1922324.7,7,7,-401.19443017665617,-0.028546,-1302.983485
DOM_07_104,-1,FMP_DOM,SKIN,0,1,1,0,0.333,1.0,5.0,-158.0,-183.0,207,111,-181.0,0.0,37191,6457007.7,1921428.2,7,7,-401.19443017665617,-0.028546,-1302.983485
DOM_07_105,-1,FMP_DOM,SKIN,0,1,1,0,0.333,1.0,5.0,-109.0,-134.0,208,117,-131.0,0.0,37377,6459997.8,1921984.4,6,6,-401.19443017665617,-0.028546,-1302.983485
DOM_08_001,-1,FMP_DOM,SKIN,0,1,1,0,0.333,1.0,5.0,103.0,-36.1,248,118,-22.2,0.0,44578,6467308.0,1903361.6,1,4,-343.1096686666667,-0.020018,-979.428455
DOM_08_002,-1,FMP_DOM,SKIN,0,1,1,0,0.333,1.0,5.0,24.5,-126.0,251,113,-111.0,0.0,45113,6465471.8,1901097.0,2,5,-343.1096686666667,-0.020018,-979.428455
DOM_08_003,-1,FMP_DOM,SKIN,0,1,1,0,0.333,1.0,5.0,-5.56,-209.0,251,114,-189.0,0.0,45114,6465941.7,1901268.0,3,6,-343.1096686666667,-0.020018,-979.428455
DOM_08_004,-1,FMP_DOM,SKIN,0,1,1,0,0.333,1.0,5.0,-3.09,-199.0,252,113,-179.0,0.0,45293,6465642.8,1900627.2,3,6,-343.1096686666667,-0.020018,-979.428455
DOM_08_005,-1,FMP_DOM,SKIN,0,1,1,0,0.333,1.0,5.0,44.8,-67.9,252,116,-56.7,0.0,45296,6467052.4,1901140.2,1,4,-343.1096686666667,-0.020018,-979.428455
DOM_08_006,-1,FMP_DOM,SKIN,0,1,1,0,0.333,1.0,5.0,23.4,-124.0,253,114,-110.0,0.0,45474,6466283.7,1900328.3,2,5,-343.1096686666667,-0.020018,-979.428455
DOM_08_007,-1,FMP_DOM,SKIN,0,1,1,0,0.333,1.0,5.0,-36.7,-291.0,253,118,-265.0,0.0,45478,6468163.1,1901012.4,4,7,-343.1096686666667,-0.020018,-979.428455
DOM_08_008,-1,FMP_DOM,SKIN,0,1,1,0,0.333,1.0,5.0,4.27,-171.0,256,118,-154.0,0.0,46018,6468676.1,1899602.8,3,6,-343.1096686666667,-0.020018,-979.428455
DOM_08_009,-1,FMP_DOM,SKIN,0,1,1,0,0.333,1.0,5.0,21.9,-138.0,258,115,-122.0,0.0,46375,6467608.6,1898150.1,2,6,-343.1096686666667,-0.020018,-979.428455
DOM_08_010,-1,FMP_DOM,SKIN,0,1,1,0,0.333,1.0,5.0,2.81,-193.0,258,111,-173.0,0.0,46371,6465729.2,1897466.1,3,6,-343.1096686666667,-0.020018,-979.428455
DOM_08_011,-1,FMP_DOM,SKIN,0,1,1,0,0.333,1.0,5.0,19.4,-161.0,260,110,-143.0,0.0,46730,6465601.4,1896355.4,3,6,-343.1096686666667,-0.020018,-979.428455
DOM_08_012,-1,FMP_DOM,SKIN,0,1,1,0,0.333,1.0,5.0,19.4,-163.0,261,110,-144.0,0.0,46910,6465772.4,1895885.5,3,6,-343.1096686666667,-0.020018,-979.428455
DOM_08_013,-1,FMP_DOM,SKIN,0,1,1,0,0.333,1.0,5.0,-17.1,-260.0,261,111,-236.0,0.0,46911,6466242.2,1896056.5,4,7,-343.1096686666667,-0.020018,-979.428455
DOM_08_014,-1,FMP_DOM,SKIN,0,1,1,0,0.333,1.0,5.0,-23.0,-270.0,261,112,-246.0,0.0,46912,6466712.1,1896227.5,4,7,-343.1096686666667,-0.020018,-979.428455
DOM_08_015,-1,FMP_DOM,SKIN,0,1,1,0,0.333,1.0,5.0,-7.41,-222.0,261,113,-201.0,0.0,46913,6467181.9,1896398.5,3,7,-343.1096686666667,-0.020018,-979.428455
DOM_08_016,-1,FMP_DOM,SKIN,0,1,1,0,0.333,1.0,5.0,53.5,-74.7,262,109,-61.9,0.0,47089,6465473.5,1895244.6,2,5,-343.1096686666667,-0.020018,-979.428455
DOM_08_017,-1,FMP_DOM,SKIN,0,1,1,0,0.333,1.0,5.0,83.0,-286.0,228,124,-249.0,0.0,40984,6466706.9,1913784.6,2,8,-343.1096686666667,-0.020018,-979.428455
DOM_08_018,-1,FMP_DOM,SKIN,0,1,1,0,0.333,1.0,5.0,178.0,-98.0,235,124,-70.4,0.0,42244,6467904.0,1910495.6,1,6,-333.3793841524824,-0.020018,-920.145515
DOM_08_019,-1,FMP_DOM,SKIN,0,1,1,0,0.333,1.0,5.0,75.3,-121.0,236,125,-102.0,0.0,42425,6468544.8,1910196.8,2,6,-343.1096686666667,-0.020018,-979.428455
DOM_08_020,-1,FMP_DOM,SKIN,0,1,1,0,0.333,1.0,5.0,1.56,-187.0,261,109,-168.0,0.0,46909,6465302.5,1895714.5,3,6,-343.1096686666667,-0.020018,-979.428455
DOM_08_021,-1,FMP_DOM,SKIN,0,1,1,0,0.333,1.0,5.0,-91.0,-401.0,256,127,-370.0,0.0,46027,6472904.7,1901141.9,5,8,-343.1096686666667,-0.020018,-979.428455
DOM_08_022,-1,FMP_DOM,SKIN,0,1,1,0,0.333,1.0,5.0,-82.7,-381.0,257,127,-351.0,0.0,46207,6473075.7,1900672.1,4,8,-343.1096686666667,-0.020018,-979.428455
DOM_08_023,-1,FMP_DOM,SKIN,0,1,1,0,0.333,1.0,5.0,39.0,-145.0,257,128,-126.0,0.0,46208,6473545.6,1900843.1,1,6,-343.1096686666667,-0.020018,-979.428455
DOM_08_024,-1,FMP_DOM,SKIN,0,1,1,0,0.333,1.0,5.0,-3.77,-220.0,258,127,-198.0,0.0,46387,6473246.7,1900202.2,3,7,-343.1096686666667,-0.020018,-979.428455
DOM_08_025,-1,FMP_DOM,SKIN,0,1,1,0,0.333,1.0,5.0,-92.5,-399.0,259,127,-369.0,0.0,46567,6473417.7,1899732.4,5,8,-343.1096686666667,-0.020018,-979.428455
DOM_08_026,-1,FMP_DOM,SKIN,0,1,1,0,0.333,1.0,5.0,-143.0,-370.0,250,113,-348.0,0.0,44933,6465300.8,1901566.8,6,8,-343.1096686666667,-0.020018,-979.428455
DOM_08_027,-1,FMP_DOM,SKIN,0,1,1,0,0.333,1.0,5.0,-52.7,-266.0,252,109,-245.0,0.0,45289,6463763.4,1899943.1,4,7,-343.1096686666667,-0.020018,-979.428455
DOM_08_028,-1,FMP_DOM,SKIN,0,1,1,0,0.333,1.0,5.0,29.8,-171.0,252,112,-151.0,0.0,45292,6465173.0,1900456.1,2,6,-343.1096686666667,-0.020018,-979.428455
DOM_08_029,-1,FMP_DOM,SKIN,0,1,1,0,0.333,1.0,5.0,-51.8,-266.0,255,111,-244.0,0.0,45831,6465216.2,1898875.6,4,7,-343.1096686666667,-0.020018,-979.428455
DOM_08_030,-1,FMP_DOM,SKIN,0,1,1,0,0.333,1.0,5.0,-160.0,-392.0,256,109,-369.0,0.0,46009,6464447.5,1898063.7,6,8,-343.1096686666667,-0.020018,-979.428455
DOM_08_031,-1,FMP_DOM,SKIN,0,1,1,0,0.333,1.0,5.0,-123.0,-475.0,238,125,-440.0,0.0,42785,6468886.8,1909257.1,6,9,-343.1096686666667,-0.020018,-979.428455
DOM_08_032,-1,FMP_DOM,SKIN,0,1,1,0,0.333,1.0,5.0,-143.0,-505.0,242,127,-469.0,0.0,43507,6470510.6,1907719.8,6,9,-343.1096686666667,-0.020018,-979.428455
DOM_08_033,-1,FMP_DOM,SKIN,0,1,1,0,0.333,1.0,5.0,-164.0,-525.0,243,124,-489.0,0.0,43684,6469272.0,1906736.9,6,9,-343.1096686666667,-0.020018,-979.428455
DOM_08_034,-1,FMP_DOM,SKIN,0,1,1,0,0.333,1.0,5.0,57.1,-122.0,244,123,-104.0,0.0,43863,6468973.2,1906096.0,1,5,-343.1096579751774,-0.020018,-979.428455
DOM_08_035,-1,FMP_DOM,SKIN,0,1,1,0,0.333,1.0,5.0,-114.0,-434.0,244,124,-402.0,0.0,43864,6469443.0,1906267.0,5,9,-343.1096686666667,-0.020018,-979.428455
DOM_08_036,-1,FMP_DOM,SKIN,0,1,1,0,0.333,1.0,5.0,0.577,-229.0,245,123,-206.0,0.0,44043,6469144.2,1905626.2,3,7,-343.1096686666667,-0.020018,-979.428455
DOM_08_037,-1,FMP_DOM,SKIN,0,1,1,0,0.333,1.0,5.0,-31.6,-282.0,246,119,-257.0,0.0,44219,6467435.8,1904472.3,4,7,-343.1096686666667,-0.020018,-979.428455
DOM_08_038,-1,FMP_DOM,SKIN,0,1,1,0,0.333,1.0,5.0,-121.0,-450.0,248,119,-417.0,0.0,44579,6467777.9,1903532.6,5,9,-343.1096686666667,-0.020018,-979.428455
DOM_08_039,-1,FMP_DOM,SKIN,0,1,1,0,0.333,1.0,5.0,-128.0,-397.0,249,125,-370.0,0.0,44765,6470767.9,1904088.8,5,8,-343.1096686666667,-0.020018,-979.428455
DOM_09_001,-1,FMP_DOM,SKIN,0,1,1,0,0.333,1.0,5.0,136.0,-193.0,229,92,-160.0,0.0,41132,6451842.8,1907842.4,2,7,-427.261580057057,-0.003798,-1041.103805
DOM_09_002,-1,FMP_DOM,SKIN,0,1,1,0,0.333,1.0,5.0,-11.5,-370.0,229,95,-334.0,0.0,41135,6453252.4,1908355.4,5,9,-427.261580057057,-0.003798,-1041.103805
DOM_09_003,-1,FMP_DOM,SKIN,0,1,1,0,0.333,1.0,5.0,6.75,-187.0,244,107,-168.0,0.0,43847,6461455.7,1903359.9,3,6,-427.261580057057,-0.003798,-1041.103805
DOM_09_004,-1,FMP_DOM,SKIN,0,1,1,0,0.333,1.0,5.0,60.9,-87.3,245,104,-72.5,0.0,44024,6460217.1,1902377.0,1,5,-427.261580057057,-0.003798,-1041.103805
DOM_09_005,-1,FMP_DOM,SKIN,0,1,1,0,0.333,1.0,5.0,35.9,-165.0,246,104,-145.0,0.0,44204,6460388.1,1901907.1,2,6,-427.261580057057,-0.003798,-1041.103805
DOM_09_006,-1,FMP_DOM,SKIN,0,1,1,0,0.333,1.0,5.0,65.7,-63.8,247,103,-50.8,0.0,44383,6460089.3,1901266.3,1,5,-427.261580057057,-0.003798,-1041.103805
DOM_09_007,-1,FMP_DOM,SKIN,0,1,1,0,0.333,1.0,5.0,56.0,-52.9,247,105,-42.0,0.0,44385,6461029.0,1901608.3,1,4,-427.261580057057,-0.003798,-1041.103805
DOM_09_008,-1,FMP_DOM,SKIN,0,1,1,0,0.333,1.0,5.0,25.6,-179.0,248,103,-159.0,0.0,44563,6460260.3,1900796.4,3,6,-427.261580057057,-0.003798,-1041.103805
DOM_09_009,-1,FMP_DOM,SKIN,0,1,1,0,0.333,1.0,5.0,-156.0,-387.0,249,105,-364.0,0.0,44745,6461371.0,1900668.6,6,8,-427.261580057057,-0.003798,-1041.103805
DOM_09_010,-1,FMP_DOM,SKIN,0,1,1,0,0.333,1.0,5.0,76.3,-103.0,250,103,-85.2,0.0,44923,6460602.3,1899856.7,1,5,-427.261580057057,-0.003798,-1041.103805
DOM_09_011,-1,FMP_DOM,SKIN,0,1,1,0,0.333,1.0,5.0,145.0,7.2,245,100,21.0,0.0,44020,6458337.7,1901692.9,1,3,-306.78365067867895,-0.003798,-939.271695
DOM_09_012,-1,FMP_DOM,SKIN,0,1,1,0,0.333,1.0,5.0,47.6,-82.0,246,102,-69.0,0.0,44202,6459448.5,1901565.1,2,5,-427.261580057057,-0.003798,-1041.103805
DOM_09_013,-1,FMP_DOM,SKIN,0,1,1,0,0.333,1.0,5.0,-17.3,-170.0,246,103,-155.0,0.0,44203,6459918.3,1901736.1,4,6,-427.261580057057,-0.003798,-1041.103805
DOM_09_014,-1,FMP_DOM,SKIN,0,1,1,0,0.333,1.0,5.0,107.0,-35.4,247,100,-21.1,0.0,44380,6458679.8,1900753.3,1,4,-342.94135359759764,-0.003798,-963.467985
DOM_09_015,-1,FMP_DOM,SKIN,0,1,1,0,0.333,1.0,5.0,55.5,-74.3,247,102,-61.3,0.0,44382,6459619.5,1901095.3,2,5,-427.261580057057,-0.003798,-1041.103805
DOM_09_016,-1,FMP_DOM,SKIN,0,1,1,0,0.333,1.0,5.0,66.2,-71.5,248,101,-57.8,0.0,44561,6459320.6,1900454.4,2,5,-427.261580057057,-0.003798,-1041.103805
DOM_09_017,-1,FMP_DOM,SKIN,0,1,1,0,0.333,1.0,5.0,-20.1,-183.0,248,102,-167.0,0.0,44562,6459790.5,1900625.4,4,6,-427.261580057057,-0.003798,-1041.103805
DOM_09_018,-1,FMP_DOM,SKIN,0,1,1,0,0.333,1.0,5.0,-20.0,-192.0,249,101,-175.0,0.0,44741,6459491.6,1899984.6,4,7,-427.261580057057,-0.003798,-1041.103805
DOM_09_019,-1,FMP_DOM,SKIN,0,1,1,0,0.333,1.0,5.0,-25.9,-194.0,249,102,-177.0,0.0,44742,6459961.5,1900155.6,4,7,-427.261580057057,-0.003798,-1041.103805
DOM_09_020,-1,FMP_DOM,SKIN,0,1,1,0,0.333,1.0,5.0,9.6,-253.0,206,88,-226.0,0.0,36988,6446030.2,1917964.8,5,8,-427.261580057057,-0.003798,-1041.103805
DOM_09_021,-1,FMP_DOM,SKIN,0,1,1,0,0.333,1.0,5.0,62.7,-160.0,215,92,-138.0,0.0,38612,6449448.7,1914420.3,3,7,-427.261580057057,-0.003798,-1041.103805
DOM_09_022,-1,FMP_DOM,SKIN,0,1,1,0,0.333,1.0,5.0,-23.1,-408.0,215,95,-370.0,0.0,38615,6450858.2,1914933.3,5,9,-427.261580057057,-0.003798,-1041.103805
DOM_09_023,-1,FMP_DOM,SKIN,0,1,1,0,0.333,1.0,5.0,-31.9,-407.0,216,95,-370.0,0.0,38795,6451029.2,1914463.4,5,9,-427.261580057057,-0.003798,-1041.103805
DOM_09_024,-1,FMP_DOM,SKIN,0,1,1,0,0.333,1.0,5.0,-5.86,-364.0,219,93,-329.0,0.0,39333,6450602.6,1912711.9,5,9,-427.261580057057,-0.003798,-1041.103805
DOM_09_025,-1,FMP_DOM,SKIN,0,1,1,0,0.333,1.0,5.0,127.0,-65.9,220,90,-46.6,0.0,39510,6449364.0,1911729.0,2,6,-427.261580057057,-0.003798,-1041.103805
DOM_09_026,-1,FMP_DOM,SKIN,0,1,1,0,0.333,1.0,5.0,82.7,-173.0,222,91,-147.0,0.0,39871,6450175.9,1910960.3,3,7,-427.261580057057,-0.003798,-1041.103805
DOM_09_027,-1,FMP_DOM,SKIN,0,1,1,0,0.333,1.0,5.0,52.6,-223.0,222,94,-196.0,0.0,39874,6451585.4,1911473.3,4,8,-427.261580057057,-0.003798,-1041.103805
DOM_09_028,-1,FMP_DOM,SKIN,0,1,1,0,0.333,1.0,5.0,109.0,-77.5,224,99,-58.8,0.0,40239,6454276.7,1911388.7,1,6,-427.261580057057,-0.003798,-1041.103805
DOM_09_029,-1,FMP_DOM,SKIN,0,1,1,0,0.333,1.0,5.0,129.0,-161.0,211,85,-132.0,0.0,37885,6445475.7,1915102.6,2,7,-427.261580057057,-0.003798,-1041.103805
DOM_09_030,-1,FMP_DOM,SKIN,0,1,1,0,0.333,1.0,5.0,140.0,-119.0,213,85,-92.8,0.0,38245,6445817.7,1914162.9,2,7,-427.261580057057,-0.003798,-1041.103805
DOM_09_031,-1,FMP_DOM,SKIN,0,1,1,0,0.333,1.0,5.0,-55.7,-435.0,213,86,-397.0,0.0,38246,6446287.6,1914333.9,6,9,-427.261580057057,-0.003798,-1041.103805
DOM_09_032,-1,FMP_DOM,SKIN,0,1,1,0,0.333,1.0,5.0,117.0,-137.0,213,90,-111.0,0.0,38250,6448167.0,1915017.9,2,7,-427.261580057057,-0.003798,-1041.103805
DOM_09_033,-1,FMP_DOM,SKIN,0,1,1,0,0.333,1.0,5.0,250.0,10.8,215,85,34.6,0.0,38605,6446159.8,1913223.2,1,5,-423.6618539369369,-0.003798,-1041.103805
DOM_09_034,-1,FMP_DOM,SKIN,0,1,1,0,0.333,1.0,5.0,38.6,-273.0,215,90,-241.0,0.0,38610,6448509.0,1914078.2,4,8,-427.261580057057,-0.003798,-1041.103805
DOM_09_035,-1,FMP_DOM,SKIN,0,1,1,0,0.333,1.0,5.0,-77.9,-475.0,216,88,-435.0,0.0,38788,6447740.3,1913266.4,6,9,-427.261580057057,-0.003798,-1041.103805
DOM_09_036,-1,FMP_DOM,SKIN,0,1,1,0,0.333,1.0,5.0,113.0,-204.0,218,88,-172.0,0.0,39148,6448082.3,1912326.7,3,8,-427.261580057057,-0.003798,-1041.103805
DOM_09_037,-1,FMP_DOM,SKIN,0,1,1,0,0.333,1.0,5.0,152.0,-154.0,220,87,-124.0,0.0,39507,6447954.5,1911216.0,2,7,-427.261580057057,-0.003798,-1041.103805
DOM_09_038,-1,FMP_DOM,SKIN,0,1,1,0,0.333,1.0,5.0,-97.7,-268.0,242,102,-251.0,0.0,43482,6458764.4,1903444.5,5,7,-427.261580057057,-0.003798,-1041.103805
DOM_10_001,-1,FMP_DOM,SKIN,0,1,1,0,0.333,1.0,5.0,15.7,-149.0,265,129,-132.0,0.0,47649,6475383.5,1897255.3,2,6,-455.22851981176416,-0.000401,-1899.576235
DOM_10_002,-1,FMP_DOM,SKIN,0,1,1,0,0.333,1.0,5.0,143.0,-127.0,213,120,-99.6,0.0,38280,6462262.4,1920148.2,1,6,-455.22851981176416,-0.000401,-1899.576235
DOM_10_003,-1,FMP_DOM,SKIN,0,1,1,0,0.333,1.0,5.0,137.0,-101.0,214,120,-77.1,0.0,38460,6462433.4,1919678.4,1,6,-455.22851981176416,-0.000401,-1899.576235
DOM_10_004,-1,FMP_DOM,SKIN,0,1,1,0,0.333,1.0,5.0,115.0,-84.8,215,119,-64.8,0.0,38639,6462134.5,1919037.5,2,6,-455.22851981176416,-0.000401,-1899.576235
DOM_10_005,-1,FMP_DOM,SKIN,0,1,1,0,0.333,1.0,5.0,114.0,-175.0,222,123,-147.0,0.0,39903,6465211.0,1916432.6,2,7,-455.22851981176416,-0.000401,-1899.576235
DOM_10_006,-1,FMP_DOM,SKIN,0,1,1,0,0.333,1.0,5.0,66.3,-149.0,181,109,-127.0,0.0,32509,6451621.7,1933302.2,3,7,-455.22851981176416,-0.000401,-1899.576235
DOM_10_007,-1,FMP_DOM,SKIN,0,1,1,0,0.333,1.0,5.0,65.0,-178.0,181,110,-154.0,0.0,32510,6452091.6,1933473.2,3,7,-455.22851981176416,-0.000401,-1899.576235
DOM_10_008,-1,FMP_DOM,SKIN,0,1,1,0,0.333,1.0,5.0,64.2,-145.0,182,108,-124.0,0.0,32688,6451322.9,1932661.3,3,7,-455.22851981176416,-0.000401,-1899.576235
DOM_10_009,-1,FMP_DOM,SKIN,0,1,1,0,0.333,1.0,5.0,43.9,-194.0,184,109,-170.0,0.0,33049,6452134.8,1931892.7,4,7,-455.22851981176416,-0.000401,-1899.576235
DOM_10_010,-1,FMP_DOM,SKIN,0,1,1,0,0.333,1.0,5.0,62.6,-151.0,226,123,-129.0,0.0,40623,6465895.0,1914553.3,2,6,-455.22851981176416,-0.000401,-1899.576235
DOM_10_011,-1,FMP_DOM,SKIN,0,1,1,0,0.333,1.0,5.0,345.0,179.0,231,123,195.0,0.0,41523,6466750.1,1912204.0,1,1,-29.94402,-29.94402,-29.94402
DOM_10_012,-1,FMP_DOM,SKIN,0,1,1,0,0.333,1.0,5.0,108.0,-300.0,233,120,-259.0,0.0,41880,6465682.6,1910751.3,1,8,-455.22851981176416,-0.000401,-1899.576235
DOM_10_013,-1,FMP_DOM,SKIN,0,1,1,0,0.333,1.0,5.0,239.0,-40.1,234,120,-12.2,0.0,42060,6465853.6,1910281.5,1,4,-411.6628627117642,-0.000401,-1386.87551
DOM_10_014,-1,FMP_DOM,SKIN,0,1,1,0,0.333,1.0,5.0,157.0,-146.0,234,129,-116.0,0.0,42069,6470082.2,1911820.5,1,6,-455.22851981176416,-0.000401,-1899.576235
DOM_10_015,-1,FMP_DOM,SKIN,0,1,1,0,0.333,1.0,5.0,114.0,-37.9,262,100,-22.8,0.0,47080,6461244.9,1893705.6,1,5,-440.14056102647,-0.000401,-1646.074535
DOM_10_016,-1,FMP_DOM,SKIN,0,1,1,0,0.333,1.0,5.0,107.0,-71.1,187,111,-53.4,0.0,33591,6453587.5,1930825.1,2,6,-455.22851981176416,-0.000401,-1899.576235
DOM_10_017,-1,FMP_DOM,SKIN,0,1,1,0,0.333,1.0,5.0,6.23,-321.0,187,112,-288.0,0.0,33592,6454057.3,1930996.2,4,8,-455.22851981176416,-0.000401,-1899.576235
DOM_10_018,-1,FMP_DOM,SKIN,0,1,1,0,0.333,1.0,5.0,22.6,-275.0,188,112,-245.0,0.0,33772,6454228.3,1930526.3,4,8,-455.22851981176416,-0.000401,-1899.576235
DOM_10_019,-1,FMP_DOM,SKIN,0,1,1,0,0.333,1.0,5.0,117.0,-8.09,268,93,4.37,0.0,48153,6458982.1,1889689.4,2,5,-455.22851981176416,-0.000401,-1899.576235
DOM_10_020,-1,FMP_DOM,SKIN,0,1,1,0,0.333,1.0,5.0,101.0,-34.7,269,94,-21.2,0.0,48334,6459622.9,1889390.6,2,5,-455.22851981176416,-0.000401,-1899.576235
DOM_10_021,-1,FMP_DOM,SKIN,0,1,1,0,0.333,1.0,5.0,68.1,-119.0,256,129,-100.0,0.0,46029,6473844.4,1901483.9,1,5,-455.22851981176416,-0.000401,-1899.576235
DOM_10_022,-1,FMP_DOM,SKIN,0,1,1,0,0.333,1.0,5.0,61.5,-99.1,258,128,-83.1,0.0,46388,6473716.6,1900373.2,1,5,-455.22851981176416,-0.000401,-1899.576235
DOM_10_023,-1,FMP_DOM,SKIN,0,1,1,0,0.333,1.0,5.0,-42.8,-337.0,259,128,-308.0,0.0,46568,6473887.6,1899903.4,4,8,-455.22851981176416,-0.000401,-1899.576235
DOM_10_024,-1,FMP_DOM,SKIN,0,1,1,0,0.333,1.0,5.0,-18.3,-246.0,261,127,-223.0,0.0,46927,6473759.8,1898792.7,3,7,-455.22851981176416,-0.000401,-1899.576235
DOM_10_025,-1,FMP_DOM,SKIN,0,1,1,0,0.333,1.0,5.0,-11.0,-227.0,262,127,-206.0,0.0,47107,6473930.8,1898322.8,3,7,-455.22851981176416,-0.000401,-1899.576235
DOM_10_026,-1,FMP_DOM,SKIN,0,1,1,0,0.333,1.0,5.0,-70.8,-373.0,262,128,-343.0,0.0,47108,6474400.6,1898493.8,4,8,-455.22851981176416,-0.000401,-1899.576235
DOM_10_027,-1,FMP_DOM,SKIN,0,1,1,0,0.333,1.0,5.0,30.0,-205.0,263,129,-182.0,0.0,47289,6475041.5,1898195.0,2,6,-455.22851981176416,-0.000401,-1899.576235
DOM_10_028,-1,FMP_DOM,SKIN,0,1,1,0,0.333,1.0,5.0,88.3,-316.0,278,94,-276.0,0.0,49954,6461162.0,1885162.0,3,8,-455.22851981176416,-0.000401,-1899.576235
DOM_10_029,-1,FMP_DOM,SKIN,0,1,1,0,0.333,1.0,5.0,97.9,-65.6,193,115,-49.2,0.0,34675,6456492.9,1928690.1,2,6,-455.22851981176416,-0.000401,-1899.576235
DOM_10_030,-1,FMP_DOM,SKIN,0,1,1,0,0.333,1.0,5.0,104.0,-36.0,199,116,-22.0,0.0,35756,6457988.8,1926042.0,2,5,-455.22851981176416,-0.000401,-1899.576235
DOM_10_031,-1,FMP_DOM,SKIN,0,1,1,0,0.333,1.0,5.0,260.0,81.2,200,118,99.1,0.0,35938,6459099.5,1925914.2,1,3,-200.1977596488096,-0.000401,-1087.720865
DOM_10_032,-1,FMP_DOM,SKIN,0,1,1,0,0.333,1.0,5.0,168.0,-136.0,264,99,-106.0,0.0,47439,6461117.1,1892594.9,1,6,-455.22851981176416,-0.000401,-1899.576235
DOM_10_033,-1,FMP_DOM,SKIN,0,1,1,0,0.333,1.0,5.0,-37.8,-304.0,211,98,-277.0,0.0,37898,6451583.7,1917325.7,5,8,-455.22851981176416,-0.000401,-1899.576235
DOM_10_034,-1,FMP_DOM,SKIN,0,1,1,0,0.333,1.0,5.0,-22.7,-287.0,211,99,-260.0,0.0,37899,6452053.6,1917496.7,4,8,-455.22851981176416,-0.000401,-1899.576235
DOM_10_035,-1,FMP_DOM,SKIN,0,1,1,0,0.333,1.0,5.0,36.4,-223.0,212,95,-197.0,0.0,38075,6450345.2,1916342.8,4,7,-455.22851981176416,-0.000401,-1899.576235
DOM_10_036,-1,FMP_DOM,SKIN,0,1,1,0,0.333,1.0,5.0,56.7,-204.0,213,96,-178.0,0.0,38256,6450986.0,1916044.0,3,7,-455.22851981176416,-0.000401,-1899.576235
DOM_10_037,-1,FMP_DOM,SKIN,0,1,1,0,0.333,1.0,5.0,116.0,-148.0,214,97,-121.0,0.0,38437,6451626.9,1915745.1,1,6,-455.22851981176416,-0.000401,-1899.576235
DOM_10_038,-1,FMP_DOM,SKIN,0,1,1,0,0.333,1.0,5.0,274.0,128.0,216,97,142.0,0.0,38797,6451968.9,1914805.5,1,1,-102.9164885,-0.104411,-297.296931
DOM_10_039,-1,FMP_DOM,SKIN,0,1,1,0,0.333,1.0,5.0,350.0,112.0,216,100,136.0,0.0,38800,6453378.5,1915318.5,1,1,-391.1120922857143,-1.458419,-868.77306
DOM_10_040,-1,FMP_DOM,SKIN,0,1,1,0,0.333,1.0,5.0,-14.2,-384.0,219,95,-347.0,0.0,39335,6451542.3,1913053.9,5,9,-455.22851981176416,-0.000401,-1899.576235
DOM_10_041,-1,FMP_DOM,SKIN,0,1,1,0,0.333,1.0,5.0,-0.172,-171.0,226,121,-154.0,0.0,40621,6464955.3,1914211.2,4,7,-455.22851981176416,-0.000401,-1899.576235
DOM_10_042,-1,FMP_DOM,SKIN,0,1,1,0,0.333,1.0,5.0,-79.6,-290.0,227,120,-269.0,0.0,40800,6464656.5,1913570.4,5,8,-455.22851981176416,-0.000401,-1899.576235
DOM_10_043,-1,FMP_DOM,SKIN,0,1,1,0,0.333,1.0,5.0,-63.0,-260.0,228,119,-241.0,0.0,40979,6464357.7,1912929.5,5,7,-455.22851981176416,-0.000401,-1899.576235
DOM_10_044,-1,FMP_DOM,SKIN,0,1,1,0,0.333,1.0,5.0,16.2,-182.0,231,120,-162.0,0.0,41520,6465340.5,1911691.0,3,7,-455.22851981176416,-0.000401,-1899.576235
DOM_10_045,-1,FMP_DOM,SKIN,0,1,1,0,0.333,1.0,5.0,1.51,-160.0,233,117,-144.0,0.0,41877,6464273.0,1910238.3,3,6,-455.22851981176416,-0.000401,-1899.576235
DOM_10_046,-1,FMP_DOM,SKIN,0,1,1,0,0.333,1.0,5.0,289.0,-17.2,238,118,13.3,0.0,42778,6465597.9,1908060.0,1,4,-266.47896303823507,-0.000401,-1001.147545
DOM_10_047,-1,FMP_DOM,SKIN,0,1,1,0,0.333,1.0,5.0,213.0,-109.0,238,120,-77.0,0.0,42780,6466537.6,1908402.1,1,5,-455.22851981176416,-0.000401,-1899.576235
DOM_10_048,-1,FMP_DOM,SKIN,0,1,1,0,0.333,1.0,5.0,-31.8,-354.0,240,121,-322.0,0.0,43141,6467349.5,1907633.4,4,8,-455.22851981176416,-0.000401,-1899.576235
DOM_10_049,-1,FMP_DOM,SKIN,0,1,1,0,0.333,1.0,5.0,20.5,-298.0,240,123,-266.0,0.0,43143,6468289.2,1907975.4,3,8,-455.22851981176416,-0.000401,-1899.576235
DOM_10_050,-1,FMP_DOM,SKIN,0,1,1,0,0.333,1.0,5.0,138.0,-133.0,241,118,-106.0,0.0,43318,6466110.9,1906650.5,1,6,-455.22851981176416,-0.000401,-1899.576235
DOM_10_051,-1,FMP_DOM,SKIN,0,1,1,0,0.333,1.0,5.0,24.2,-283.0,242,119,-253.0,0.0,43499,6466751.8,1906351.7,3,7,-455.22851981176416,-0.000401,-1899.576235
DOM_10_052,-1,FMP_DOM,SKIN,0,1,1,0,0.333,1.0,5.0,-207.0,-475.0,264,131,-448.0,0.0,47471,6476152.2,1898067.2,6,9,-455.22851981176416,-0.000401,-1899.576235
DOM_10_053,-1,FMP_DOM,SKIN,0,1,1,0,0.333,1.0,5.0,-39.3,-277.0,265,131,-253.0,0.0,47651,6476323.2,1897597.3,4,7,-455.22851981176416,-0.000401,-1899.576235
DOM_10_054,-1,FMP_DOM,SKIN,0,1,1,0,0.333,1.0,5.0,151.0,-70.5,265,132,-48.3,0.0,47652,6476793.0,1897768.3,1,4,-394.97485655294065,-0.000401,-1386.87551
DOM_10_055,-1,FMP_DOM,SKIN,0,1,1,0,0.333,1.0,5.0,33.8,-194.0,266,131,-171.0,0.0,47831,6476494.2,1897127.5,2,6,-455.22851981176416,-0.000401,-1899.576235
DOM_10_056,-1,FMP_DOM,SKIN,0,1,1,0,0.333,1.0,5.0,-238.0,-507.0,269,132,-480.0,0.0,48372,6477477.1,1895889.0,7,9,-455.22851981176416,-0.000401,-1899.576235
DOM_10_057,-1,FMP_DOM,SKIN,0,1,1,0,0.333,1.0,5.0,-150.0,-416.0,270,137,-389.0,0.0,48557,6479997.3,1896274.2,6,9,-455.22851981176416,-0.000401,-1899.576235
DOM_10_058,-1,FMP_DOM,SKIN,0,1,1,0,0.333,1.0,5.0,-126.0,-383.0,271,135,-357.0,0.0,48735,6479228.6,1895462.3,5,8,-455.22851981176416,-0.000401,-1899.576235
DOM_10_059,-1,FMP_DOM,SKIN,0,1,1,0,0.333,1.0,5.0,-101.0,-350.0,271,136,-325.0,0.0,48736,6479698.5,1895633.3,5,8,-455.22851981176416,-0.000401,-1899.576235
DOM_10_060,-1,FMP_DOM,SKIN,0,1,1,0,0.333,1.0,5.0,-143.0,-413.0,271,138,-386.0,0.0,48738,6480638.2,1895975.3,6,9,-455.22851981176416,-0.000401,-1899.576235
DOM_10_061,-1,FMP_DOM,SKIN,0,1,1,0,0.333,1.0,5.0,-211.0,-479.0,272,136,-452.0,0.0,48916,6479869.5,1895163.5,7,9,-455.22851981176416,-0.000401,-1899.576235
DOM_10_062,-1,FMP_DOM,SKIN,0,1,1,0,0.333,1.0,5.0,46.2,-414.0,238,129,-368.0,0.0,42789,6470766.2,1909941.2,3,9,-455.22851981176416,-0.000401,-1899.576235
DOM_10_063,-1,FMP_DOM,SKIN,0,1,1,0,0.333,1.0,5.0,47.3,-233.0,166,103,-205.0,0.0,29803,6446237.5,1939323.8,4,8,-455.22851981176416,-0.000401,-1899.576235
DOM_11_001,-1,FMP_DOM,SKIN,0,1,1,0,0.333,1.0,5.0,29.6,-72.0,284,122,-61.8,0.0,51062,6475343.8,1887131.2,1,4,-331.00131937091976,-0.109618,-1096.19093
DOM_11_002,-1,FMP_DOM,SKIN,0,1,1,0,0.333,1.0,5.0,23.2,-87.6,285,120,-76.5,0.0,51240,6474575.1,1886319.3,2,4,-331.00131937091976,-0.109618,-1096.19093
DOM_11_003,-1,FMP_DOM,SKIN,0,1,1,0,0.333,1.0,5.0,11.9,-114.0,285,121,-101.0,0.0,51241,6475044.9,1886490.3,2,5,-331.00131937091976,-0.109618,-1096.19093
DOM_11_004,-1,FMP_DOM,SKIN,0,1,1,0,0.333,1.0,5.0,24.7,-75.7,285,122,-65.7,0.0,51242,6475514.8,1886661.3,2,4,-331.00131937091976,-0.109618,-1096.19093
DOM_11_005,-1,FMP_DOM,SKIN,0,1,1,0,0.333,1.0,5.0,19.3,-104.0,286,119,-91.4,0.0,51419,6474276.2,1885678.4,2,5,-331.00131937091976,-0.109618,-1096.19093
DOM_11_006,-1,FMP_DOM,SKIN,0,1,1,0,0.333,1.0,5.0,19.0,-103.0,286,120,-91.2,0.0,51420,6474746.1,1885849.4,2,5,-331.00131937091976,-0.109618,-1096.19093
DOM_11_007,-1,FMP_DOM,SKIN,0,1,1,0,0.333,1.0,5.0,23.0,-91.0,286,121,-79.6,0.0,51421,6475215.9,1886020.5,2,4,-331.00131937091976,-0.109618,-1096.19093
DOM_11_008,-1,FMP_DOM,SKIN,0,1,1,0,0.333,1.0,5.0,29.7,-72.7,286,122,-62.5,0.0,51422,6475685.8,1886191.5,1,4,-331.00131937091976,-0.109618,-1096.19093
DOM_11_009,-1,FMP_DOM,SKIN,0,1,1,0,0.333,1.0,5.0,7.85,-132.0,287,119,-118.0,0.0,51599,6474447.3,1885208.6,2,5,-331.00131937091976,-0.109618,-1096.19093
DOM_11_010,-1,FMP_DOM,SKIN,0,1,1,0,0.333,1.0,5.0,23.6,-88.5,287,120,-77.3,0.0,51600,6474917.1,1885379.6,2,4,-331.00131937091976,-0.109618,-1096.19093
DOM_11_011,-1,FMP_DOM,SKIN,0,1,1,0,0.333,1.0,5.0,23.4,-88.8,287,121,-77.5,0.0,51601,6475386.9,1885550.6,2,4,-331.00131937091976,-0.109618,-1096.19093
DOM_11_012,-1,FMP_DOM,SKIN,0,1,1,0,0.333,1.0,5.0,31.2,-65.9,288,119,-56.2,0.0,51779,6474618.3,1884738.7,2,4,-331.00131937091976,-0.109618,-1096.19093
DOM_11_013,-1,FMP_DOM,SKIN,0,1,1,0,0.333,1.0,5.0,6.86,-127.0,288,120,-114.0,0.0,51780,6475088.1,1884909.8,2,5,-331.00131937091976,-0.109618,-1096.19093
DOM_11_014,-1,FMP_DOM,SKIN,0,1,1,0,0.333,1.0,5.0,-6.8,-162.0,288,121,-146.0,0.0,51781,6475558.0,1885080.8,3,6,-331.00131937091976,-0.109618,-1096.19093
DOM_11_015,-1,FMP_DOM,SKIN,0,1,1,0,0.333,1.0,5.0,-15.4,-236.0,285,123,-214.0,0.0,51243,6475984.6,1886832.3,3,7,-331.00131937091976,-0.109618,-1096.19093
DOM_11_016,-1,FMP_DOM,SKIN,0,1,1,0,0.333,1.0,5.0,5.51,-119.0,285,126,-107.0,0.0,51246,6477394.2,1887345.4,2,5,-331.00131937091976,-0.109618,-1096.19093
DOM_11_017,-1,FMP_DOM,SKIN,0,1,1,0,0.333,1.0,5.0,-5.27,-210.0,286,123,-190.0,0.0,51423,6476155.6,1886362.5,2,6,-331.00131937091976,-0.109618,-1096.19093
DOM_11_018,-1,FMP_DOM,SKIN,0,1,1,0,0.333,1.0,5.0,-8.99,-208.0,286,126,-188.0,0.0,51426,6477565.2,1886875.5,2,6,-331.00131937091976,-0.109618,-1096.19093
DOM_11_019,-1,FMP_DOM,SKIN,0,1,1,0,0.333,1.0,5.0,-27.7,-283.0,286,127,-258.0,0.0,51427,6478035.0,1887046.5,3,7,-331.00131937091976,-0.109618,-1096.19093
DOM_11_020,-1,FMP_DOM,SKIN,0,1,1,0,0.333,1.0,5.0,13.3,-103.0,287,122,-91.0,0.0,51602,6475856.8,1885721.6,2,5,-331.00131937091976,-0.109618,-1096.19093
DOM_11_021,-1,FMP_DOM,SKIN,0,1,1,0,0.333,1.0,5.0,15.3,-88.2,287,123,-77.9,0.0,51603,6476326.6,1885892.6,2,4,-331.00131937091976,-0.109618,-1096.19093
DOM_11_022,-1,FMP_DOM,SKIN,0,1,1,0,0.333,1.0,5.0,-7.18,-202.0,288,122,-182.0,0.0,51782,6476027.8,1885251.8,3,6,-331.00131937091976,-0.109618,-1096.19093
DOM_11_023,-1,FMP_DOM,SKIN,0,1,1,0,0.333,1.0,5.0,11.7,-71.9,288,123,-63.6,0.0,51783,6476497.6,1885422.8,2,4,-331.00131937091976,-0.109618,-1096.19093
DOM_11_024,-1,FMP_DOM,SKIN,0,1,1,0,0.333,1.0,5.0,1.5,-119.0,288,127,-107.0,0.0,51787,6478377.0,1886106.8,2,5,-331.00131937091976,-0.109618,-1096.19093
DOM_11_025,-1,FMP_DOM,SKIN,0,1,1,0,0.333,1.0,5.0,9.57,-71.9,290,126,-63.7,0.0,52146,6478249.2,1884996.1,1,4,-331.00131937091976,-0.109618,-1096.19093
DOM_11_026,-1,FMP_DOM,SKIN,0,1,1,0,0.333,1.0,5.0,21.9,-29.9,291,125,-24.7,0.0,52325,6477950.4,1884355.3,1,3,-331.00131937091976,-0.109618,-1096.19093
DOM_11_027,-1,FMP_DOM,SKIN,0,1,1,0,0.333,1.0,5.0,-24.7,-240.0,291,126,-218.0,0.0,52326,6478420.2,1884526.3,2,6,-331.00131937091976,-0.109618,-1096.19093
DOM_11_028,-1,FMP_DOM,SKIN,0,1,1,0,0.333,1.0,5.0,-19.4,-179.0,291,127,-163.0,0.0,52327,6478890.1,1884697.3,2,6,-331.00131937091976,-0.109618,-1096.19093
DOM_11_029,-1,FMP_DOM,SKIN,0,1,1,0,0.333,1.0,5.0,-14.6,-144.0,292,127,-131.0,0.0,52507,6479061.1,1884227.4,2,5,-331.00131937091976,-0.109618,-1096.19093
DOM_11_030,-1,FMP_DOM,SKIN,0,1,1,0,0.333,1.0,5.0,-36.0,-296.0,293,126,-270.0,0.0,52686,6478762.2,1883586.6,3,7,-331.00131937091976,-0.109618,-1096.19093
DOM_11_031,-1,FMP_DOM,SKIN,0,1,1,0,0.333,1.0,5.0,-16.0,-182.0,294,126,-166.0,0.0,52866,6478933.2,1883116.7,2,6,-331.00131937091976,-0.109618,-1096.19093
DOM_11_032,-1,FMP_DOM,SKIN,0,1,1,0,0.333,1.0,5.0,-8.28,-99.4,295,126,-90.3,0.0,53046,6479104.3,1882646.9,2,4,-331.00131937091976,-0.109618,-1096.19093
DOM_11_033,-1,FMP_DOM,SKIN,0,1,1,0,0.333,1.0,5.0,-17.9,-191.0,296,125,-174.0,0.0,53225,6478805.4,1882006.0,2,6,-331.00131937091976,-0.109618,-1096.19093
DOM_11_034,-1,FMP_DOM,SKIN,0,1,1,0,0.333,1.0,5.0,-23.1,-201.0,296,126,-184.0,0.0,53226,6479275.3,1882177.0,2,6,-331.00131937091976,-0.109618,-1096.19093
DOM_11_035,-1,FMP_DOM,SKIN,0,1,1,0,0.333,1.0,5.0,-17.7,-206.0,297,125,-187.0,0.0,53405,6478976.4,1881536.2,2,6,-331.00131937091976,-0.109618,-1096.19093
DOM_11_036,-1,FMP_DOM,SKIN,0,1,1,0,0.333,1.0,5.0,-31.6,-295.0,298,125,-269.0,0.0,53585,6479147.4,1881066.3,3,7,-331.00131937091976,-0.109618,-1096.19093
DOM_11_037,-1,FMP_DOM,SKIN,0,1,1,0,0.333,1.0,5.0,14.5,-88.7,299,124,-78.3,0.0,53764,6478848.6,1880425.5,1,4,-331.00131937091976,-0.109618,-1096.19093
DOM_11_038,-1,FMP_DOM,SKIN,0,1,1,0,0.333,1.0,5.0,-29.9,-292.0,299,125,-266.0,0.0,53765,6479318.4,1880596.5,2,7,-331.00131937091976,-0.109618,-1096.19093
DOM_11_039,-1,FMP_DOM,SKIN,0,1,1,0,0.333,1.0,5.0,14.3,-227.0,275,114,-203.0,0.0,49434,6470045.9,1889991.7,3,7,-331.00131937091976,-0.109618,-1096.19093
DOM_11_040,-1,FMP_DOM,SKIN,0,1,1,0,0.333,1.0,5.0,25.7,-173.0,276,114,-153.0,0.0,49614,6470216.9,1889521.8,3,6,-331.00131937091976,-0.109618,-1096.19093
DOM_11_041,-1,FMP_DOM,SKIN,0,1,1,0,0.333,1.0,5.0,29.3,-101.0,263,121,-88.3,0.0,47281,6471282.7,1896826.9,2,5,-331.00131937091976,-0.109618,-1096.19093
DOM_11_042,-1,FMP_DOM,SKIN,0,1,1,0,0.333,1.0,5.0,-8.8,-249.0,264,125,-225.0,0.0,47465,6473333.1,1897041.1,3,7,-331.00131937091976,-0.109618,-1096.19093
DOM_11_043,-1,FMP_DOM,SKIN,0,1,1,0,0.333,1.0,5.0,8.12,-120.0,266,127,-108.0,0.0,47827,6474614.8,1896443.4,2,5,-331.00131937091976,-0.109618,-1096.19093
DOM_11_044,-1,FMP_DOM,SKIN,0,1,1,0,0.333,1.0,5.0,15.6,-116.0,267,125,-103.0,0.0,48005,6473846.1,1895631.6,2,5,-331.00131937091976,-0.109618,-1096.19093
DOM_11_045,-1,FMP_DOM,SKIN,0,1,1,0,0.333,1.0,5.0,25.8,-110.0,268,120,-96.2,0.0,48180,6471667.9,1894306.7,2,5,-331.00131937091976,-0.109618,-1096.19093
DOM_11_046,-1,FMP_DOM,SKIN,0,1,1,0,0.333,1.0,5.0,26.1,-92.7,268,121,-80.9,0.0,48181,6472137.8,1894477.7,2,5,-331.00131937091976,-0.109618,-1096.19093
DOM_11_047,-1,FMP_DOM,SKIN,0,1,1,0,0.333,1.0,5.0,-13.5,-280.0,271,121,-254.0,0.0,48721,6472650.8,1893068.2,3,7,-331.00131937091976,-0.109618,-1096.19093
DOM_11_048,-1,FMP_DOM,SKIN,0,1,1,0,0.333,1.0,5.0,-40.1,-290.0,262,120,-265.0,0.0,47100,6470641.8,1897125.8,4,7,-331.00131937091976,-0.109618,-1096.19093
DOM_11_049,-1,FMP_DOM,SKIN,0,1,1,0,0.333,1.0,5.0,-22.4,-252.0,263,119,-229.0,0.0,47279,6470343.0,1896484.9,3,7,-331.00131937091976,-0.109618,-1096.19093
DOM_11_050,-1,FMP_DOM,SKIN,0,1,1,0,0.333,1.0,5.0,23.4,-121.0,264,119,-107.0,0.0,47459,6470514.0,1896015.1,2,5,-331.00131937091976,-0.109618,-1096.19093
DOM_11_051,-1,FMP_DOM,SKIN,0,1,1,0,0.333,1.0,5.0,-0.178,-231.0,273,119,-208.0,0.0,49079,6472053.1,1891786.4,3,7,-331.00131937091976,-0.109618,-1096.19093
DOM_11_052,-1,FMP_DOM,SKIN,0,1,1,0,0.333,1.0,5.0,-17.9,-305.0,273,120,-277.0,0.0,49080,6472523.0,1891957.4,3,7,-331.00131937091976,-0.109618,-1096.19093
DOM_11_053,-1,FMP_DOM,SKIN,0,1,1,0,0.333,1.0,5.0,-45.8,-427.0,273,121,-389.0,0.0,49081,6472992.8,1892128.5,4,8,-331.00131937091976,-0.109618,-1096.19093
DOM_11_054,-1,FMP_DOM,SKIN,0,1,1,0,0.333,1.0,5.0,-9.01,-328.0,274,116,-296.0,0.0,49256,6470814.6,1890803.6,3,8,-331.00131937091976,-0.109618,-1096.19093
DOM_11_055,-1,FMP_DOM,SKIN,0,1,1,0,0.333,1.0,5.0,6.38,-218.0,274,118,-195.0,0.0,49258,6471754.3,1891145.6,3,7,-331.00131937091976,-0.109618,-1096.19093
DOM_11_056,-1,FMP_DOM,SKIN,0,1,1,0,0.333,1.0,5.0,5.41,-202.0,274,119,-181.0,0.0,49259,6472224.1,1891316.6,3,6,-331.00131937091976,-0.109618,-1096.19093
DOM_11_057,-1,FMP_DOM,SKIN,0,1,1,0,0.333,1.0,5.0,1.92,-199.0,274,120,-179.0,0.0,49260,6472694.0,1891487.6,3,6,-331.00131937091976,-0.109618,-1096.19093
DOM_11_058,-1,FMP_DOM,SKIN,0,1,1,0,0.333,1.0,5.0,-12.6,-330.0,275,117,-299.0,0.0,49437,6471455.4,1890504.7,3,8,-331.00131937091976,-0.109618,-1096.19093
DOM_11_059,-1,FMP_DOM,SKIN,0,1,1,0,0.333,1.0,5.0,2.39,-239.0,275,118,-215.0,0.0,49438,6471925.3,1890675.7,3,7,-331.00131937091976,-0.109618,-1096.19093
DOM_11_060,-1,FMP_DOM,SKIN,0,1,1,0,0.333,1.0,5.0,-17.8,-320.0,275,119,-290.0,0.0,49439,6472395.1,1890846.7,3,8,-331.00131937091976,-0.109618,-1096.19093
DOM_11_061,-1,FMP_DOM,SKIN,0,1,1,0,0.333,1.0,5.0,10.0,-156.0,275,120,-139.0,0.0,49440,6472865.0,1891017.8,2,6,-331.00131937091976,-0.109618,-1096.19093
DOM_11_062,-1,FMP_DOM,SKIN,0,1,1,0,0.333,1.0,5.0,-1.94,-238.0,276,119,-214.0,0.0,49619,6472566.1,1890376.9,3,7,-331.00131937091976,-0.109618,-1096.19093
DOM_11_063,-1,FMP_DOM,SKIN,0,1,1,0,0.333,1.0,5.0,-41.9,-421.0,276,120,-383.0,0.0,49620,6473036.0,1890547.9,4,8,-331.00131937091976,-0.109618,-1096.19093
DOM_11_064,-1,FMP_DOM,SKIN,0,1,1,0,0.333,1.0,5.0,-30.2,-343.0,276,121,-312.0,0.0,49621,6473505.8,1890718.9,3,8,-331.00131937091976,-0.109618,-1096.19093
DOM_11_065,-1,FMP_DOM,SKIN,0,1,1,0,0.333,1.0,5.0,12.8,-159.0,278,118,-142.0,0.0,49978,6472438.3,1889266.2,2,6,-331.00131937091976,-0.109618,-1096.19093
DOM_11_066,-1,FMP_DOM,SKIN,0,1,1,0,0.333,1.0,5.0,-3.62,-230.0,278,119,-208.0,0.0,49979,6472908.2,1889437.2,3,7,-331.00131937091976,-0.109618,-1096.19093
DOM_11_067,-1,FMP_DOM,SKIN,0,1,1,0,0.333,1.0,5.0,-26.6,-309.0,278,122,-280.0,0.0,49982,6474317.7,1889950.2,3,7,-331.00131937091976,-0.109618,-1096.19093
DOM_11_068,-1,FMP_DOM,SKIN,0,1,1,0,0.333,1.0,5.0,-7.33,-200.0,278,123,-181.0,0.0,49983,6474787.5,1890121.2,2,6,-331.00131937091976,-0.109618,-1096.19093
DOM_11_069,-1,FMP_DOM,SKIN,0,1,1,0,0.333,1.0,5.0,-24.3,-251.0,278,125,-229.0,0.0,49985,6475727.2,1890463.3,3,7,-331.00131937091976,-0.109618,-1096.19093
DOM_11_070,-1,FMP_DOM,SKIN,0,1,1,0,0.333,1.0,5.0,-5.86,-246.0,279,118,-222.0,0.0,50158,6472609.3,1888796.4,3,7,-331.00131937091976,-0.109618,-1096.19093
DOM_11_071,-1,FMP_DOM,SKIN,0,1,1,0,0.333,1.0,5.0,-12.9,-273.0,279,119,-247.0,0.0,50159,6473079.2,1888967.4,3,7,-331.00131937091976,-0.109618,-1096.19093
DOM_11_072,-1,FMP_DOM,SKIN,0,1,1,0,0.333,1.0,5.0,-27.2,-325.0,279,121,-295.0,0.0,50161,6474018.9,1889309.4,3,8,-331.00131937091976,-0.109618,-1096.19093
DOM_11_073,-1,FMP_DOM,SKIN,0,1,1,0,0.333,1.0,5.0,7.96,-138.0,279,122,-124.0,0.0,50162,6474488.7,1889480.4,2,5,-331.00131937091976,-0.109618,-1096.19093
DOM_11_074,-1,FMP_DOM,SKIN,0,1,1,0,0.333,1.0,5.0,-55.7,-449.0,279,123,-410.0,0.0,50163,6474958.6,1889651.4,4,9,-331.00131937091976,-0.109618,-1096.19093
DOM_11_075,-1,FMP_DOM,SKIN,0,1,1,0,0.333,1.0,5.0,-42.9,-422.0,280,119,-384.0,0.0,50339,6473250.2,1888497.5,4,8,-331.00131937091976,-0.109618,-1096.19093
DOM_11_076,-1,FMP_DOM,SKIN,0,1,1,0,0.333,1.0,5.0,2.98,-180.0,280,120,-162.0,0.0,50340,6473720.0,1888668.5,2,6,-331.00131937091976,-0.109618,-1096.19093
DOM_11_077,-1,FMP_DOM,SKIN,0,1,1,0,0.333,1.0,5.0,-46.3,-401.0,280,123,-365.0,0.0,50343,6475129.6,1889181.6,3,8,-331.00131937091976,-0.109618,-1096.19093
DOM_11_078,-1,FMP_DOM,SKIN,0,1,1,0,0.333,1.0,5.0,-43.2,-377.0,280,124,-343.0,0.0,50344,6475599.4,1889352.6,3,8,-331.00131937091976,-0.109618,-1096.19093
DOM_11_079,-1,FMP_DOM,SKIN,0,1,1,0,0.333,1.0,5.0,6.5,-168.0,281,119,-150.0,0.0,50519,6473421.2,1888027.7,2,6,-331.00131937091976,-0.109618,-1096.19093
DOM_11_080,-1,FMP_DOM,SKIN,0,1,1,0,0.333,1.0,5.0,-0.778,-196.0,281,120,-176.0,0.0,50520,6473891.0,1888198.7,2,6,-331.00131937091976,-0.109618,-1096.19093
DOM_11_081,-1,FMP_DOM,SKIN,0,1,1,0,0.333,1.0,5.0,-45.6,-415.0,281,121,-378.0,0.0,50521,6474360.9,1888369.7,4,8,-331.00131937091976,-0.109618,-1096.19093
DOM_11_082,-1,FMP_DOM,SKIN,0,1,1,0,0.333,1.0,5.0,-33.5,-343.0,281,122,-312.0,0.0,50522,6474830.7,1888540.7,3,8,-331.00131937091976,-0.109618,-1096.19093
DOM_11_083,-1,FMP_DOM,SKIN,0,1,1,0,0.333,1.0,5.0,-34.9,-335.0,281,123,-305.0,0.0,50523,6475300.6,1888711.7,3,8,-331.00131937091976,-0.109618,-1096.19093
DOM_11_084,-1,FMP_DOM,SKIN,0,1,1,0,0.333,1.0,5.0,-20.0,-290.0,282,120,-263.0,0.0,50700,6474062.0,1887728.8,3,7,-331.00131937091976,-0.109618,-1096.19093
DOM_11_085,-1,FMP_DOM,SKIN,0,1,1,0,0.333,1.0,5.0,-35.5,-357.0,282,121,-325.0,0.0,50701,6474531.9,1887899.8,3,8,-331.00131937091976,-0.109618,-1096.19093
DOM_11_086,-1,FMP_DOM,SKIN,0,1,1,0,0.333,1.0,5.0,-41.2,-384.0,282,122,-350.0,0.0,50702,6475001.7,1888070.9,3,8,-331.00131937091976,-0.109618,-1096.19093
DOM_11_087,-1,FMP_DOM,SKIN,0,1,1,0,0.333,1.0,5.0,29.1,-151.0,261,123,-133.0,0.0,46923,6471880.4,1898108.6,2,6,-331.00131937091976,-0.109618,-1096.19093
DOM_11_088,-1,FMP_DOM,SKIN,0,1,1,0,0.333,1.0,5.0,-135.0,-418.0,278,127,-390.0,0.0,49987,6476666.9,1890805.3,5,8,-331.00131937091976,-0.109618,-1096.19093
DOM_11_089,-1,FMP_DOM,SKIN,0,1,1,0,0.333,1.0,5.0,-110.0,-370.0,279,126,-344.0,0.0,50166,6476368.1,1890164.4,5,8,-331.00131937091976,-0.109618,-1096.19093
DOM_11_090,-1,FMP_DOM,SKIN,0,1,1,0,0.333,1.0,5.0,-138.0,-417.0,279,129,-389.0,0.0,50169,6477777.6,1890677.5,5,8,-331.00131937091976,-0.109618,-1096.19093
DOM_11_091,-1,FMP_DOM,SKIN,0,1,1,0,0.333,1.0,5.0,-114.0,-380.0,280,125,-353.0,0.0,50345,6476069.3,1889523.6,5,8,-331.00131937091976,-0.109618,-1096.19093
DOM_11_092,-1,FMP_DOM,SKIN,0,1,1,0,0.333,1.0,5.0,-89.8,-335.0,282,125,-311.0,0.0,50705,6476411.3,1888583.9,4,8,-331.00131937091976,-0.109618,-1096.19093
DOM_11_093,-1,FMP_DOM,SKIN,0,1,1,0,0.333,1.0,5.0,-11.9,-187.0,284,124,-169.0,0.0,51064,6476283.5,1887473.2,2,6,-331.00131937091976,-0.109618,-1096.19093
DOM_12_001,-1,FMP_DOM,SKIN,0,1,1,0,0.333,1.0,5.0,111.0,-91.0,296,96,-70.8,0.0,53196,6465179.9,1877046.7,1,6,-386.2436677581122,-0.015408,-864.01681
DOM_12_002,-1,FMP_DOM,SKIN,0,1,1,0,0.333,1.0,5.0,28.8,-175.0,270,113,-155.0,0.0,48533,6468721.0,1892169.9,3,6,-386.2436677581122,-0.015408,-864.01681
DOM_12_003,-1,FMP_DOM,SKIN,0,1,1,0,0.333,1.0,5.0,77.0,-46.6,274,105,-34.3,0.0,49245,6465646.3,1888922.5,2,5,-386.2436677581122,-0.015408,-864.01681
DOM_12_004,-1,FMP_DOM,SKIN,0,1,1,0,0.333,1.0,5.0,41.4,-136.0,278,109,-118.0,0.0,49969,6468209.7,1887727.1,2,6,-386.2436677581122,-0.015408,-864.01681
DOM_12_005,-1,FMP_DOM,SKIN,0,1,1,0,0.333,1.0,5.0,29.7,-103.0,266,119,-89.4,0.0,47819,6470856.0,1895075.4,2,5,-386.2436677581122,-0.015408,-864.01681
DOM_12_006,-1,FMP_DOM,SKIN,0,1,1,0,0.333,1.0,5.0,-4.36,-254.0,267,120,-229.0,0.0,48000,6471496.9,1894776.5,3,7,-386.2436677581122,-0.015408,-864.01681
DOM_12_007,-1,FMP_DOM,SKIN,0,1,1,0,0.333,1.0,5.0,30.0,-98.2,268,119,-85.4,0.0,48179,6471198.1,1894135.7,2,5,-386.2436677581122,-0.015408,-864.01681
DOM_12_008,-1,FMP_DOM,SKIN,0,1,1,0,0.333,1.0,5.0,-40.3,-294.0,259,121,-269.0,0.0,46561,6470598.7,1898706.3,4,7,-386.2436677581122,-0.015408,-864.01681
DOM_12_009,-1,FMP_DOM,SKIN,0,1,1,0,0.333,1.0,5.0,-3.71,-208.0,261,114,-188.0,0.0,46914,6467651.8,1896569.5,3,7,-386.2436677581122,-0.015408,-864.01681
DOM_12_010,-1,FMP_DOM,SKIN,0,1,1,0,0.333,1.0,5.0,45.3,-54.8,261,118,-44.8,0.0,46918,6469531.1,1897253.6,2,4,-386.2436677581122,-0.015408,-864.01681
DOM_12_011,-1,FMP_DOM,SKIN,0,1,1,0,0.333,1.0,5.0,-29.3,-256.0,261,120,-233.0,0.0,46920,6470470.8,1897595.6,3,7,-386.2436677581122,-0.015408,-864.01681
DOM_12_012,-1,FMP_DOM,SKIN,0,1,1,0,0.333,1.0,5.0,67.6,-29.9,262,110,-20.1,0.0,47090,6465943.4,1895415.7,1,4,-386.2436677581122,-0.015408,-864.01681
DOM_12_013,-1,FMP_DOM,SKIN,0,1,1,0,0.333,1.0,5.0,47.8,-79.7,262,111,-66.9,0.0,47091,6466413.2,1895586.7,2,5,-386.2436677581122,-0.015408,-864.01681
DOM_12_014,-1,FMP_DOM,SKIN,0,1,1,0,0.333,1.0,5.0,-9.36,-236.0,262,112,-214.0,0.0,47092,6466883.1,1895757.7,3,7,-386.2436677581122,-0.015408,-864.01681
DOM_12_015,-1,FMP_DOM,SKIN,0,1,1,0,0.333,1.0,5.0,-13.3,-231.0,263,118,-210.0,0.0,47278,6469873.2,1896313.9,3,7,-386.2436677581122,-0.015408,-864.01681
DOM_12_016,-1,FMP_DOM,SKIN,0,1,1,0,0.333,1.0,5.0,-8.25,-206.0,265,119,-186.0,0.0,47639,6470685.0,1895545.2,3,6,-386.2436677581122,-0.015408,-864.01681
DOM_12_017,-1,FMP_DOM,SKIN,0,1,1,0,0.333,1.0,5.0,0.203,-197.0,266,116,-178.0,0.0,47816,6469446.5,1894562.3,3,6,-386.2436677581122,-0.015408,-864.01681
DOM_12_018,-1,FMP_DOM,SKIN,0,1,1,0,0.333,1.0,5.0,49.9,-88.5,267,111,-74.6,0.0,47991,6467268.3,1893237.4,2,5,-386.2436677581122,-0.015408,-864.01681
DOM_12_019,-1,FMP_DOM,SKIN,0,1,1,0,0.333,1.0,5.0,32.1,-120.0,267,114,-105.0,0.0,47994,6468677.8,1893750.5,2,5,-386.2436677581122,-0.015408,-864.01681
DOM_12_020,-1,FMP_DOM,SKIN,0,1,1,0,0.333,1.0,5.0,11.0,-166.0,268,116,-149.0,0.0,48176,6469788.5,1893622.6,3,6,-386.2436677581122,-0.015408,-864.01681
DOM_12_021,-1,FMP_DOM,SKIN,0,1,1,0,0.333,1.0,5.0,20.8,-132.0,269,117,-117.0,0.0,48357,6470429.4,1893323.8,3,6,-386.2436677581122,-0.015408,-864.01681
DOM_12_022,-1,FMP_DOM,SKIN,0,1,1,0,0.333,1.0,5.0,-34.6,-253.0,257,108,-231.0,0.0,46188,6464148.6,1897422.9,4,7,-386.2436677581122,-0.015408,-864.01681
DOM_12_023,-1,FMP_DOM,SKIN,0,1,1,0,0.333,1.0,5.0,79.0,-48.3,258,103,-35.6,0.0,46363,6461970.4,1896098.0,1,5,-386.2436677581122,-0.015408,-864.01681
DOM_12_024,-1,FMP_DOM,SKIN,0,1,1,0,0.333,1.0,5.0,22.4,-155.0,258,104,-137.0,0.0,46364,6462440.3,1896269.0,3,6,-386.2436677581122,-0.015408,-864.01681
DOM_12_025,-1,FMP_DOM,SKIN,0,1,1,0,0.333,1.0,5.0,46.9,-109.0,259,103,-93.5,0.0,46543,6462141.4,1895628.1,2,6,-386.2436677581122,-0.015408,-864.01681
DOM_12_026,-1,FMP_DOM,SKIN,0,1,1,0,0.333,1.0,5.0,33.4,-140.0,261,103,-122.0,0.0,46903,6462483.4,1894688.4,3,6,-386.2436677581122,-0.015408,-864.01681
DOM_12_027,-1,FMP_DOM,SKIN,0,1,1,0,0.333,1.0,5.0,26.8,-148.0,261,104,-130.0,0.0,46904,6462953.3,1894859.4,3,6,-386.2436677581122,-0.015408,-864.01681
DOM_12_028,-1,FMP_DOM,SKIN,0,1,1,0,0.333,1.0,5.0,-28.2,-251.0,261,108,-229.0,0.0,46908,6464832.7,1895543.5,4,7,-386.2436677581122,-0.015408,-864.01681
DOM_12_029,-1,FMP_DOM,SKIN,0,1,1,0,0.333,1.0,5.0,74.0,-61.2,262,103,-47.7,0.0,47083,6462654.5,1894218.6,2,5,-386.2436677581122,-0.015408,-864.01681
DOM_12_030,-1,FMP_DOM,SKIN,0,1,1,0,0.333,1.0,5.0,26.8,-151.0,262,104,-134.0,0.0,47084,6463124.3,1894389.6,3,6,-386.2436677581122,-0.015408,-864.01681
DOM_12_031,-1,FMP_DOM,SKIN,0,1,1,0,0.333,1.0,5.0,-29.8,-255.0,262,108,-232.0,0.0,47088,6465003.7,1895073.6,4,7,-386.2436677581122,-0.015408,-864.01681
DOM_12_032,-1,FMP_DOM,SKIN,0,1,1,0,0.333,1.0,5.0,18.1,-183.0,263,102,-163.0,0.0,47262,6462355.6,1893577.7,3,7,-386.2436677581122,-0.015408,-864.01681
DOM_12_033,-1,FMP_DOM,SKIN,0,1,1,0,0.333,1.0,5.0,8.75,-194.0,263,103,-173.0,0.0,47263,6462825.5,1893748.7,4,7,-386.2436677581122,-0.015408,-864.01681
DOM_12_034,-1,FMP_DOM,SKIN,0,1,1,0,0.333,1.0,5.0,-2.93,-211.0,263,104,-190.0,0.0,47264,6463295.3,1893919.8,4,7,-386.2436677581122,-0.015408,-864.01681
DOM_12_035,-1,FMP_DOM,SKIN,0,1,1,0,0.333,1.0,5.0,74.0,-53.9,263,105,-41.1,0.0,47265,6463765.2,1894090.8,1,5,-386.2436677581122,-0.015408,-864.01681
DOM_12_036,-1,FMP_DOM,SKIN,0,1,1,0,0.333,1.0,5.0,-17.9,-238.0,263,106,-216.0,0.0,47266,6464235.0,1894261.8,4,7,-386.2436677581122,-0.015408,-864.01681
DOM_12_037,-1,FMP_DOM,SKIN,0,1,1,0,0.333,1.0,5.0,85.1,-67.1,264,101,-51.9,0.0,47441,6462056.8,1892936.9,2,5,-386.2436677581122,-0.015408,-864.01681
DOM_12_038,-1,FMP_DOM,SKIN,0,1,1,0,0.333,1.0,5.0,48.9,-114.0,296,97,-97.3,0.0,53197,6465649.7,1877217.8,3,6,-386.2436677581122,-0.015408,-864.01681
DOM_12_039,-1,FMP_DOM,SKIN,0,1,1,0,0.333,1.0,5.0,4.93,-242.0,277,104,-217.0,0.0,49784,6465689.5,1887341.9,4,7,-386.2436677581122,-0.015408,-864.01681
DOM_12_040,-1,FMP_DOM,SKIN,0,1,1,0,0.333,1.0,5.0,67.0,-22.9,279,104,-13.9,0.0,50144,6466031.5,1886402.2,2,4,-386.2436677581122,-0.015408,-864.01681
DOM_12_041,-1,FMP_DOM,SKIN,0,1,1,0,0.333,1.0,5.0,-46.3,-376.0,279,110,-343.0,0.0,50150,6468850.6,1887428.3,4,8,-386.2436677581122,-0.015408,-864.01681
DOM_12_042,-1,FMP_DOM,SKIN,0,1,1,0,0.333,1.0,5.0,30.6,-139.0,280,104,-122.0,0.0,50324,6466202.5,1885932.4,3,6,-386.2436677581122,-0.015408,-864.01681
DOM_12_043,-1,FMP_DOM,SKIN,0,1,1,0,0.333,1.0,5.0,35.4,-131.0,282,102,-115.0,0.0,50682,6465604.8,1884650.7,3,6,-386.2436677581122,-0.015408,-864.01681
DOM_12_044,-1,FMP_DOM,SKIN,0,1,1,0,0.333,1.0,5.0,46.1,-85.1,282,103,-72.0,0.0,50683,6466074.7,1884821.7,2,5,-386.2436677581122,-0.015408,-864.01681
DOM_12_045,-1,FMP_DOM,SKIN,0,1,1,0,0.333,1.0,5.0,66.0,-19.6,283,102,-11.0,0.0,50862,6465775.8,1884180.8,2,4,-386.2436677581122,-0.015408,-864.01681
DOM_12_046,-1,FMP_DOM,SKIN,0,1,1,0,0.333,1.0,5.0,22.6,-156.0,283,103,-138.0,0.0,50863,6466245.7,1884351.8,3,6,-386.2436677581122,-0.015408,-864.01681
DOM_12_047,-1,FMP_DOM,SKIN,0,1,1,0,0.333,1.0,5.0,-47.2,-384.0,284,103,-350.0,0.0,51043,6466416.7,1883882.0,4,8,-386.2436677581122,-0.015408,-864.01681
DOM_12_048,-1,FMP_DOM,SKIN,0,1,1,0,0.333,1.0,5.0,155.0,-72.3,274,94,-49.6,0.0,49234,6460478.0,1887041.3,1,6,-386.2436677581122,-0.015408,-864.01681
DOM_12_049,-1,FMP_DOM,SKIN,0,1,1,0,0.333,1.0,5.0,143.0,-120.0,275,94,-93.2,0.0,49414,6460649.0,1886571.5,1,6,-386.2436677581122,-0.015408,-864.01681
DOM_12_050,-1,FMP_DOM,SKIN,0,1,1,0,0.333,1.0,5.0,84.6,-213.0,275,96,-183.0,0.0,49416,6461588.7,1886913.5,3,7,-386.2436677581122,-0.015408,-864.01681
DOM_12_051,-1,FMP_DOM,SKIN,0,1,1,0,0.333,1.0,5.0,110.0,-123.0,275,97,-99.6,0.0,49417,6462058.5,1887084.5,2,6,-386.2436677581122,-0.015408,-864.01681
DOM_12_052,-1,FMP_DOM,SKIN,0,1,1,0,0.333,1.0,5.0,22.4,-362.0,275,98,-324.0,0.0,49418,6462528.4,1887255.5,4,8,-386.2436677581122,-0.015408,-864.01681
DOM_12_053,-1,FMP_DOM,SKIN,0,1,1,0,0.333,1.0,5.0,-3.75,-425.0,275,99,-383.0,0.0,49419,6462998.2,1887426.5,4,9,-386.2436677581122,-0.015408,-864.01681
DOM_12_054,-1,FMP_DOM,SKIN,0,1,1,0,0.333,1.0,5.0,121.0,-110.0,276,96,-86.5,0.0,49596,6461759.7,1886443.7,1,6,-386.2436677581122,-0.015408,-864.01681
DOM_12_055,-1,FMP_DOM,SKIN,0,1,1,0,0.333,1.0,5.0,31.7,-355.0,276,97,-317.0,0.0,49597,6462229.5,1886614.7,4,8,-386.2436677581122,-0.015408,-864.01681
DOM_12_056,-1,FMP_DOM,SKIN,0,1,1,0,0.333,1.0,5.0,76.6,-208.0,276,98,-179.0,0.0,49598,6462699.4,1886785.7,3,7,-386.2436677581122,-0.015408,-864.01681
DOM_12_057,-1,FMP_DOM,SKIN,0,1,1,0,0.333,1.0,5.0,129.0,-113.0,277,95,-89.0,0.0,49775,6461460.8,1885802.8,1,6,-386.2436677581122,-0.015408,-864.01681
DOM_12_058,-1,FMP_DOM,SKIN,0,1,1,0,0.333,1.0,5.0,73.8,-250.0,277,96,-218.0,0.0,49776,6461930.7,1885973.8,3,8,-386.2436677581122,-0.015408,-864.01681
DOM_12_059,-1,FMP_DOM,SKIN,0,1,1,0,0.333,1.0,5.0,-6.7,-456.0,277,98,-411.0,0.0,49778,6462870.4,1886315.8,4,9,-386.2436677581122,-0.015408,-864.01681
DOM_12_060,-1,FMP_DOM,SKIN,0,1,1,0,0.333,1.0,5.0,58.2,-251.0,277,99,-220.0,0.0,49779,6463340.2,1886486.9,3,7,-386.2436677581122,-0.015408,-864.01681
DOM_12_061,-1,FMP_DOM,SKIN,0,1,1,0,0.333,1.0,5.0,54.8,-246.0,277,100,-216.0,0.0,49780,6463810.1,1886657.9,3,7,-386.2436677581122,-0.015408,-864.01681
DOM_12_062,-1,FMP_DOM,SKIN,0,1,1,0,0.333,1.0,5.0,-7.31,-400.0,277,102,-361.0,0.0,49782,6464749.8,1886999.9,4,9,-386.2436677581122,-0.015408,-864.01681
DOM_12_063,-1,FMP_DOM,SKIN,0,1,1,0,0.333,1.0,5.0,-41.8,-492.0,277,103,-447.0,0.0,49783,6465219.6,1887170.9,5,9,-386.2436677581122,-0.015408,-864.01681
DOM_12_064,-1,FMP_DOM,SKIN,0,1,1,0,0.333,1.0,5.0,132.0,-119.0,278,95,-93.6,0.0,49955,6461631.8,1885333.0,1,6,-386.2436677581122,-0.015408,-864.01681
DOM_12_065,-1,FMP_DOM,SKIN,0,1,1,0,0.333,1.0,5.0,8.61,-341.0,278,103,-306.0,0.0,49963,6465390.6,1886701.0,4,8,-386.2436677581122,-0.015408,-864.01681
DOM_12_066,-1,FMP_DOM,SKIN,0,1,1,0,0.333,1.0,5.0,62.7,-270.0,279,96,-237.0,0.0,50136,6462272.7,1885034.1,3,8,-386.2436677581122,-0.015408,-864.01681
DOM_12_067,-1,FMP_DOM,SKIN,0,1,1,0,0.333,1.0,5.0,13.8,-330.0,279,102,-296.0,0.0,50142,6465091.8,1886060.2,3,8,-386.2436677581122,-0.015408,-864.01681
DOM_12_068,-1,FMP_DOM,SKIN,0,1,1,0,0.333,1.0,5.0,132.0,-187.0,280,95,-155.0,0.0,50315,6461973.9,1884393.3,1,7,-386.2436677581122,-0.015408,-864.01681
DOM_12_069,-1,FMP_DOM,SKIN,0,1,1,0,0.333,1.0,5.0,-8.25,-416.0,280,100,-375.0,0.0,50320,6464323.1,1885248.3,4,9,-386.2436677581122,-0.015408,-864.01681
DOM_12_070,-1,FMP_DOM,SKIN,0,1,1,0,0.333,1.0,5.0,68.1,-167.0,280,102,-143.0,0.0,50322,6465262.8,1885590.3,2,6,-386.2436677581122,-0.015408,-864.01681
DOM_12_071,-1,FMP_DOM,SKIN,0,1,1,0,0.333,1.0,5.0,14.4,-384.0,281,97,-344.0,0.0,50497,6463084.6,1884265.4,4,9,-386.2436677581122,-0.015408,-864.01681
DOM_12_072,-1,FMP_DOM,SKIN,0,1,1,0,0.333,1.0,5.0,11.9,-371.0,281,98,-333.0,0.0,50498,6463554.4,1884436.5,4,8,-386.2436677581122,-0.015408,-864.01681
DOM_12_073,-1,FMP_DOM,SKIN,0,1,1,0,0.333,1.0,5.0,7.88,-450.0,282,96,-404.0,0.0,50676,6462785.7,1883624.6,4,9,-386.2436677581122,-0.015408,-864.01681
DOM_12_074,-1,FMP_DOM,SKIN,0,1,1,0,0.333,1.0,5.0,-17.7,-453.0,282,98,-409.0,0.0,50678,6463725.4,1883966.6,4,9,-386.2436677581122,-0.015408,-864.01681
DOM_12_075,-1,FMP_DOM,SKIN,0,1,1,0,0.333,1.0,5.0,-19.0,-421.0,282,101,-381.0,0.0,50681,6465135.0,1884479.6,4,9,-386.2436677581122,-0.015408,-864.01681
DOM_12_076,-1,FMP_DOM,SKIN,0,1,1,0,0.333,1.0,5.0,3.02,-393.0,283,98,-354.0,0.0,50858,6463896.4,1883496.8,4,9,-386.2436677581122,-0.015408,-864.01681
DOM_12_077,-1,FMP_DOM,SKIN,0,1,1,0,0.333,1.0,5.0,-17.2,-412.0,283,101,-372.0,0.0,50861,6465306.0,1884009.8,4,9,-386.2436677581122,-0.015408,-864.01681
DOM_12_078,-1,FMP_DOM,SKIN,0,1,1,0,0.333,1.0,5.0,8.2,-440.0,284,96,-395.0,0.0,51036,6463127.8,1882684.9,4,9,-386.2436677581122,-0.015408,-864.01681
DOM_12_079,-1,FMP_DOM,SKIN,0,1,1,0,0.333,1.0,5.0,78.6,-253.0,285,96,-220.0,0.0,51216,6463298.8,1882215.1,2,7,-386.2436677581122,-0.015408,-864.01681
DOM_12_080,-1,FMP_DOM,SKIN,0,1,1,0,0.333,1.0,5.0,58.8,-109.0,254,108,-92.2,0.0,45648,6463635.6,1898832.4,1,5,-386.2436677581122,-0.015408,-864.01681
DOM_12_081,-1,FMP_DOM,SKIN,0,1,1,0,0.333,1.0,5.0,-1.86,-272.0,266,105,-245.0,0.0,47805,6464278.2,1892681.2,4,8,-386.2436677581122,-0.015408,-864.01681
DOM_12_082,-1,FMP_DOM,SKIN,0,1,1,0,0.333,1.0,5.0,3.48,-274.0,267,102,-246.0,0.0,47982,6463039.7,1891698.3,4,8,-386.2436677581122,-0.015408,-864.01681
DOM_12_083,-1,FMP_DOM,SKIN,0,1,1,0,0.333,1.0,5.0,-14.6,-299.0,268,106,-270.0,0.0,48166,6465090.1,1891912.5,4,8,-386.2436677581122,-0.015408,-864.01681
DOM_12_084,-1,FMP_DOM,SKIN,0,1,1,0,0.333,1.0,5.0,43.6,-188.0,270,102,-165.0,0.0,48522,6463552.7,1890288.8,3,7,-386.2436677581122,-0.015408,-864.01681
DOM_12_085,-1,FMP_DOM,SKIN,0,1,1,0,0.333,1.0,5.0,63.7,-180.0,271,95,-155.0,0.0,48695,6460434.8,1888621.9,3,7,-386.2436677581122,-0.015408,-864.01681
DOM_12_086,-1,FMP_DOM,SKIN,0,1,1,0,0.333,1.0,5.0,90.4,-104.0,271,98,-84.6,0.0,48698,6461844.3,1889134.9,2,6,-386.2436677581122,-0.015408,-864.01681
DOM_12_087,-1,FMP_DOM,SKIN,0,1,1,0,0.333,1.0,5.0,-7.88,-308.0,271,99,-278.0,0.0,48699,6462314.2,1889305.9,4,8,-386.2436677581122,-0.015408,-864.01681
DOM_12_088,-1,FMP_DOM,SKIN,0,1,1,0,0.333,1.0,5.0,106.0,-127.0,273,94,-104.0,0.0,49054,6460307.0,1887511.2,2,6,-386.2436677581122,-0.015408,-864.01681
DOM_12_089,-1,FMP_DOM,SKIN,0,1,1,0,0.333,1.0,5.0,69.2,-129.0,274,103,-109.0,0.0,49243,6464706.6,1888580.4,2,6,-386.2436677581122,-0.015408,-864.01681
DOM_12_090,-1,FMP_DOM,SKIN,0,1,1,0,0.333,1.0,5.0,63.0,-151.0,275,100,-130.0,0.0,49420,6463468.1,1887597.6,3,6,-386.2436677581122,-0.015408,-864.01681
DOM_12_091,-1,FMP_DOM,SKIN,0,1,1,0,0.333,1.0,5.0,-65.6,-413.0,275,102,-378.0,0.0,49422,6464407.7,1887939.6,5,9,-386.2436677581122,-0.015408,-864.01681
DOM_12_092,-1,FMP_DOM,SKIN,0,1,1,0,0.333,1.0,5.0,-23.3,-317.0,276,103,-287.0,0.0,49603,6465048.6,1887640.7,4,8,-386.2436677581122,-0.015408,-864.01681
DOM_13_001,-1,FMP_DOM,SKIN,0,1,1,0,0.333,1.0,5.0,-74.2,-246.0,330,140,-229.0,0.0,59360,6491667.5,1868596.4,4,7,-629.4527863903138,-0.034777,-1990.065115
DOM_13_002,-1,FMP_DOM,SKIN,0,1,1,0,0.333,1.0,5.0,-42.7,-206.0,330,141,-190.0,0.0,59361,6492137.3,1868767.4,4,6,-568.8761881282056,-0.034777,-1990.065115
DOM_13_003,-1,FMP_DOM,SKIN,0,1,1,0,0.333,1.0,5.0,32.3,-93.4,330,142,-80.8,0.0,59362,6492607.1,1868938.4,2,5,-452.60637701139626,-0.034777,-1426.577285
DOM_13_004,-1,FMP_DOM,SKIN,0,1,1,0,0.333,1.0,5.0,5.88,-138.0,330,143,-124.0,0.0,59363,6493077.0,1869109.4,3,5,-527.9677316039889,-0.034777,-1990.065115
DOM_13_005,-1,FMP_DOM,SKIN,0,1,1,0,0.333,1.0,5.0,22.4,-117.0,330,144,-103.0,0.0,59364,6493546.8,1869280.5,2,5,-529.1983906638176,-0.034777,-1990.065115
DOM_13_006,-1,FMP_DOM,SKIN,0,1,1,0,0.333,1.0,5.0,10.0,-111.0,331,139,-98.8,0.0,59539,6491368.6,1867955.6,2,5,-452.22365644729325,-0.034777,-1426.577285
DOM_13_007,-1,FMP_DOM,SKIN,0,1,1,0,0.333,1.0,5.0,-40.5,-192.0,331,140,-177.0,0.0,59540,6491838.5,1868126.6,4,6,-533.4491937834761,-0.034777,-1990.065115
DOM_13_008,-1,FMP_DOM,SKIN,0,1,1,0,0.333,1.0,5.0,-12.4,-151.0,331,141,-137.0,0.0,59541,6492308.3,1868297.6,3,6,-513.6185721595438,-0.034777,-1990.065115
DOM_13_009,-1,FMP_DOM,SKIN,0,1,1,0,0.333,1.0,5.0,23.3,-99.9,331,142,-87.6,0.0,59542,6492778.2,1868468.6,2,5,-479.17750635327667,-0.034777,-1495.910015
DOM_13_010,-1,FMP_DOM,SKIN,0,1,1,0,0.333,1.0,5.0,-46.5,-215.0,331,143,-198.0,0.0,59543,6493248.0,1868639.6,4,6,-641.3582981851854,-0.034777,-1990.065115
DOM_13_011,-1,FMP_DOM,SKIN,0,1,1,0,0.333,1.0,5.0,5.15,-143.0,331,144,-128.0,0.0,59544,6493717.9,1868810.6,3,6,-559.9883692250717,-0.034777,-1990.065115
DOM_13_012,-1,FMP_DOM,SKIN,0,1,1,0,0.333,1.0,5.0,-20.6,-189.0,331,145,-172.0,0.0,59545,6494187.7,1868981.6,3,6,-639.1624704643878,-0.034777,-1990.065115
DOM_13_013,-1,FMP_DOM,SKIN,0,1,1,0,0.333,1.0,5.0,1.11,-162.0,331,146,-146.0,0.0,59546,6494657.5,1869152.6,3,6,-618.0897136552709,-0.034777,-1990.065115
DOM_13_014,-1,FMP_DOM,SKIN,0,1,1,0,0.333,1.0,5.0,82.4,-44.8,331,147,-32.1,0.0,59547,6495127.4,1869323.6,1,4,-503.6232682450144,-0.034777,-1495.910015
DOM_13_015,-1,FMP_DOM,SKIN,0,1,1,0,0.333,1.0,5.0,52.3,-102.0,331,148,-86.6,0.0,59548,6495597.2,1869494.6,1,5,-558.3838146524221,-0.034777,-1990.065115
DOM_13_016,-1,FMP_DOM,SKIN,0,1,1,0,0.333,1.0,5.0,39.3,-135.0,331,149,-117.0,0.0,59549,6496067.1,1869665.7,2,5,-622.3095999230768,-0.034777,-1990.065115
DOM_13_017,-1,FMP_DOM,SKIN,0,1,1,0,0.333,1.0,5.0,160.0,44.9,331,150,56.4,0.0,59550,6496536.9,1869836.7,1,1,-491.4964120170942,-0.034777,-1495.910015
DOM_13_018,-1,FMP_DOM,SKIN,0,1,1,0,0.333,1.0,5.0,-9.24,-152.0,332,139,-138.0,0.0,59719,6491539.6,1867485.7,3,6,-513.3882819173789,-0.034777,-1990.065115
DOM_13_019,-1,FMP_DOM,SKIN,0,1,1,0,0.333,1.0,5.0,25.2,-103.0,332,140,-90.5,0.0,59720,6492009.5,1867656.7,2,5,-463.469725253561,-0.034777,-1495.910015
DOM_13_020,-1,FMP_DOM,SKIN,0,1,1,0,0.333,1.0,5.0,56.8,-61.5,332,141,-49.6,0.0,59721,6492479.3,1867827.7,1,4,-333.54908890028446,-0.034777,-1193.4465
DOM_13_021,-1,FMP_DOM,SKIN,0,1,1,0,0.333,1.0,5.0,17.2,-126.0,332,142,-112.0,0.0,59722,6492949.2,1867998.7,2,5,-516.8499130142453,-0.034777,-1990.065115
DOM_13_022,-1,FMP_DOM,SKIN,0,1,1,0,0.333,1.0,5.0,-2.59,-155.0,332,143,-140.0,0.0,59723,6493419.0,1868169.7,3,6,-584.5286078860406,-0.034777,-1990.065115
DOM_13_023,-1,FMP_DOM,SKIN,0,1,1,0,0.333,1.0,5.0,86.5,-27.1,332,145,-15.7,0.0,59725,6494358.7,1868511.8,1,3,-468.9838132193733,-0.034777,-1495.910015
DOM_13_024,-1,FMP_DOM,SKIN,0,1,1,0,0.333,1.0,5.0,39.0,-110.0,332,146,-94.8,0.0,59726,6494828.6,1868682.8,2,5,-547.476801846154,-0.034777,-1990.065115
DOM_13_025,-1,FMP_DOM,SKIN,0,1,1,0,0.333,1.0,5.0,79.6,-70.0,332,147,-55.1,0.0,59727,6495298.4,1868853.8,1,4,-544.9490180142448,-0.034777,-1990.065115
DOM_13_026,-1,FMP_DOM,SKIN,0,1,1,0,0.333,1.0,5.0,88.5,-62.9,332,148,-47.8,0.0,59728,6495768.2,1869024.8,1,4,-561.3365288262111,-0.034777,-1990.065115
DOM_13_027,-1,FMP_DOM,SKIN,0,1,1,0,0.333,1.0,5.0,76.0,-79.2,332,149,-63.7,0.0,59729,6496238.1,1869195.8,1,4,-591.2529465897436,-0.034777,-1990.065115
DOM_13_028,-1,FMP_DOM,SKIN,0,1,1,0,0.333,1.0,5.0,120.0,0.247,333,147,12.2,0.0,59907,6495469.4,1868383.9,1,3,-481.2456293646723,-0.034777,-1495.910015
DOM_13_029,-1,FMP_DOM,SKIN,0,1,1,0,0.333,1.0,5.0,79.0,-84.9,333,148,-68.5,0.0,59908,6495939.3,1868555.0,1,5,-613.9265350370372,-0.034777,-1990.065115
DOM_13_030,-1,FMP_DOM,SKIN,0,1,1,0,0.333,1.0,5.0,104.0,-63.5,331,151,-46.8,0.0,59551,6497006.8,1870007.7,1,4,-593.4152225441599,-0.034777,-1990.065115
DOM_13_031,-1,FMP_DOM,SKIN,0,1,1,0,0.333,1.0,5.0,81.0,-107.0,332,150,-87.9,0.0,59730,6496707.9,1869366.8,1,5,-671.7111951652423,-0.034777,-1990.065115
DOM_13_032,-1,FMP_DOM,SKIN,0,1,1,0,0.333,1.0,5.0,100.0,-94.2,332,151,-74.7,0.0,59731,6497177.8,1869537.8,1,5,-689.2533221737893,-0.034777,-1990.065115
DOM_13_033,-1,FMP_DOM,SKIN,0,1,1,0,0.333,1.0,5.0,-128.0,-643.0,328,131,-592.0,0.0,58991,6487096.8,1867997.0,5,10,-4744.954231660966,-0.034777,-21453.66921
DOM_13_034,-1,FMP_DOM,SKIN,0,1,1,0,0.333,1.0,5.0,5.07,-19.9,329,138,-17.4,0.0,59178,6490556.8,1868724.2,2,3,-14.713146752136758,-0.034777,-184.11791
DOM_13_035,-1,FMP_DOM,SKIN,0,1,1,0,0.333,1.0,5.0,-22.9,-47.9,330,138,-45.4,0.0,59358,6490727.8,1868254.4,3,4,-18.815888313390314,-0.034777,-197.16268
DOM_13_036,-1,FMP_DOM,SKIN,0,1,1,0,0.333,1.0,5.0,-121.0,-613.0,330,139,-564.0,0.0,59359,6491197.6,1868425.4,5,10,-4691.044126931623,-0.034777,-21453.66921
DOM_13_037,-1,FMP_DOM,SKIN,0,1,1,0,0.333,1.0,5.0,-40.2,-218.0,331,137,-200.0,0.0,59537,6490428.9,1867613.5,4,6,-615.0634572735044,-0.034777,-1990.065115
DOM_13_038,-1,FMP_DOM,SKIN,0,1,1,0,0.333,1.0,5.0,-50.7,-374.0,331,138,-341.0,0.0,59538,6490898.8,1867784.5,4,8,-986.9157944672371,-0.034777,-3179.119185
DOM_13_039,-1,FMP_DOM,SKIN,0,1,1,0,0.333,1.0,5.0,-1.3,-26.3,332,137,-23.8,0.0,59717,6490599.9,1867143.7,3,3,-14.825342336182336,-0.034777,-197.16268
DOM_14_001,-1,FMP_DOM,SKIN,0,1,1,0,0.333,1.0,5.0,-7.95,-80.7,293,130,-73.4,0.0,52690,6480641.6,1884270.6,2,4,-94.48948658771928,-0.000331,-456.34561
DOM_14_002,-1,FMP_DOM,SKIN,0,1,1,0,0.333,1.0,5.0,-14.7,-127.0,294,130,-116.0,0.0,52870,6480812.6,1883800.8,2,5,-283.6009372339182,-0.000331,-1136.91922
DOM_14_003,-1,FMP_DOM,SKIN,0,1,1,0,0.333,1.0,5.0,-2.34,-79.8,299,128,-72.1,0.0,53768,6480728.0,1881109.5,1,4,-216.29678867251485,-0.000331,-887.65648
DOM_14_004,-1,FMP_DOM,SKIN,0,1,1,0,0.333,1.0,5.0,1.87,-66.3,301,127,-59.5,0.0,54127,6480600.2,1879998.8,1,3,-337.72049216081876,-0.000331,-1524.403345
DOM_14_005,-1,FMP_DOM,SKIN,0,1,1,0,0.333,1.0,5.0,-28.7,-214.0,302,127,-196.0,0.0,54307,6480771.2,1879529.0,2,6,-689.9193492865497,-0.000331,-2822.415985
DOM_14_006,-1,FMP_DOM,SKIN,0,1,1,0,0.333,1.0,5.0,-8.19,-217.0,267,128,-196.0,0.0,48008,6475255.7,1896144.6,3,6,-810.6868624444444,-0.000331,-7109.956335
DOM_14_007,-1,FMP_DOM,SKIN,0,1,1,0,0.333,1.0,5.0,-14.3,-238.0,268,127,-216.0,0.0,48187,6474956.8,1895503.8,3,7,-848.9114544473681,-0.000331,-10013.91995
DOM_14_008,-1,FMP_DOM,SKIN,0,1,1,0,0.333,1.0,5.0,-8.46,-228.0,270,128,-206.0,0.0,48548,6475768.7,1894735.1,2,7,-812.4003447836255,-0.000331,-7109.956335
DOM_14_009,-1,FMP_DOM,SKIN,0,1,1,0,0.333,1.0,5.0,-57.6,-315.0,278,137,-290.0,0.0,49997,6481365.4,1892515.4,4,8,-761.8260983070176,-0.000331,-3932.06539
DOM_14_010,-1,FMP_DOM,SKIN,0,1,1,0,0.333,1.0,5.0,20.5,-155.0,283,139,-137.0,0.0,50899,6483160.1,1890508.2,2,6,-521.4656721374268,-0.000331,-2091.348825
DOM_14_011,-1,FMP_DOM,SKIN,0,1,1,0,0.333,1.0,5.0,-6.77,-187.0,284,135,-169.0,0.0,51075,6481451.8,1889354.3,2,6,-525.4238077807017,-0.000331,-2107.562395
DOM_14_012,-1,FMP_DOM,SKIN,0,1,1,0,0.333,1.0,5.0,-45.0,-282.0,284,139,-258.0,0.0,51079,6483331.1,1890038.3,4,7,-761.4116708362574,-0.000331,-3932.06539
DOM_14_013,-1,FMP_DOM,SKIN,0,1,1,0,0.333,1.0,5.0,11.0,-183.0,285,135,-164.0,0.0,51255,6481622.8,1888884.4,2,6,-415.58281680994173,-0.000331,-1987.189265
DOM_14_014,-1,FMP_DOM,SKIN,0,1,1,0,0.333,1.0,5.0,-62.1,-307.0,286,134,-283.0,0.0,51434,6481323.9,1888243.6,4,7,-752.5945454853802,-0.000331,-3932.06539
DOM_14_015,-1,FMP_DOM,SKIN,0,1,1,0,0.333,1.0,5.0,6.05,-213.0,286,135,-191.0,0.0,51435,6481793.8,1888414.6,2,6,-624.9085548128654,-0.000331,-2390.529605
DOM_14_016,-1,FMP_DOM,SKIN,0,1,1,0,0.333,1.0,5.0,18.8,-209.0,286,137,-186.0,0.0,51437,6482733.5,1888756.6,2,6,-672.7879549005849,-0.000331,-2621.05328
DOM_14_017,-1,FMP_DOM,SKIN,0,1,1,0,0.333,1.0,5.0,-15.8,-263.0,286,139,-238.0,0.0,51439,6483673.2,1889098.6,3,7,-751.409858745614,-0.000331,-3932.06539
DOM_14_018,-1,FMP_DOM,SKIN,0,1,1,0,0.333,1.0,5.0,-40.2,-250.0,287,133,-229.0,0.0,51613,6481025.1,1887602.7,3,7,-669.1227940672517,-0.000331,-2615.3579
DOM_14_019,-1,FMP_DOM,SKIN,0,1,1,0,0.333,1.0,5.0,-14.6,-222.0,287,134,-201.0,0.0,51614,6481494.9,1887773.7,2,6,-596.9002027222223,-0.000331,-2390.529605
DOM_14_020,-1,FMP_DOM,SKIN,0,1,1,0,0.333,1.0,5.0,56.9,-114.0,287,135,-96.7,0.0,51615,6481964.8,1887944.8,1,5,-183.09840562865503,-0.000331,-1120.29952
DOM_14_021,-1,FMP_DOM,SKIN,0,1,1,0,0.333,1.0,5.0,78.8,-81.7,287,136,-65.7,0.0,51616,6482434.6,1888115.8,1,4,-73.7039896725146,-0.000331,-800.40697
DOM_14_022,-1,FMP_DOM,SKIN,0,1,1,0,0.333,1.0,5.0,71.1,-103.0,287,137,-85.4,0.0,51617,6482904.5,1888286.8,1,5,-180.73848940935673,-0.000331,-1120.29952
DOM_14_023,-1,FMP_DOM,SKIN,0,1,1,0,0.333,1.0,5.0,50.8,-123.0,287,138,-106.0,0.0,51618,6483374.3,1888457.8,1,5,-300.2096026666668,-0.000331,-1358.59544
DOM_14_024,-1,FMP_DOM,SKIN,0,1,1,0,0.333,1.0,5.0,-23.4,-261.0,287,139,-237.0,0.0,51619,6483844.2,1888628.8,3,7,-751.0928116842107,-0.000331,-3932.06539
DOM_14_025,-1,FMP_DOM,SKIN,0,1,1,0,0.333,1.0,5.0,5.13,-197.0,288,136,-177.0,0.0,51796,6482605.6,1887645.9,2,6,-405.3619871549709,-0.000331,-1987.189265
DOM_14_026,-1,FMP_DOM,SKIN,0,1,1,0,0.333,1.0,5.0,11.0,-194.0,288,137,-174.0,0.0,51797,6483075.5,1887816.9,2,6,-390.2879354181289,-0.000331,-1979.9118
DOM_14_027,-1,FMP_DOM,SKIN,0,1,1,0,0.333,1.0,5.0,27.0,-147.0,288,138,-129.0,0.0,51798,6483545.3,1887987.9,2,5,-433.1506939181286,-0.000331,-2000.00654
DOM_14_028,-1,FMP_DOM,SKIN,0,1,1,0,0.333,1.0,5.0,36.9,-131.0,288,139,-114.0,0.0,51799,6484015.2,1888158.9,1,5,-341.618395023392,-0.000331,-1524.403345
DOM_14_029,-1,FMP_DOM,SKIN,0,1,1,0,0.333,1.0,5.0,-44.8,-272.0,289,138,-249.0,0.0,51978,6483716.4,1887518.1,4,7,-739.4028501052633,-0.000331,-3932.06539
DOM_14_030,-1,FMP_DOM,SKIN,0,1,1,0,0.333,1.0,5.0,-97.4,-310.0,288,133,-289.0,0.0,51793,6481196.1,1887132.9,4,7,-750.4253718157895,-0.000331,-3932.06539
DOM_14_031,-1,FMP_DOM,SKIN,0,1,1,0,0.333,1.0,5.0,-43.3,-251.0,288,134,-231.0,0.0,51794,6481666.0,1887303.9,3,7,-681.2343337017545,-0.000331,-2621.05328
DOM_14_032,-1,FMP_DOM,SKIN,0,1,1,0,0.333,1.0,5.0,4.94,-196.0,289,136,-176.0,0.0,51976,6482776.7,1887176.1,2,6,-355.8188220409357,-0.000331,-1643.53262
DOM_14_033,-1,FMP_DOM,SKIN,0,1,1,0,0.333,1.0,5.0,-101.0,-315.0,289,137,-293.0,0.0,51977,6483246.5,1887347.1,5,7,-723.2373999736843,-0.000331,-3932.06539
DOM_14_034,-1,FMP_DOM,SKIN,0,1,1,0,0.333,1.0,5.0,-47.4,-250.0,290,132,-229.0,0.0,52152,6481068.3,1886022.2,3,7,-683.7022348713451,-0.000331,-2621.05328
DOM_14_035,-1,FMP_DOM,SKIN,0,1,1,0,0.333,1.0,5.0,-51.4,-264.0,290,135,-243.0,0.0,52155,6482477.8,1886535.2,3,7,-683.9116292865499,-0.000331,-2621.05328
DOM_14_036,-1,FMP_DOM,SKIN,0,1,1,0,0.333,1.0,5.0,-20.8,-224.0,290,136,-204.0,0.0,52156,6482947.7,1886706.2,3,6,-587.240294008772,-0.000331,-2390.529605
DOM_14_037,-1,FMP_DOM,SKIN,0,1,1,0,0.333,1.0,5.0,-86.3,-296.0,290,137,-275.0,0.0,52157,6483417.5,1886877.2,4,7,-736.9666089356726,-0.000331,-3932.06539
DOM_14_038,-1,FMP_DOM,SKIN,0,1,1,0,0.333,1.0,5.0,52.4,-143.0,290,138,-123.0,0.0,52158,6483887.4,1887048.2,1,5,-321.7685787426901,-0.000331,-1524.403345
DOM_14_039,-1,FMP_DOM,SKIN,0,1,1,0,0.333,1.0,5.0,-21.8,-230.0,291,135,-209.0,0.0,52335,6482648.8,1886065.4,3,6,-627.3734065233917,-0.000331,-2390.529605
DOM_14_040,-1,FMP_DOM,SKIN,0,1,1,0,0.333,1.0,5.0,-120.0,-335.0,291,136,-314.0,0.0,52336,6483118.7,1886236.4,5,8,-751.8798254122809,-0.000331,-3932.06539
DOM_14_041,-1,FMP_DOM,SKIN,0,1,1,0,0.333,1.0,5.0,-62.2,-269.0,291,137,-248.0,0.0,52337,6483588.5,1886407.4,4,7,-684.4985688333334,-0.000331,-2621.05328
DOM_14_042,-1,FMP_DOM,SKIN,0,1,1,0,0.333,1.0,5.0,-32.0,-234.0,292,132,-214.0,0.0,52512,6481410.3,1885082.5,3,6,-681.7539585555558,-0.000331,-2621.05328
DOM_14_043,-1,FMP_DOM,SKIN,0,1,1,0,0.333,1.0,5.0,-101.0,-316.0,292,135,-294.0,0.0,52515,6482819.8,1885595.5,4,7,-750.1117119912282,-0.000331,-3932.06539
DOM_14_044,-1,FMP_DOM,SKIN,0,1,1,0,0.333,1.0,5.0,3.7,-195.0,292,136,-175.0,0.0,52516,6483289.7,1885766.5,2,6,-353.6712434035089,-0.000331,-1643.53262
DOM_14_045,-1,FMP_DOM,SKIN,0,1,1,0,0.333,1.0,5.0,-42.5,-246.0,293,132,-226.0,0.0,52692,6481581.3,1884612.6,3,6,-681.7465522105264,-0.000331,-2621.05328
DOM_14_046,-1,FMP_DOM,SKIN,0,1,1,0,0.333,1.0,5.0,-145.0,-360.0,293,133,-339.0,0.0,52693,6482051.2,1884783.7,5,8,-763.683024885965,-0.000331,-3932.06539
DOM_14_047,-1,FMP_DOM,SKIN,0,1,1,0,0.333,1.0,5.0,-37.3,-241.0,293,134,-221.0,0.0,52694,6482521.0,1884954.7,3,6,-663.4018925175438,-0.000331,-2545.14691
DOM_14_048,-1,FMP_DOM,SKIN,0,1,1,0,0.333,1.0,5.0,-84.7,-295.0,293,135,-274.0,0.0,52695,6482990.9,1885125.7,4,7,-685.0812676052632,-0.000331,-2621.05328
DOM_14_049,-1,FMP_DOM,SKIN,0,1,1,0,0.333,1.0,5.0,-122.0,-335.0,293,136,-314.0,0.0,52696,6483460.7,1885296.7,5,8,-751.08450925731,-0.000331,-3932.06539
DOM_14_050,-1,FMP_DOM,SKIN,0,1,1,0,0.333,1.0,5.0,-91.2,-300.0,294,133,-279.0,0.0,52873,6482222.2,1884313.8,4,7,-733.1228862748541,-0.000331,-3932.06539
DOM_14_051,-1,FMP_DOM,SKIN,0,1,1,0,0.333,1.0,5.0,-81.0,-290.0,294,134,-269.0,0.0,52874,6482692.0,1884484.8,4,7,-689.8847727953217,-0.000331,-2822.415985
DOM_14_052,-1,FMP_DOM,SKIN,0,1,1,0,0.333,1.0,5.0,-145.0,-360.0,294,135,-338.0,0.0,52875,6483161.9,1884655.8,5,8,-752.8955535701756,-0.000331,-3932.06539
DOM_14_053,-1,FMP_DOM,SKIN,0,1,1,0,0.333,1.0,5.0,-52.9,-255.0,295,130,-235.0,0.0,53050,6480983.6,1883330.9,3,7,-689.0624703684211,-0.000331,-2822.415985
DOM_14_054,-1,FMP_DOM,SKIN,0,1,1,0,0.333,1.0,5.0,2.89,-193.0,295,131,-173.0,0.0,53051,6481453.5,1883501.9,1,6,-752.6849154122808,-0.000331,-3932.06539
DOM_14_055,-1,FMP_DOM,SKIN,0,1,1,0,0.333,1.0,5.0,-144.0,-359.0,295,133,-338.0,0.0,53053,6482393.2,1883844.0,5,8,-763.5235536725148,-0.000331,-3932.06539
DOM_14_056,-1,FMP_DOM,SKIN,0,1,1,0,0.333,1.0,5.0,-47.4,-251.0,295,134,-231.0,0.0,53054,6482863.0,1884015.0,3,7,-640.6140575906434,-0.000331,-2390.529605
DOM_14_057,-1,FMP_DOM,SKIN,0,1,1,0,0.333,1.0,5.0,-145.0,-359.0,295,135,-338.0,0.0,53055,6483332.9,1884186.0,5,8,-761.0573670497078,-0.000331,-3932.06539
DOM_14_058,-1,FMP_DOM,SKIN,0,1,1,0,0.333,1.0,5.0,-92.3,-299.0,296,130,-278.0,0.0,53230,6481154.7,1882861.1,4,7,-752.0295093157896,-0.000331,-3932.06539
DOM_14_059,-1,FMP_DOM,SKIN,0,1,1,0,0.333,1.0,5.0,-102.0,-312.0,296,133,-291.0,0.0,53233,6482564.2,1883374.1,4,7,-751.9392814795323,-0.000331,-3932.06539
DOM_14_060,-1,FMP_DOM,SKIN,0,1,1,0,0.333,1.0,5.0,-49.7,-252.0,296,134,-232.0,0.0,53234,6483034.0,1883545.1,3,7,-681.9860138333333,-0.000331,-2621.05328
DOM_14_061,-1,FMP_DOM,SKIN,0,1,1,0,0.333,1.0,5.0,-163.0,-378.0,297,130,-357.0,0.0,53410,6481325.7,1882391.2,5,8,-775.1825759678363,-0.000331,-5237.611995
DOM_14_062,-1,FMP_DOM,SKIN,0,1,1,0,0.333,1.0,5.0,-36.6,-237.0,297,134,-217.0,0.0,53414,6483205.0,1883075.3,3,6,-681.6944962748538,-0.000331,-2621.05328
DOM_14_063,-1,FMP_DOM,SKIN,0,1,1,0,0.333,1.0,5.0,-70.1,-260.0,298,129,-241.0,0.0,53589,6481026.8,1881750.4,3,7,-691.0032386432748,-0.000331,-2822.415985
DOM_14_064,-1,FMP_DOM,SKIN,0,1,1,0,0.333,1.0,5.0,-111.0,-312.0,300,128,-292.0,0.0,53948,6480899.0,1880639.7,4,7,-761.5496453538012,-0.000331,-3932.06539
DOM_14_065,-1,FMP_DOM,SKIN,0,1,1,0,0.333,1.0,5.0,-156.0,-369.0,300,130,-348.0,0.0,53950,6481838.7,1880981.7,5,8,-773.9286161725146,-0.000331,-5237.611995
DOM_14_066,-1,FMP_DOM,SKIN,0,1,1,0,0.333,1.0,5.0,-90.7,-283.0,304,131,-264.0,0.0,54671,6482992.6,1879273.3,4,7,-751.4587405438597,-0.000331,-3932.06539
DOM_14_067,-1,FMP_DOM,SKIN,0,1,1,0,0.333,1.0,5.0,-110.0,-309.0,305,131,-289.0,0.0,54851,6483163.6,1878803.5,4,7,-761.4908982046784,-0.000331,-3932.06539
DOM_14_068,-1,FMP_DOM,SKIN,0,1,1,0,0.333,1.0,5.0,-17.0,-194.0,276,129,-177.0,0.0,49629,6477264.6,1892087.0,2,6,-635.3531468742691,-0.000331,-2615.3579
DOM_14_069,-1,FMP_DOM,SKIN,0,1,1,0,0.333,1.0,5.0,-12.0,-193.0,276,130,-175.0,0.0,49630,6477734.4,1892258.0,2,6,-582.1772399590644,-0.000331,-2274.83117
DOM_14_070,-1,FMP_DOM,SKIN,0,1,1,0,0.333,1.0,5.0,-120.0,-403.0,277,131,-375.0,0.0,49811,6478375.3,1891959.2,5,8,-780.3734164210525,-0.000331,-5237.611995
DOM_14_071,-1,FMP_DOM,SKIN,0,1,1,0,0.333,1.0,5.0,-10.7,-187.0,277,132,-169.0,0.0,49812,6478845.2,1892130.2,3,6,-519.1624578538009,-0.000331,-2084.31689
DOM_14_072,-1,FMP_DOM,SKIN,0,1,1,0,0.333,1.0,5.0,-85.6,-339.0,277,133,-313.0,0.0,49813,6479315.0,1892301.2,4,8,-759.637328248538,-0.000331,-3932.06539
DOM_14_073,-1,FMP_DOM,SKIN,0,1,1,0,0.333,1.0,5.0,-13.7,-216.0,277,134,-196.0,0.0,49814,6479784.8,1892472.2,3,6,-667.0546613479534,-0.000331,-2615.3579
DOM_14_074,-1,FMP_DOM,SKIN,0,1,1,0,0.333,1.0,5.0,-70.6,-330.0,277,135,-304.0,0.0,49815,6480254.7,1892643.2,4,8,-761.1499781754386,-0.000331,-3932.06539
DOM_14_075,-1,FMP_DOM,SKIN,0,1,1,0,0.333,1.0,5.0,-88.0,-320.0,278,129,-296.0,0.0,49989,6477606.6,1891147.3,4,7,-759.7027964210527,-0.000331,-3932.06539
DOM_14_076,-1,FMP_DOM,SKIN,0,1,1,0,0.333,1.0,5.0,-84.3,-321.0,278,130,-298.0,0.0,49990,6478076.5,1891318.3,4,7,-752.0115445497079,-0.000331,-3932.06539
DOM_14_077,-1,FMP_DOM,SKIN,0,1,1,0,0.333,1.0,5.0,-34.5,-225.0,278,131,-206.0,0.0,49991,6478546.3,1891489.3,3,6,-679.758158263158,-0.000331,-2621.05328
DOM_14_078,-1,FMP_DOM,SKIN,0,1,1,0,0.333,1.0,5.0,-46.1,-254.0,278,132,-233.0,0.0,49992,6479016.2,1891660.3,3,7,-689.3912565380117,-0.000331,-2822.415985
DOM_14_079,-1,FMP_DOM,SKIN,0,1,1,0,0.333,1.0,5.0,-108.0,-392.0,278,134,-364.0,0.0,49994,6479955.9,1892002.4,5,8,-777.7711948274854,-0.000331,-5237.611995
DOM_14_080,-1,FMP_DOM,SKIN,0,1,1,0,0.333,1.0,5.0,-1.12,-188.0,278,135,-169.0,0.0,49995,6480425.7,1892173.4,3,6,-620.801843745614,-0.000331,-2390.529605
DOM_14_081,-1,FMP_DOM,SKIN,0,1,1,0,0.333,1.0,5.0,-94.7,-338.0,279,130,-314.0,0.0,50170,6478247.5,1890848.5,4,8,-762.4142149298247,-0.000331,-3932.06539
DOM_14_082,-1,FMP_DOM,SKIN,0,1,1,0,0.333,1.0,5.0,-34.5,-240.0,279,134,-220.0,0.0,50174,6480126.9,1891532.5,3,7,-682.9033615526316,-0.000331,-2621.05328
DOM_14_083,-1,FMP_DOM,SKIN,0,1,1,0,0.333,1.0,5.0,-97.8,-355.0,280,134,-329.0,0.0,50354,6480297.9,1891062.7,5,8,-773.7691305584796,-0.000331,-5237.611995
DOM_14_084,-1,FMP_DOM,SKIN,0,1,1,0,0.333,1.0,5.0,-119.0,-387.0,281,131,-360.0,0.0,50531,6479059.3,1890079.8,5,8,-778.065561859649,-0.000331,-5237.611995
DOM_14_085,-1,FMP_DOM,SKIN,0,1,1,0,0.333,1.0,5.0,-79.4,-316.0,281,133,-292.0,0.0,50533,6479999.0,1890421.8,4,7,-759.8011264502925,-0.000331,-3932.06539
DOM_14_086,-1,FMP_DOM,SKIN,0,1,1,0,0.333,1.0,5.0,-18.6,-194.0,282,133,-176.0,0.0,50713,6480170.0,1889952.0,3,6,-579.4910217865496,-0.000331,-2238.980515
DOM_14_087,-1,FMP_DOM,SKIN,0,1,1,0,0.333,1.0,5.0,-126.0,-399.0,284,133,-372.0,0.0,51073,6480512.1,1889012.3,5,8,-778.039234593567,-0.000331,-5237.611995
DOM_14_088,-1,FMP_DOM,SKIN,0,1,1,0,0.333,1.0,5.0,-61.4,-264.0,285,130,-243.0,0.0,51250,6479273.5,1888029.4,3,7,-689.9373008654973,-0.000331,-2822.415985
DOM_14_089,-1,FMP_DOM,SKIN,0,1,1,0,0.333,1.0,5.0,-54.5,-257.0,285,131,-236.0,0.0,51251,6479743.4,1888200.4,3,7,-681.617361011696,-0.000331,-2621.05328
DOM_14_090,-1,FMP_DOM,SKIN,0,1,1,0,0.333,1.0,5.0,-28.1,-204.0,285,132,-187.0,0.0,51252,6480213.2,1888371.4,3,6,-557.3354030438596,-0.000331,-2130.55517
DOM_14_091,-1,FMP_DOM,SKIN,0,1,1,0,0.333,1.0,5.0,-40.2,-226.0,286,130,-207.0,0.0,51430,6479444.6,1887559.5,3,6,-664.4952904561404,-0.000331,-2545.14691
DOM_14_092,-1,FMP_DOM,SKIN,0,1,1,0,0.333,1.0,5.0,-130.0,-403.0,286,131,-376.0,0.0,51431,6479914.4,1887730.6,5,8,-779.1232332777777,-0.000331,-5237.611995
DOM_14_093,-1,FMP_DOM,SKIN,0,1,1,0,0.333,1.0,5.0,-96.6,-336.0,286,132,-312.0,0.0,51432,6480384.2,1887901.6,4,8,-753.141123511696,-0.000331,-3932.06539
DOM_14_094,-1,FMP_DOM,SKIN,0,1,1,0,0.333,1.0,5.0,-79.5,-312.0,286,133,-289.0,0.0,51433,6480854.1,1888072.6,4,7,-750.0868118596493,-0.000331,-3932.06539
DOM_14_095,-1,FMP_DOM,SKIN,0,1,1,0,0.333,1.0,5.0,-114.0,-359.0,266,130,-335.0,0.0,47830,6476024.3,1896956.5,5,8,-882.5451171666665,-0.000331,-10435.99769
DOM_14_096,-1,FMP_DOM,SKIN,0,1,1,0,0.333,1.0,5.0,-232.0,-498.0,270,131,-472.0,0.0,48551,6477178.2,1895248.1,7,9,-882.5451171666665,-0.000331,-10435.99769
DOM_14_097,-1,FMP_DOM,SKIN,0,1,1,0,0.333,1.0,5.0,-59.3,-295.0,271,130,-271.0,0.0,48730,6476879.4,1894607.2,4,7,-882.5451171666665,-0.000331,-10435.99769
DOM_14_098,-1,FMP_DOM,SKIN,0,1,1,0,0.333,1.0,5.0,-69.6,-311.0,271,132,-287.0,0.0,48732,6477819.1,1894949.3,4,8,-882.5451171666665,-0.000331,-10435.99769
DOM_14_099,-1,FMP_DOM,SKIN,0,1,1,0,0.333,1.0,5.0,-12.1,-241.0,271,133,-218.0,0.0,48733,6478288.9,1895120.3,3,7,-800.2744285116958,-0.000331,-7109.956335
DOM_14_100,-1,FMP_DOM,SKIN,0,1,1,0,0.333,1.0,5.0,-175.0,-428.0,272,128,-403.0,0.0,48908,6476110.7,1893795.4,6,8,-882.5451171666665,-0.000331,-10435.99769
DOM_14_101,-1,FMP_DOM,SKIN,0,1,1,0,0.333,1.0,5.0,-131.0,-378.0,272,129,-353.0,0.0,48909,6476580.6,1893966.4,5,8,-882.5451171666665,-0.000331,-10435.99769
DOM_14_102,-1,FMP_DOM,SKIN,0,1,1,0,0.333,1.0,5.0,19.2,-202.0,272,130,-180.0,0.0,48910,6477050.4,1894137.4,2,6,-768.4004364649122,-0.000331,-5237.611995
DOM_14_103,-1,FMP_DOM,SKIN,0,1,1,0,0.333,1.0,5.0,8.15,-218.0,272,132,-195.0,0.0,48912,6477990.1,1894479.4,2,6,-771.5157042280701,-0.000331,-5237.611995
DOM_14_104,-1,FMP_DOM,SKIN,0,1,1,0,0.333,1.0,5.0,-28.2,-256.0,273,129,-233.0,0.0,49089,6476751.6,1893496.5,3,7,-813.932241333333,-0.000331,-7109.956335
DOM_14_105,-1,FMP_DOM,SKIN,0,1,1,0,0.333,1.0,5.0,5.33,-218.0,273,130,-195.0,0.0,49090,6477221.4,1893667.5,2,6,-772.2166055292397,-0.000331,-5237.611995
DOM_14_106,-1,FMP_DOM,SKIN,0,1,1,0,0.333,1.0,5.0,-124.0,-372.0,273,131,-347.0,0.0,49091,6477691.3,1893838.6,5,8,-882.5451171666665,-0.000331,-10435.99769
DOM_14_107,-1,FMP_DOM,SKIN,0,1,1,0,0.333,1.0,5.0,9.59,-215.0,273,132,-193.0,0.0,49092,6478161.1,1894009.6,2,6,-770.8470729122807,-0.000331,-5237.611995
DOM_14_108,-1,FMP_DOM,SKIN,0,1,1,0,0.333,1.0,5.0,57.5,-161.0,273,134,-139.0,0.0,49094,6479100.8,1894351.6,1,6,-738.3826331461989,-0.000331,-3932.06539
DOM_14_109,-1,FMP_DOM,SKIN,0,1,1,0,0.333,1.0,5.0,-224.0,-491.0,273,135,-465.0,0.0,49095,6479570.7,1894522.6,7,9,-882.5451171666665,-0.000331,-10435.99769
DOM_14_110,-1,FMP_DOM,SKIN,0,1,1,0,0.333,1.0,5.0,-15.2,-248.0,273,136,-225.0,0.0,49096,6480040.5,1894693.6,3,7,-800.9733034239764,-0.000331,-7109.956335
DOM_14_111,-1,FMP_DOM,SKIN,0,1,1,0,0.333,1.0,5.0,-8.8,-233.0,274,129,-210.0,0.0,49269,6476922.6,1893026.7,2,7,-688.2173154415206,-0.000331,-2822.415985
DOM_14_112,-1,FMP_DOM,SKIN,0,1,1,0,0.333,1.0,5.0,-21.0,-252.0,274,133,-229.0,0.0,49273,6478802.0,1893710.7,3,7,-801.5372618011695,-0.000331,-7109.956335
DOM_14_113,-1,FMP_DOM,SKIN,0,1,1,0,0.333,1.0,5.0,-147.0,-399.0,274,135,-373.0,0.0,49275,6479741.7,1894052.8,6,8,-882.5451171666665,-0.000331,-10435.99769
DOM_14_114,-1,FMP_DOM,SKIN,0,1,1,0,0.333,1.0,5.0,-112.0,-362.0,274,136,-337.0,0.0,49276,6480211.5,1894223.8,5,8,-882.5451171666665,-0.000331,-10435.99769
DOM_14_115,-1,FMP_DOM,SKIN,0,1,1,0,0.333,1.0,5.0,-115.0,-361.0,275,132,-337.0,0.0,49452,6478503.1,1893069.9,5,8,-771.9733063918128,-0.000331,-5237.611995
DOM_14_116,-1,FMP_DOM,SKIN,0,1,1,0,0.333,1.0,5.0,-110.0,-356.0,275,133,-332.0,0.0,49453,6478973.0,1893240.9,5,8,-771.682108614035,-0.000331,-5237.611995
DOM_14_117,-1,FMP_DOM,SKIN,0,1,1,0,0.333,1.0,5.0,40.0,-178.0,275,135,-157.0,0.0,49455,6479912.7,1893582.9,2,6,-745.6519143596493,-0.000331,-3932.06539
DOM_14_118,-1,FMP_DOM,SKIN,0,1,1,0,0.333,1.0,5.0,-68.0,-309.0,275,136,-285.0,0.0,49456,6480382.5,1893753.9,4,8,-860.2133899005846,-0.000331,-10435.99769
DOM_14_119,-1,FMP_DOM,SKIN,0,1,1,0,0.333,1.0,5.0,-137.0,-388.0,275,137,-363.0,0.0,49457,6480852.4,1893924.9,6,8,-882.5451171666665,-0.000331,-10435.99769
DOM_14_120,-1,FMP_DOM,SKIN,0,1,1,0,0.333,1.0,5.0,30.4,-186.0,276,134,-165.0,0.0,49634,6479613.8,1892942.1,2,6,-655.8113999005848,-0.000331,-2545.14691
DOM_14_121,-1,FMP_DOM,SKIN,0,1,1,0,0.333,1.0,5.0,-178.0,-438.0,276,135,-412.0,0.0,49635,6480083.7,1893113.1,6,9,-882.5451171666665,-0.000331,-10435.99769
DOM_14_122,-1,FMP_DOM,SKIN,0,1,1,0,0.333,1.0,5.0,-224.0,-491.0,276,136,-465.0,0.0,49636,6480553.5,1893284.1,7,9,-882.5451171666665,-0.000331,-10435.99769
DOM_14_123,-1,FMP_DOM,SKIN,0,1,1,0,0.333,1.0,5.0,-61.1,-327.0,275,139,-300.0,0.0,49459,6481792.1,1894266.9,4,8,-882.5451171666665,-0.000331,-10435.99769
DOM_15_001,-1,FMP_DOM,SKIN,0,1,1,0,0.333,1.0,5.0,31.1,-167.0,284,141,-147.0,0.0,51081,6484270.8,1890380.4,2,6,-593.986690873607,-0.000383,-1447.208845
DOM_15_002,-1,FMP_DOM,SKIN,0,1,1,0,0.333,1.0,5.0,60.2,-112.0,285,140,-95.1,0.0,51260,6483972.0,1889739.5,1,5,-593.986690873607,-0.000383,-1447.208845
DOM_15_003,-1,FMP_DOM,SKIN,0,1,1,0,0.333,1.0,5.0,49.2,-131.0,285,141,-113.0,0.0,51261,6484441.8,1889910.5,1,5,-593.986690873607,-0.000383,-1447.208845
DOM_15_004,-1,FMP_DOM,SKIN,0,1,1,0,0.333,1.0,5.0,12.4,-184.0,285,142,-164.0,0.0,51262,6484911.7,1890081.5,3,6,-593.986690873607,-0.000383,-1447.208845
DOM_15_005,-1,FMP_DOM,SKIN,0,1,1,0,0.333,1.0,5.0,-35.1,-287.0,286,140,-262.0,0.0,51440,6484143.0,1889269.6,4,7,-593.986690873607,-0.000383,-1447.208845
DOM_15_006,-1,FMP_DOM,SKIN,0,1,1,0,0.333,1.0,5.0,-7.72,-224.0,287,140,-202.0,0.0,51620,6484314.0,1888799.8,3,7,-593.986690873607,-0.000383,-1447.208845
DOM_15_007,-1,FMP_DOM,SKIN,0,1,1,0,0.333,1.0,5.0,-37.7,-276.0,287,141,-253.0,0.0,51621,6484783.9,1888970.8,4,7,-593.986690873607,-0.000383,-1447.208845
DOM_15_008,-1,FMP_DOM,SKIN,0,1,1,0,0.333,1.0,5.0,-29.2,-253.0,288,140,-231.0,0.0,51800,6484485.0,1888330.0,3,7,-593.986690873607,-0.000383,-1447.208845
DOM_15_009,-1,FMP_DOM,SKIN,0,1,1,0,0.333,1.0,5.0,-28.6,-247.0,289,140,-225.0,0.0,51980,6484656.0,1887860.1,3,7,-593.986690873607,-0.000383,-1447.208845
DOM_15_010,-1,FMP_DOM,SKIN,0,1,1,0,0.333,1.0,5.0,20.4,-184.0,310,132,-164.0,0.0,55752,6484488.5,1876625.3,1,6,-593.986690873607,-0.000383,-1447.208845
DOM_15_011,-1,FMP_DOM,SKIN,0,1,1,0,0.333,1.0,5.0,103.0,-23.1,311,132,-10.5,0.0,55932,6484659.5,1876155.4,1,2,-76.43792337214079,-0.000383,-798.68351
DOM_15_012,-1,FMP_DOM,SKIN,0,1,1,0,0.333,1.0,5.0,76.5,-31.7,325,142,-20.8,0.0,58462,6491752.1,1871287.7,1,3,-121.58872031935492,-0.000383,-798.68351
DOM_15_013,-1,FMP_DOM,SKIN,0,1,1,0,0.333,1.0,5.0,74.7,-85.2,325,144,-69.2,0.0,58464,6492691.8,1871629.7,1,5,-343.9551929175954,-0.000383,-1186.96226
DOM_15_014,-1,FMP_DOM,SKIN,0,1,1,0,0.333,1.0,5.0,-32.1,-193.0,326,141,-177.0,0.0,58641,6491453.3,1870646.8,3,6,-593.986690873607,-0.000383,-1447.208845
DOM_15_015,-1,FMP_DOM,SKIN,0,1,1,0,0.333,1.0,5.0,31.1,-99.8,326,142,-86.7,0.0,58642,6491923.1,1870817.8,2,5,-392.7357384337246,-0.000383,-1239.92899
DOM_15_016,-1,FMP_DOM,SKIN,0,1,1,0,0.333,1.0,5.0,52.5,-99.7,326,143,-84.5,0.0,58643,6492393.0,1870988.8,1,5,-422.3136888090909,-0.000383,-1239.92899
DOM_15_017,-1,FMP_DOM,SKIN,0,1,1,0,0.333,1.0,5.0,4.52,-164.0,326,144,-147.0,0.0,58644,6492862.8,1871159.8,3,6,-593.986690873607,-0.000383,-1447.208845
DOM_15_018,-1,FMP_DOM,SKIN,0,1,1,0,0.333,1.0,5.0,-26.4,-196.0,326,145,-179.0,0.0,58645,6493332.6,1871330.8,3,6,-593.986690873607,-0.000383,-1447.208845
DOM_15_019,-1,FMP_DOM,SKIN,0,1,1,0,0.333,1.0,5.0,-27.5,-200.0,326,146,-183.0,0.0,58646,6493802.5,1871501.9,3,6,-593.986690873607,-0.000383,-1447.208845
DOM_15_020,-1,FMP_DOM,SKIN,0,1,1,0,0.333,1.0,5.0,105.0,0.00523,326,147,10.5,0.0,58647,6494272.3,1871672.9,1,3,-144.4934931140764,-0.000383,-942.1345
DOM_15_021,-1,FMP_DOM,SKIN,0,1,1,0,0.333,1.0,5.0,-36.4,-204.0,327,141,-188.0,0.0,58821,6491624.3,1870177.0,4,6,-593.986690873607,-0.000383,-1447.208845
DOM_15_022,-1,FMP_DOM,SKIN,0,1,1,0,0.333,1.0,5.0,37.0,-93.3,327,142,-80.2,0.0,58822,6492094.1,1870348.0,1,5,-348.16170261847515,-0.000383,-1130.10235
DOM_15_023,-1,FMP_DOM,SKIN,0,1,1,0,0.333,1.0,5.0,23.0,-136.0,327,143,-120.0,0.0,58823,6492564.0,1870519.0,2,5,-593.986690873607,-0.000383,-1447.208845
DOM_15_024,-1,FMP_DOM,SKIN,0,1,1,0,0.333,1.0,5.0,27.4,-109.0,327,144,-95.7,0.0,58824,6493033.8,1870690.0,2,5,-575.5914543398828,-0.000383,-1439.348385
DOM_15_025,-1,FMP_DOM,SKIN,0,1,1,0,0.333,1.0,5.0,70.0,-41.7,327,145,-30.5,0.0,58825,6493503.7,1870861.0,1,4,-286.9870436096776,-0.000383,-1044.82918
DOM_15_026,-1,FMP_DOM,SKIN,0,1,1,0,0.333,1.0,5.0,-20.9,-190.0,327,146,-173.0,0.0,58826,6493973.5,1871032.0,3,6,-593.986690873607,-0.000383,-1447.208845
DOM_15_027,-1,FMP_DOM,SKIN,0,1,1,0,0.333,1.0,5.0,83.8,-31.5,327,147,-20.0,0.0,58827,6494443.4,1871203.0,1,4,-254.58231334574802,-0.000383,-953.503665
DOM_15_028,-1,FMP_DOM,SKIN,0,1,1,0,0.333,1.0,5.0,102.0,-21.5,327,149,-9.12,0.0,58829,6495383.0,1871545.0,1,3,-344.6677906096776,-0.000383,-1186.96226
DOM_15_029,-1,FMP_DOM,SKIN,0,1,1,0,0.333,1.0,5.0,12.3,-118.0,328,140,-105.0,0.0,59000,6491325.4,1869536.1,2,5,-548.2296638706746,-0.000383,-1336.86832
DOM_15_030,-1,FMP_DOM,SKIN,0,1,1,0,0.333,1.0,5.0,26.9,-97.8,328,141,-85.3,0.0,59001,6491795.3,1869707.1,2,5,-394.49582435454556,-0.000383,-1179.882725
DOM_15_031,-1,FMP_DOM,SKIN,0,1,1,0,0.333,1.0,5.0,20.7,-109.0,328,142,-95.8,0.0,59002,6492265.1,1869878.1,2,5,-571.3973023897362,-0.000383,-1362.60857
DOM_15_032,-1,FMP_DOM,SKIN,0,1,1,0,0.333,1.0,5.0,-37.6,-202.0,328,143,-185.0,0.0,59003,6492735.0,1870049.1,4,6,-593.986690873607,-0.000383,-1447.208845
DOM_15_033,-1,FMP_DOM,SKIN,0,1,1,0,0.333,1.0,5.0,29.2,-103.0,328,144,-89.5,0.0,59004,6493204.8,1870220.1,2,5,-571.4054030026393,-0.000383,-1362.60857
DOM_15_034,-1,FMP_DOM,SKIN,0,1,1,0,0.333,1.0,5.0,35.1,-96.3,328,145,-83.2,0.0,59005,6493674.7,1870391.2,2,5,-593.986690873607,-0.000383,-1447.208845
DOM_15_035,-1,FMP_DOM,SKIN,0,1,1,0,0.333,1.0,5.0,81.8,-27.7,328,146,-16.7,0.0,59006,6494144.5,1870562.2,1,3,-319.78030782668634,-0.000383,-1130.10235
DOM_15_036,-1,FMP_DOM,SKIN,0,1,1,0,0.333,1.0,5.0,0.0399,-165.0,328,147,-149.0,0.0,59007,6494614.4,1870733.2,3,6,-593.986690873607,-0.000383,-1447.208845
DOM_15_037,-1,FMP_DOM,SKIN,0,1,1,0,0.333,1.0,5.0,86.8,-38.9,328,148,-26.3,0.0,59008,6495084.2,1870904.2,1,4,-432.1883688266862,-0.000383,-1267.3258
DOM_15_038,-1,FMP_DOM,SKIN,0,1,1,0,0.333,1.0,5.0,125.0,2.49,328,150,14.8,0.0,59010,6496023.9,1871246.2,1,3,-355.08382320791804,-0.000383,-1239.92899
DOM_15_039,-1,FMP_DOM,SKIN,0,1,1,0,0.333,1.0,5.0,123.0,-12.5,328,151,1.05,0.0,59011,6496493.7,1871417.2,1,3,-452.94002485307925,-0.000383,-1336.86832
DOM_15_040,-1,FMP_DOM,SKIN,0,1,1,0,0.333,1.0,5.0,-56.4,-218.0,329,140,-202.0,0.0,59180,6491496.4,1869066.3,4,6,-593.986690873607,-0.000383,-1447.208845
DOM_15_041,-1,FMP_DOM,SKIN,0,1,1,0,0.333,1.0,5.0,51.8,-54.6,329,141,-44.0,0.0,59181,6491966.3,1869237.3,1,4,-593.986690873607,-0.000383,-1447.208845
DOM_15_042,-1,FMP_DOM,SKIN,0,1,1,0,0.333,1.0,5.0,6.86,-132.0,329,142,-118.0,0.0,59182,6492436.1,1869408.3,2,5,-593.986690873607,-0.000383,-1447.208845
DOM_15_043,-1,FMP_DOM,SKIN,0,1,1,0,0.333,1.0,5.0,23.2,-114.0,329,143,-101.0,0.0,59183,6492906.0,1869579.3,2,5,-593.986690873607,-0.000383,-1447.208845
DOM_15_044,-1,FMP_DOM,SKIN,0,1,1,0,0.333,1.0,5.0,33.3,-102.0,329,144,-88.7,0.0,59184,6493375.8,1869750.3,2,5,-593.986690873607,-0.000383,-1447.208845
DOM_15_045,-1,FMP_DOM,SKIN,0,1,1,0,0.333,1.0,5.0,68.1,-61.9,329,147,-48.9,0.0,59187,6494785.4,1870263.3,1,4,-585.9824370055719,-0.000383,-1447.208845
DOM_15_046,-1,FMP_DOM,SKIN,0,1,1,0,0.333,1.0,5.0,28.8,-125.0,329,148,-110.0,0.0,59188,6495255.2,1870434.3,2,5,-593.986690873607,-0.000383,-1447.208845
DOM_15_047,-1,FMP_DOM,SKIN,0,1,1,0,0.333,1.0,5.0,129.0,24.0,329,149,34.5,0.0,59189,6495725.1,1870605.3,1,2,-327.944461797361,-0.000383,-1130.10235
DOM_15_048,-1,FMP_DOM,SKIN,0,1,1,0,0.333,1.0,5.0,44.2,-120.0,329,150,-103.0,0.0,59190,6496194.9,1870776.4,1,5,-593.986690873607,-0.000383,-1447.208845
DOM_15_049,-1,FMP_DOM,SKIN,0,1,1,0,0.333,1.0,5.0,93.1,-29.5,330,147,-17.3,0.0,59367,6494956.4,1869793.5,1,3,-577.912790134604,-0.000383,-1439.348385
DOM_15_050,-1,FMP_DOM,SKIN,0,1,1,0,0.333,1.0,5.0,118.0,-0.531,330,148,11.3,0.0,59368,6495426.2,1869964.5,1,3,-556.8788418589442,-0.000383,-1362.60857
DOM_15_051,-1,FMP_DOM,SKIN,0,1,1,0,0.333,1.0,5.0,80.1,-62.0,330,149,-47.8,0.0,59369,6495896.1,1870135.5,1,4,-593.986690873607,-0.000383,-1447.208845
DOM_15_052,-1,FMP_DOM,SKIN,0,1,1,0,0.333,1.0,5.0,154.0,47.0,330,150,57.7,0.0,59370,6496365.9,1870306.5,1,1,-382.8009455627569,-0.000383,-1267.3258
DOM_15_053,-1,FMP_DOM,SKIN,0,1,1,0,0.333,1.0,5.0,-6.66,-159.0,333,138,-144.0,0.0,59898,6491240.8,1866844.9,3,6,-593.986690873607,-0.000383,-1447.208845
DOM_15_054,-1,FMP_DOM,SKIN,0,1,1,0,0.333,1.0,5.0,7.81,-140.0,333,139,-125.0,0.0,59899,6491710.6,1867015.9,2,5,-593.986690873607,-0.000383,-1447.208845
DOM_15_055,-1,FMP_DOM,SKIN,0,1,1,0,0.333,1.0,5.0,30.1,-104.0,333,140,-90.4,0.0,59900,6492180.5,1867186.9,2,5,-591.8641806155425,-0.000383,-1439.348385
DOM_15_056,-1,FMP_DOM,SKIN,0,1,1,0,0.333,1.0,5.0,57.0,-77.5,333,141,-64.0,0.0,59901,6492650.3,1867357.9,1,4,-557.7197640085044,-0.000383,-1336.86832
DOM_15_057,-1,FMP_DOM,SKIN,0,1,1,0,0.333,1.0,5.0,107.0,-0.198,333,145,10.5,0.0,59905,6494529.7,1868041.9,1,3,-567.3653995099708,-0.000383,-1362.60857
DOM_15_058,-1,FMP_DOM,SKIN,0,1,1,0,0.333,1.0,5.0,72.1,-45.8,334,139,-34.0,0.0,60079,6491881.7,1866546.0,1,4,-317.19308253049877,-0.000383,-1130.10235
DOM_15_059,-1,FMP_DOM,SKIN,0,1,1,0,0.333,1.0,5.0,31.8,-109.0,334,140,-94.7,0.0,60080,6492351.5,1866717.0,2,5,-593.986690873607,-0.000383,-1447.208845
DOM_15_060,-1,FMP_DOM,SKIN,0,1,1,0,0.333,1.0,5.0,49.0,-85.7,334,141,-72.2,0.0,60081,6492821.3,1866888.0,1,5,-565.7189658648097,-0.000383,-1336.86832
DOM_15_061,-1,FMP_DOM,SKIN,0,1,1,0,0.333,1.0,5.0,20.0,-138.0,334,142,-123.0,0.0,60082,6493291.2,1867059.0,2,5,-593.986690873607,-0.000383,-1447.208845
DOM_15_062,-1,FMP_DOM,SKIN,0,1,1,0,0.333,1.0,5.0,49.2,-107.0,334,144,-91.2,0.0,60084,6494230.9,1867401.1,1,5,-593.986690873607,-0.000383,-1447.208845
DOM_15_063,-1,FMP_DOM,SKIN,0,1,1,0,0.333,1.0,5.0,84.4,-74.9,334,147,-59.0,0.0,60087,6495640.4,1867914.1,1,4,-593.986690873607,-0.000383,-1447.208845
DOM_15_064,-1,FMP_DOM,SKIN,0,1,1,0,0.333,1.0,5.0,190.0,78.9,334,148,90.0,0.0,60088,6496110.3,1868085.1,1,1,-580.638075592082,-0.000383,-1447.208845
DOM_15_065,-1,FMP_DOM,SKIN,0,1,1,0,0.333,1.0,5.0,125.0,17.7,335,142,28.4,0.0,60262,6493462.2,1866589.2,1,2,-379.46377758328447,-0.000383,-1308.747895
DOM_15_066,-1,FMP_DOM,SKIN,0,1,1,0,0.333,1.0,5.0,126.0,7.26,335,143,19.1,0.0,60263,6493932.0,1866760.2,1,3,-543.3034661697948,-0.000383,-1336.86832
DOM_15_067,-1,FMP_DOM,SKIN,0,1,1,0,0.333,1.0,5.0,175.0,41.9,335,145,55.2,0.0,60265,6494871.7,1867102.2,1,1,-553.3715644571846,-0.000383,-1439.348385
DOM_15_068,-1,FMP_DOM,SKIN,0,1,1,0,0.333,1.0,5.0,120.0,-44.1,335,147,-27.7,0.0,60267,6495811.4,1867444.2,1,4,-593.986690873607,-0.000383,-1447.208845
DOM_15_069,-1,FMP_DOM,SKIN,0,1,1,0,0.333,1.0,5.0,164.0,16.8,335,148,31.6,0.0,60268,6496281.3,1867615.3,1,2,-593.986690873607,-0.000383,-1447.208845
DOM_15_070,-1,FMP_DOM,SKIN,0,1,1,0,0.333,1.0,5.0,208.0,66.7,336,146,80.8,0.0,60446,6495512.6,1866803.4,1,1,-593.986690873607,-0.000383,-1447.208845
DOM_15_071,-1,FMP_DOM,SKIN,0,1,1,0,0.333,1.0,5.0,261.0,130.0,337,147,143.0,0.0,60627,6496153.5,1866504.6,1,1,-346.04956434574785,-0.000383,-1308.747895
DOM_15_072,-1,FMP_DOM,SKIN,0,1,1,0,0.333,1.0,5.0,-81.6,-292.0,290,139,-271.0,0.0,52159,6484357.2,1887219.3,4,7,-593.986690873607,-0.000383,-1447.208845
DOM_15_073,-1,FMP_DOM,SKIN,0,1,1,0,0.333,1.0,5.0,-87.0,-298.0,290,140,-277.0,0.0,52160,6484827.1,1887390.3,4,7,-593.986690873607,-0.000383,-1447.208845
DOM_15_074,-1,FMP_DOM,SKIN,0,1,1,0,0.333,1.0,5.0,-127.0,-342.0,291,138,-320.0,0.0,52338,6484058.4,1886578.4,5,8,-593.986690873607,-0.000383,-1447.208845
DOM_15_075,-1,FMP_DOM,SKIN,0,1,1,0,0.333,1.0,5.0,-138.0,-354.0,291,139,-333.0,0.0,52339,6484528.2,1886749.4,5,8,-593.986690873607,-0.000383,-1447.208845
DOM_15_076,-1,FMP_DOM,SKIN,0,1,1,0,0.333,1.0,5.0,-42.1,-248.0,291,140,-227.0,0.0,52340,6484998.1,1886920.4,4,7,-593.986690873607,-0.000383,-1447.208845
DOM_15_077,-1,FMP_DOM,SKIN,0,1,1,0,0.333,1.0,5.0,-113.0,-325.0,292,137,-304.0,0.0,52517,6483759.5,1885937.5,5,7,-593.986690873607,-0.000383,-1447.208845
DOM_15_078,-1,FMP_DOM,SKIN,0,1,1,0,0.333,1.0,5.0,21.9,-175.0,292,138,-155.0,0.0,52518,6484229.4,1886108.6,2,6,-587.754306351613,-0.000383,-1439.348385
DOM_15_079,-1,FMP_DOM,SKIN,0,1,1,0,0.333,1.0,5.0,-4.16,-204.0,292,139,-184.0,0.0,52519,6484699.2,1886279.6,3,6,-593.986690873607,-0.000383,-1447.208845
DOM_15_080,-1,FMP_DOM,SKIN,0,1,1,0,0.333,1.0,5.0,-118.0,-332.0,292,140,-311.0,0.0,52520,6485169.1,1886450.6,5,8,-593.986690873607,-0.000383,-1447.208845
DOM_15_081,-1,FMP_DOM,SKIN,0,1,1,0,0.333,1.0,5.0,7.92,-192.0,292,141,-172.0,0.0,52521,6485638.9,1886621.6,2,6,-593.986690873607,-0.000383,-1447.208845
DOM_15_082,-1,FMP_DOM,SKIN,0,1,1,0,0.333,1.0,5.0,-37.1,-240.0,293,137,-220.0,0.0,52697,6483930.5,1885467.7,3,7,-593.986690873607,-0.000383,-1447.208845
DOM_15_083,-1,FMP_DOM,SKIN,0,1,1,0,0.333,1.0,5.0,-126.0,-339.0,293,138,-318.0,0.0,52698,6484400.4,1885638.7,5,8,-593.986690873607,-0.000383,-1447.208845
DOM_15_084,-1,FMP_DOM,SKIN,0,1,1,0,0.333,1.0,5.0,-135.0,-349.0,293,140,-328.0,0.0,52700,6485340.1,1885980.7,5,8,-593.986690873607,-0.000383,-1447.208845
DOM_15_085,-1,FMP_DOM,SKIN,0,1,1,0,0.333,1.0,5.0,-12.3,-213.0,293,141,-193.0,0.0,52701,6485809.9,1886151.7,3,6,-593.986690873607,-0.000383,-1447.208845
DOM_15_086,-1,FMP_DOM,SKIN,0,1,1,0,0.333,1.0,5.0,-78.3,-285.0,294,136,-264.0,0.0,52876,6483631.7,1884826.8,4,7,-593.986690873607,-0.000383,-1447.208845
DOM_15_087,-1,FMP_DOM,SKIN,0,1,1,0,0.333,1.0,5.0,-7.04,-206.0,294,137,-186.0,0.0,52877,6484101.6,1884997.8,2,6,-593.986690873607,-0.000383,-1447.208845
DOM_15_088,-1,FMP_DOM,SKIN,0,1,1,0,0.333,1.0,5.0,23.1,-173.0,294,140,-154.0,0.0,52880,6485511.1,1885510.9,2,6,-593.986690873607,-0.000383,-1447.208845
DOM_15_089,-1,FMP_DOM,SKIN,0,1,1,0,0.333,1.0,5.0,-60.2,-267.0,294,141,-247.0,0.0,52881,6485980.9,1885681.9,4,7,-593.986690873607,-0.000383,-1447.208845
DOM_15_090,-1,FMP_DOM,SKIN,0,1,1,0,0.333,1.0,5.0,-35.1,-237.0,295,137,-217.0,0.0,53057,6484272.6,1884528.0,3,6,-593.986690873607,-0.000383,-1447.208845
DOM_15_091,-1,FMP_DOM,SKIN,0,1,1,0,0.333,1.0,5.0,-12.3,-212.0,295,138,-192.0,0.0,53058,6484742.4,1884699.0,3,6,-593.986690873607,-0.000383,-1447.208845
DOM_15_092,-1,FMP_DOM,SKIN,0,1,1,0,0.333,1.0,5.0,-87.2,-294.0,296,136,-274.0,0.0,53236,6483973.7,1883887.1,4,7,-593.986690873607,-0.000383,-1447.208845
DOM_15_093,-1,FMP_DOM,SKIN,0,1,1,0,0.333,1.0,5.0,-77.5,-284.0,296,138,-264.0,0.0,53238,6484913.4,1884229.2,4,7,-593.986690873607,-0.000383,-1447.208845
DOM_15_094,-1,FMP_DOM,SKIN,0,1,1,0,0.333,1.0,5.0,-116.0,-329.0,296,139,-308.0,0.0,53239,6485383.3,1884400.2,5,8,-593.986690873607,-0.000383,-1447.208845
DOM_15_095,-1,FMP_DOM,SKIN,0,1,1,0,0.333,1.0,5.0,-95.0,-303.0,297,135,-282.0,0.0,53415,6483674.9,1883246.3,4,7,-593.986690873607,-0.000383,-1447.208845
DOM_15_096,-1,FMP_DOM,SKIN,0,1,1,0,0.333,1.0,5.0,-124.0,-336.0,297,136,-315.0,0.0,53416,6484144.7,1883417.3,5,8,-593.986690873607,-0.000383,-1447.208845
DOM_15_097,-1,FMP_DOM,SKIN,0,1,1,0,0.333,1.0,5.0,-115.0,-329.0,297,138,-308.0,0.0,53418,6485084.4,1883759.3,5,7,-593.986690873607,-0.000383,-1447.208845
DOM_15_098,-1,FMP_DOM,SKIN,0,1,1,0,0.333,1.0,5.0,-1.6,-199.0,298,135,-179.0,0.0,53595,6483845.9,1882776.4,2,6,-593.986690873607,-0.000383,-1447.208845
DOM_15_099,-1,FMP_DOM,SKIN,0,1,1,0,0.333,1.0,5.0,-14.7,-215.0,298,136,-195.0,0.0,53596,6484315.7,1882947.5,2,6,-593.986690873607,-0.000383,-1447.208845
DOM_15_100,-1,FMP_DOM,SKIN,0,1,1,0,0.333,1.0,5.0,6.53,-156.0,334,137,-139.0,0.0,60077,6490942.0,1866204.0,2,6,-593.986690873607,-0.000383,-1447.208845
DOM_15_101,-1,FMP_DOM,SKIN,0,1,1,0,0.333,1.0,5.0,-19.5,-182.0,335,132,-165.0,0.0,60252,6488763.7,1864879.1,3,6,-593.986690873607,-0.000383,-1447.208845
DOM_15_102,-1,FMP_DOM,SKIN,0,1,1,0,0.333,1.0,5.0,-4.22,-166.0,336,132,-150.0,0.0,60432,6488934.7,1864409.3,3,6,-593.986690873607,-0.000383,-1447.208845
DOM_15_103,-1,FMP_DOM,SKIN,0,1,1,0,0.333,1.0,5.0,-77.2,-239.0,336,136,-223.0,0.0,60436,6490814.1,1865093.3,4,7,-593.986690873607,-0.000383,-1447.208845
DOM_15_104,-1,FMP_DOM,SKIN,0,1,1,0,0.333,1.0,5.0,-3.22,-165.0,337,131,-149.0,0.0,60611,6488635.9,1863768.4,2,6,-593.986690873607,-0.000383,-1447.208845
DOM_15_105,-1,FMP_DOM,SKIN,0,1,1,0,0.333,1.0,5.0,89.2,-73.0,337,132,-56.8,0.0,60612,6489105.8,1863939.4,1,4,-593.986690873607,-0.000383,-1447.208845
DOM_15_106,-1,FMP_DOM,SKIN,0,1,1,0,0.333,1.0,5.0,11.0,-151.0,337,135,-135.0,0.0,60615,6490515.3,1864452.4,2,6,-593.986690873607,-0.000383,-1447.208845
DOM_15_107,-1,FMP_DOM,SKIN,0,1,1,0,0.333,1.0,5.0,57.2,-105.0,338,135,-88.8,0.0,60795,6490686.3,1863982.6,1,5,-593.986690873607,-0.000383,-1447.208845
DOM_15_108,-1,FMP_DOM,SKIN,0,1,1,0,0.333,1.0,5.0,160.0,-22.5,323,154,-4.27,0.0,58114,6497048.2,1874279.5,1,3,-387.4231603105574,-0.000383,-1267.3258
DOM_15_109,-1,FMP_DOM,SKIN,0,1,1,0,0.333,1.0,5.0,226.0,55.1,325,154,72.2,0.0,58474,6497390.3,1873339.8,1,1,-144.90138787067454,-0.000383,-798.68351
DOM_15_110,-1,FMP_DOM,SKIN,0,1,1,0,0.333,1.0,5.0,169.0,14.5,327,152,30.0,0.0,58832,6496792.6,1872058.1,1,2,-272.454410999707,-0.000383,-1130.10235
DOM_15_111,-1,FMP_DOM,SKIN,0,1,1,0,0.333,1.0,5.0,271.0,113.0,327,154,128.0,0.0,58834,6497732.3,1872400.1,1,1,-37.1928397451923,-0.000383,-798.68351
DOM_15_112,-1,FMP_DOM,SKIN,0,1,1,0,0.333,1.0,5.0,191.0,18.3,328,154,35.6,0.0,59014,6497903.3,1871930.2,1,2,-450.0078825217009,-0.000383,-1336.86832
DOM_15_113,-1,FMP_DOM,SKIN,0,1,1,0,0.333,1.0,5.0,15.3,-160.0,301,136,-142.0,0.0,54136,6484828.8,1881537.9,1,5,-593.986690873607,-0.000383,-1447.208845
DOM_15_114,-1,FMP_DOM,SKIN,0,1,1,0,0.333,1.0,5.0,-158.0,-374.0,304,136,-352.0,0.0,54676,6485341.8,1880128.4,5,8,-593.986690873607,-0.000383,-1447.208845
DOM_15_115,-1,FMP_DOM,SKIN,0,1,1,0,0.333,1.0,5.0,-179.0,-403.0,305,136,-380.0,0.0,54856,6485512.8,1879658.5,6,8,-593.986690873607,-0.000383,-1447.208845
DOM_15_116,-1,FMP_DOM,SKIN,0,1,1,0,0.333,1.0,5.0,-42.3,-232.0,305,137,-213.0,0.0,54857,6485982.7,1879829.5,3,6,-593.986690873607,-0.000383,-1447.208845
DOM_15_117,-1,FMP_DOM,SKIN,0,1,1,0,0.333,1.0,5.0,-168.0,-397.0,306,137,-374.0,0.0,55037,6486153.7,1879359.7,6,8,-593.986690873607,-0.000383,-1447.208845
DOM_15_118,-1,FMP_DOM,SKIN,0,1,1,0,0.333,1.0,5.0,157.0,-32.5,309,136,-13.6,0.0,55576,6486196.9,1877779.1,1,3,-87.10918198416991,-0.000383,-798.68351
DOM_15_119,-1,FMP_DOM,SKIN,0,1,1,0,0.333,1.0,5.0,164.0,-14.5,310,134,3.38,0.0,55754,6485428.2,1876967.3,1,2,-92.56289927782267,-0.000383,-798.68351
DOM_15_120,-1,FMP_DOM,SKIN,0,1,1,0,0.333,1.0,5.0,-36.2,-215.0,293,145,-197.0,0.0,52705,6487689.3,1886835.8,4,7,-593.986690873607,-0.000383,-1447.208845
DOM_15_121,-1,FMP_DOM,SKIN,0,1,1,0,0.333,1.0,5.0,-3.7,-203.0,293,148,-183.0,0.0,52708,6489098.9,1887348.8,3,7,-593.986690873607,-0.000383,-1447.208845
DOM_15_122,-1,FMP_DOM,SKIN,0,1,1,0,0.333,1.0,5.0,45.2,-106.0,294,146,-90.9,0.0,52886,6488330.2,1886536.9,2,5,-593.986690873607,-0.000383,-1447.208845
DOM_15_123,-1,FMP_DOM,SKIN,0,1,1,0,0.333,1.0,5.0,16.0,-148.0,295,146,-131.0,0.0,53066,6488501.2,1886067.1,2,6,-593.986690873607,-0.000383,-1447.208845
DOM_15_124,-1,FMP_DOM,SKIN,0,1,1,0,0.333,1.0,5.0,34.9,-138.0,295,147,-121.0,0.0,53067,6488971.0,1886238.1,2,6,-593.986690873607,-0.000383,-1447.208845
DOM_15_125,-1,FMP_DOM,SKIN,0,1,1,0,0.333,1.0,5.0,106.0,-72.7,295,148,-54.9,0.0,53068,6489440.9,1886409.1,1,5,-575.7215778032258,-0.000383,-1439.348385
DOM_15_126,-1,FMP_DOM,SKIN,0,1,1,0,0.333,1.0,5.0,-111.0,-317.0,296,142,-297.0,0.0,53242,6486792.8,1884913.2,5,8,-593.986690873607,-0.000383,-1447.208845
DOM_15_127,-1,FMP_DOM,SKIN,0,1,1,0,0.333,1.0,5.0,-26.5,-208.0,296,145,-190.0,0.0,53245,6488202.3,1885426.2,3,6,-593.986690873607,-0.000383,-1447.208845
DOM_15_128,-1,FMP_DOM,SKIN,0,1,1,0,0.333,1.0,5.0,73.4,-71.1,296,146,-56.6,0.0,53246,6488672.2,1885597.2,1,4,-309.59551869765403,-0.000383,-1130.10235
DOM_15_129,-1,FMP_DOM,SKIN,0,1,1,0,0.333,1.0,5.0,80.4,-62.7,296,147,-48.4,0.0,53247,6489142.0,1885768.3,1,4,-390.58554795278627,-0.000383,-1267.3258
DOM_15_130,-1,FMP_DOM,SKIN,0,1,1,0,0.333,1.0,5.0,143.0,-12.7,296,148,2.83,0.0,53248,6489611.9,1885939.3,1,3,-156.89797597038128,-0.000383,-1044.82918
DOM_15_131,-1,FMP_DOM,SKIN,0,1,1,0,0.333,1.0,5.0,31.3,-117.0,297,142,-102.0,0.0,53422,6486963.8,1884443.4,1,5,-590.0651776829911,-0.000383,-1447.208845
DOM_15_132,-1,FMP_DOM,SKIN,0,1,1,0,0.333,1.0,5.0,15.6,-157.0,297,146,-139.0,0.0,53426,6488843.2,1885127.4,2,6,-593.986690873607,-0.000383,-1447.208845
DOM_15_133,-1,FMP_DOM,SKIN,0,1,1,0,0.333,1.0,5.0,-83.2,-293.0,297,147,-272.0,0.0,53427,6489313.0,1885298.4,5,7,-593.986690873607,-0.000383,-1447.208845
DOM_15_134,-1,FMP_DOM,SKIN,0,1,1,0,0.333,1.0,5.0,-9.44,-173.0,298,141,-157.0,0.0,53601,6486665.0,1883802.5,3,6,-593.986690873607,-0.000383,-1447.208845
DOM_15_135,-1,FMP_DOM,SKIN,0,1,1,0,0.333,1.0,5.0,-2.73,-175.0,298,145,-157.0,0.0,53605,6488544.4,1884486.5,3,6,-593.986690873607,-0.000383,-1447.208845
DOM_15_136,-1,FMP_DOM,SKIN,0,1,1,0,0.333,1.0,5.0,-71.3,-281.0,298,146,-260.0,0.0,53606,6489014.2,1884657.6,4,7,-593.986690873607,-0.000383,-1447.208845
DOM_15_137,-1,FMP_DOM,SKIN,0,1,1,0,0.333,1.0,5.0,21.4,-139.0,298,148,-123.0,0.0,53608,6489953.9,1884999.6,3,6,-593.986690873607,-0.000383,-1447.208845
DOM_15_138,-1,FMP_DOM,SKIN,0,1,1,0,0.333,1.0,5.0,81.6,-72.2,298,149,-56.8,0.0,53609,6490423.8,1885170.6,1,5,-236.98861960674478,-0.000383,-869.90952
DOM_15_139,-1,FMP_DOM,SKIN,0,1,1,0,0.333,1.0,5.0,-66.8,-257.0,299,142,-238.0,0.0,53782,6487305.8,1883503.7,4,7,-593.986690873607,-0.000383,-1447.208845
DOM_15_140,-1,FMP_DOM,SKIN,0,1,1,0,0.333,1.0,5.0,-70.2,-269.0,299,146,-249.0,0.0,53786,6489185.2,1884187.7,4,7,-593.986690873607,-0.000383,-1447.208845
DOM_15_141,-1,FMP_DOM,SKIN,0,1,1,0,0.333,1.0,5.0,32.3,-118.0,299,147,-103.0,0.0,53787,6489655.1,1884358.7,2,5,-593.986690873607,-0.000383,-1447.208845
DOM_15_142,-1,FMP_DOM,SKIN,0,1,1,0,0.333,1.0,5.0,14.9,-150.0,299,148,-134.0,0.0,53788,6490124.9,1884529.7,3,6,-593.986690873607,-0.000383,-1447.208845
DOM_15_143,-1,FMP_DOM,SKIN,0,1,1,0,0.333,1.0,5.0,18.5,-153.0,299,149,-136.0,0.0,53789,6490594.8,1884700.7,3,6,-593.986690873607,-0.000383,-1447.208845
DOM_15_144,-1,FMP_DOM,SKIN,0,1,1,0,0.333,1.0,5.0,6.81,-146.0,300,140,-131.0,0.0,53960,6486537.2,1882691.8,2,5,-593.986690873607,-0.000383,-1447.208845
DOM_15_145,-1,FMP_DOM,SKIN,0,1,1,0,0.333,1.0,5.0,-41.2,-219.0,300,146,-202.0,0.0,53966,6489356.2,1883717.9,4,7,-593.986690873607,-0.000383,-1447.208845
DOM_15_146,-1,FMP_DOM,SKIN,0,1,1,0,0.333,1.0,5.0,-45.5,-247.0,300,149,-226.0,0.0,53969,6490765.8,1884230.9,4,7,-593.986690873607,-0.000383,-1447.208845
DOM_15_147,-1,FMP_DOM,SKIN,0,1,1,0,0.333,1.0,5.0,2.14,-187.0,300,150,-168.0,0.0,53970,6491235.6,1884401.9,3,6,-593.986690873607,-0.000383,-1447.208845
DOM_15_148,-1,FMP_DOM,SKIN,0,1,1,0,0.333,1.0,5.0,57.4,-95.8,301,149,-80.5,0.0,54149,6490936.8,1883761.0,2,5,-465.84623698797634,-0.000383,-1308.747895
DOM_15_149,-1,FMP_DOM,SKIN,0,1,1,0,0.333,1.0,5.0,12.0,-136.0,302,144,-122.0,0.0,54324,6488758.6,1882436.1,2,5,-556.6377219498535,-0.000383,-1362.60857
DOM_15_150,-1,FMP_DOM,SKIN,0,1,1,0,0.333,1.0,5.0,-17.2,-195.0,302,148,-177.0,0.0,54328,6490637.9,1883120.2,4,6,-593.986690873607,-0.000383,-1447.208845
DOM_15_151,-1,FMP_DOM,SKIN,0,1,1,0,0.333,1.0,5.0,38.3,-115.0,303,146,-100.0,0.0,54506,6489869.3,1882308.3,2,5,-559.222835985044,-0.000383,-1439.348385
DOM_15_152,-1,FMP_DOM,SKIN,0,1,1,0,0.333,1.0,5.0,208.0,84.1,328,152,96.5,0.0,59012,6496963.6,1871588.2,1,1,-56.256248459643835,-0.000383,-798.68351
DOM_15_153,-1,FMP_DOM,SKIN,0,1,1,0,0.333,1.0,5.0,89.7,-76.1,329,151,-59.5,0.0,59191,6496664.8,1870947.4,1,4,-593.986690873607,-0.000383,-1447.208845
DOM_15_154,-1,FMP_DOM,SKIN,0,1,1,0,0.333,1.0,5.0,193.0,38.2,329,153,53.7,0.0,59193,6497604.4,1871289.4,1,2,-386.92701252463377,-0.000383,-1267.3258
DOM_15_155,-1,FMP_DOM,SKIN,0,1,1,0,0.333,1.0,5.0,71.9,-109.0,330,151,-91.1,0.0,59371,6496835.8,1870477.5,1,5,-593.986690873607,-0.000383,-1447.208845
DOM_15_156,-1,FMP_DOM,SKIN,0,1,1,0,0.333,1.0,5.0,90.4,-119.0,330,153,-98.4,0.0,59373,6497775.5,1870819.5,1,5,-593.986690873607,-0.000383,-1447.208845
DOM_15_157,-1,FMP_DOM,SKIN,0,1,1,0,0.333,1.0,5.0,184.0,25.9,330,154,41.8,0.0,59374,6498245.3,1870990.6,1,2,-545.3186318970673,-0.000383,-1336.86832
DOM_15_158,-1,FMP_DOM,SKIN,0,1,1,0,0.333,1.0,5.0,113.0,-64.0,331,152,-46.3,0.0,59552,6497476.6,1870178.7,1,4,-593.986690873607,-0.000383,-1447.208845
DOM_15_159,-1,FMP_DOM,SKIN,0,1,1,0,0.333,1.0,5.0,228.0,113.0,331,153,124.0,0.0,59553,6497946.5,1870349.7,1,1,-101.61674759501473,-0.000383,-798.68351
DOM_15_160,-1,FMP_DOM,SKIN,0,1,1,0,0.333,1.0,5.0,187.0,10.4,331,154,28.1,0.0,59554,6498416.3,1870520.7,1,3,-593.986690873607,-0.000383,-1447.208845
DOM_15_161,-1,FMP_DOM,SKIN,0,1,1,0,0.333,1.0,5.0,223.0,76.9,332,153,91.5,0.0,59733,6498117.5,1869879.8,1,1,-565.4533005363636,-0.000383,-1439.348385
DOM_15_162,-1,FMP_DOM,SKIN,0,1,1,0,0.333,1.0,5.0,254.0,92.4,332,154,109.0,0.0,59734,6498587.3,1870050.9,1,1,-304.97629666246365,-0.000383,-1267.3258
DOM_15_163,-1,FMP_DOM,SKIN,0,1,1,0,0.333,1.0,5.0,138.0,-38.6,333,150,-20.9,0.0,59910,6496878.9,1868897.0,1,4,-593.986690873607,-0.000383,-1447.208845
DOM_15_164,-1,FMP_DOM,SKIN,0,1,1,0,0.333,1.0,5.0,151.0,-21.2,333,151,-3.97,0.0,59911,6497348.8,1869068.0,1,3,-593.986690873607,-0.000383,-1447.208845
DOM_15_165,-1,FMP_DOM,SKIN,0,1,1,0,0.333,1.0,5.0,193.0,36.9,333,152,52.5,0.0,59912,6497818.6,1869239.0,1,2,-593.986690873607,-0.000383,-1447.208845
DOM_15_166,-1,FMP_DOM,SKIN,0,1,1,0,0.333,1.0,5.0,264.0,135.0,333,153,148.0,0.0,59913,6498288.5,1869410.0,1,1,-525.7337657914958,-0.000383,-1418.89917
DOM_15_167,-1,FMP_DOM,SKIN,0,1,1,0,0.333,1.0,5.0,223.0,88.9,334,150,102.0,0.0,60090,6497050.0,1868427.1,1,1,-593.986690873607,-0.000383,-1447.208845
DOM_15_168,-1,FMP_DOM,SKIN,0,1,1,0,0.333,1.0,5.0,230.0,90.9,334,151,105.0,0.0,60091,6497519.8,1868598.1,1,1,-593.986690873607,-0.000383,-1447.208845
DOM_15_169,-1,FMP_DOM,SKIN,0,1,1,0,0.333,1.0,5.0,262.0,141.0,334,152,153.0,0.0,60092,6497989.7,1868769.1,1,1,-576.7157215158358,-0.000383,-1447.208845
DOM_15_170,-1,FMP_DOM,SKIN,0,1,1,0,0.333,1.0,5.0,169.0,-46.1,334,153,-24.6,0.0,60093,6498459.5,1868940.2,1,4,-593.986690873607,-0.000383,-1447.208845
DOM_15_171,-1,FMP_DOM,SKIN,0,1,1,0,0.333,1.0,5.0,332.0,197.0,335,153,210.0,0.0,60273,6498630.5,1868470.3,1,1,-372.6957760348973,-0.000383,-1308.747895
DOM_15_172,-1,FMP_DOM,SKIN,0,1,1,0,0.333,1.0,5.0,188.0,23.5,336,148,39.9,0.0,60448,6496452.3,1867145.4,1,2,-593.986690873607,-0.000383,-1447.208845
DOM_15_173,-1,FMP_DOM,SKIN,0,1,1,0,0.333,1.0,5.0,294.0,135.0,337,152,151.0,0.0,60632,6498502.7,1867359.6,1,1,-593.986690873607,-0.000383,-1447.208845
DOM_15_174,-1,FMP_DOM,SKIN,0,1,1,0,0.333,1.0,5.0,55.5,-235.0,322,134,-206.0,0.0,57914,6487480.3,1871329.1,1,6,-593.986690873607,-0.000383,-1447.208845
DOM_15_175,-1,FMP_DOM,SKIN,0,1,1,0,0.333,1.0,5.0,-12.1,-275.0,322,136,-248.0,0.0,57916,6488420.0,1871671.1,3,7,-593.986690873607,-0.000383,-1447.208845
DOM_15_176,-1,FMP_DOM,SKIN,0,1,1,0,0.333,1.0,5.0,-79.1,-591.0,323,136,-539.0,0.0,58096,6488591.0,1871201.3,4,9,-593.986690873607,-0.000383,-1447.208845
DOM_15_177,-1,FMP_DOM,SKIN,0,1,1,0,0.333,1.0,5.0,-8.52,-117.0,323,137,-106.0,0.0,58097,6489060.8,1871372.3,3,5,-397.4422269146629,-0.000383,-1239.92899
DOM_15_178,-1,FMP_DOM,SKIN,0,1,1,0,0.333,1.0,5.0,58.1,33.1,323,138,35.6,0.0,58098,6489530.7,1871543.3,1,1,-391.90277814184395,-0.041972,-1044.82918
DOM_15_179,-1,FMP_DOM,SKIN,0,1,1,0,0.333,1.0,5.0,-90.1,-588.0,324,132,-538.0,0.0,58272,6486882.6,1870047.4,4,9,-593.986690873607,-0.000383,-1447.208845
DOM_15_180,-1,FMP_DOM,SKIN,0,1,1,0,0.333,1.0,5.0,86.4,61.4,324,133,63.9,0.0,58273,6487352.5,1870218.4,1,1,-0.6763170212765957,-6e-06,-17.611967
DOM_15_181,-1,FMP_DOM,SKIN,0,1,1,0,0.333,1.0,5.0,-23.2,-529.0,324,134,-479.0,0.0,58274,6487822.3,1870389.4,3,9,-593.986690873607,-0.000383,-1447.208845
DOM_15_182,-1,FMP_DOM,SKIN,0,1,1,0,0.333,1.0,5.0,-30.2,-337.0,324,136,-306.0,0.0,58276,6488762.0,1870731.4,3,8,-593.986690873607,-0.000383,-1447.208845
DOM_15_183,-1,FMP_DOM,SKIN,0,1,1,0,0.333,1.0,5.0,-104.0,-593.0,324,137,-544.0,0.0,58277,6489231.9,1870902.5,5,9,-593.986690873607,-0.000383,-1447.208845
DOM_15_184,-1,FMP_DOM,SKIN,0,1,1,0,0.333,1.0,5.0,49.6,24.6,324,138,27.1,0.0,58278,6489701.7,1871073.5,1,2,-348.21160820218586,-1.9e-05,-1130.10235
DOM_15_185,-1,FMP_DOM,SKIN,0,1,1,0,0.333,1.0,5.0,-59.0,-591.0,324,139,-537.0,0.0,58279,6490171.5,1871244.5,4,9,-593.986690873607,-0.000383,-1447.208845
DOM_15_186,-1,FMP_DOM,SKIN,0,1,1,0,0.333,1.0,5.0,-37.0,-570.0,324,141,-517.0,0.0,58281,6491111.2,1871586.5,4,9,-593.986690873607,-0.000383,-1447.208845
DOM_15_187,-1,FMP_DOM,SKIN,0,1,1,0,0.333,1.0,5.0,23.3,-1.69,325,133,0.812,0.0,58453,6487523.5,1869748.6,1,2,-6.244899817888562,-0.000383,-168.895515
DOM_15_188,-1,FMP_DOM,SKIN,0,1,1,0,0.333,1.0,5.0,-44.1,-546.0,325,134,-496.0,0.0,58454,6487993.3,1869919.6,3,9,-593.986690873607,-0.000383,-1447.208845
DOM_15_189,-1,FMP_DOM,SKIN,0,1,1,0,0.333,1.0,5.0,-114.0,-607.0,325,136,-557.0,0.0,58456,6488933.0,1870261.6,5,10,-593.986690873607,-0.000383,-1447.208845
DOM_15_190,-1,FMP_DOM,SKIN,0,1,1,0,0.333,1.0,5.0,-2.45,-28.5,325,137,-25.9,0.0,58457,6489402.9,1870432.6,3,3,-15.719805301759536,-0.000383,-229.44002
DOM_15_191,-1,FMP_DOM,SKIN,0,1,1,0,0.333,1.0,5.0,-24.5,-341.0,325,138,-310.0,0.0,58458,6489872.7,1870603.6,3,8,-593.986690873607,-0.000383,-1447.208845
DOM_15_192,-1,FMP_DOM,SKIN,0,1,1,0,0.333,1.0,5.0,-88.4,-603.0,325,139,-551.0,0.0,58459,6490342.6,1870774.6,4,10,-593.986690873607,-0.000383,-1447.208845
DOM_15_193,-1,FMP_DOM,SKIN,0,1,1,0,0.333,1.0,5.0,-82.0,-576.0,325,140,-526.0,0.0,58460,6490812.4,1870945.6,4,9,-593.986690873607,-0.000383,-1447.208845
DOM_15_194,-1,FMP_DOM,SKIN,0,1,1,0,0.333,1.0,5.0,-65.6,-573.0,325,141,-522.0,0.0,58461,6491282.3,1871116.7,4,9,-593.986690873607,-0.000383,-1447.208845
DOM_15_195,-1,FMP_DOM,SKIN,0,1,1,0,0.333,1.0,5.0,22.9,-2.15,326,135,0.354,0.0,58635,6488634.2,1869620.7,2,2,-6.5585673164222875,-0.000383,-168.895515
DOM_15_196,-1,FMP_DOM,SKIN,0,1,1,0,0.333,1.0,5.0,21.8,-3.16,326,136,-0.661,0.0,58636,6489104.0,1869791.8,2,2,-8.383665894134895,-0.000383,-182.14586
DOM_15_197,-1,FMP_DOM,SKIN,0,1,1,0,0.333,1.0,5.0,-36.9,-338.0,326,137,-308.0,0.0,58637,6489573.9,1869962.8,3,8,-593.986690873607,-0.000383,-1447.208845
DOM_15_198,-1,FMP_DOM,SKIN,0,1,1,0,0.333,1.0,5.0,3.25,-21.8,326,138,-19.3,0.0,58638,6490043.7,1870133.8,2,3,-12.42982534868035,-0.000383,-182.14586
DOM_15_199,-1,FMP_DOM,SKIN,0,1,1,0,0.333,1.0,5.0,-4.37,-29.4,326,139,-26.9,0.0,58639,6490513.6,1870304.8,3,3,-18.368698421994125,-0.000383,-229.44002
DOM_15_200,-1,FMP_DOM,SKIN,0,1,1,0,0.333,1.0,5.0,-94.1,-585.0,326,140,-536.0,0.0,58640,6490983.4,1870475.8,5,9,-593.986690873607,-0.000383,-1447.208845
DOM_15_201,-1,FMP_DOM,SKIN,0,1,1,0,0.333,1.0,5.0,-75.2,-608.0,327,131,-555.0,0.0,58811,6486925.8,1868466.9,4,10,-593.986690873607,-0.000383,-1447.208845
DOM_15_202,-1,FMP_DOM,SKIN,0,1,1,0,0.333,1.0,5.0,-35.1,-105.0,327,136,-98.4,0.0,58816,6489275.0,1869321.9,3,5,-317.65892309648103,-0.000383,-1044.82918
DOM_15_203,-1,FMP_DOM,SKIN,0,1,1,0,0.333,1.0,5.0,-108.0,-616.0,327,137,-565.0,0.0,58817,6489744.9,1869492.9,5,10,-593.986690873607,-0.000383,-1447.208845
DOM_15_204,-1,FMP_DOM,SKIN,0,1,1,0,0.333,1.0,5.0,28.4,3.43,327,138,5.93,0.0,58818,6490214.7,1869663.9,2,2,-8.079917319354843,-0.000383,-168.895515
DOM_15_205,-1,FMP_DOM,SKIN,0,1,1,0,0.333,1.0,5.0,39.5,14.5,327,139,17.0,0.0,58819,6490684.6,1869834.9,1,2,-275.40284315219947,-0.000383,-1092.598025
DOM_15_206,-1,FMP_DOM,SKIN,0,1,1,0,0.333,1.0,5.0,-13.4,-286.0,327,140,-259.0,0.0,58820,6491154.4,1870005.9,3,7,-593.986690873607,-0.000383,-1447.208845
DOM_15_207,-1,FMP_DOM,SKIN,0,1,1,0,0.333,1.0,5.0,-18.5,-43.5,328,130,-41.0,0.0,58990,6486627.0,1867826.0,3,3,-17.76599075337242,-0.000383,-213.915995
DOM_15_208,-1,FMP_DOM,SKIN,0,1,1,0,0.333,1.0,5.0,-94.5,-615.0,328,137,-563.0,0.0,58997,6489915.9,1869023.1,5,10,-593.986690873607,-0.000383,-1447.208845
DOM_15_209,-1,FMP_DOM,SKIN,0,1,1,0,0.333,1.0,5.0,-58.9,-535.0,328,138,-487.0,0.0,58998,6490385.7,1869194.1,4,9,-593.986690873607,-0.000383,-1447.208845
DOM_15_210,-1,FMP_DOM,SKIN,0,1,1,0,0.333,1.0,5.0,-22.0,-215.0,328,139,-196.0,0.0,58999,6490855.6,1869365.1,3,6,-593.986690873607,-0.000383,-1447.208845
DOM_15_211,-1,FMP_DOM,SKIN,0,1,1,0,0.333,1.0,5.0,-42.9,-312.0,329,139,-285.0,0.0,59179,6491026.6,1868895.2,4,7,-593.986690873607,-0.000383,-1447.208845
DOM_15_212,-1,FMP_DOM,SKIN,0,1,1,0,0.333,1.0,5.0,-57.6,-592.0,333,137,-539.0,0.0,59897,6490770.9,1866673.8,4,10,-593.986690873607,-0.000383,-1447.208845
DOM_15_213,-1,FMP_DOM,SKIN,0,1,1,0,0.333,1.0,5.0,5.41,-101.0,334,138,-90.5,0.0,60078,6491411.8,1866375.0,3,5,-553.782017756305,-0.000383,-1336.86832
DOM_15_214,-1,FMP_DOM,SKIN,0,1,1,0,0.333,1.0,5.0,17.6,-101.0,335,139,-89.2,0.0,60259,6492052.7,1866076.2,2,5,-587.9086812841642,-0.000383,-1447.208845
DOM_15_215,-1,FMP_DOM,SKIN,0,1,1,0,0.333,1.0,5.0,56.3,-29.9,335,140,-21.3,0.0,60260,6492522.5,1866247.2,1,3,-267.9947312519062,-0.000383,-1092.598025
DOM_15_216,-1,FMP_DOM,SKIN,0,1,1,0,0.333,1.0,5.0,-2.66,-149.0,335,141,-134.0,0.0,60261,6492992.4,1866418.2,3,6,-593.986690873607,-0.000383,-1447.208845
DOM_15_217,-1,FMP_DOM,SKIN,0,1,1,0,0.333,1.0,5.0,23.7,-82.5,336,137,-71.9,0.0,60437,6491284.0,1865264.3,2,4,-411.00383489413497,-0.000383,-1267.3258
DOM_15_218,-1,FMP_DOM,SKIN,0,1,1,0,0.333,1.0,5.0,-0.652,-156.0,336,139,-141.0,0.0,60439,6492223.7,1865606.3,3,6,-593.986690873607,-0.000383,-1447.208845
DOM_15_219,-1,FMP_DOM,SKIN,0,1,1,0,0.333,1.0,5.0,45.8,-65.8,336,140,-54.7,0.0,60440,6492693.5,1865777.3,1,4,-473.4943999410558,-0.000383,-1308.747895
DOM_15_220,-1,FMP_DOM,SKIN,0,1,1,0,0.333,1.0,5.0,36.8,-110.0,336,141,-95.3,0.0,60441,6493163.4,1865948.3,2,5,-593.986690873607,-0.000383,-1447.208845
DOM_15_221,-1,FMP_DOM,SKIN,0,1,1,0,0.333,1.0,5.0,71.5,-61.9,336,142,-48.6,0.0,60442,6493633.2,1866119.4,1,4,-562.1123543486802,-0.000383,-1418.89917
DOM_15_222,-1,FMP_DOM,SKIN,0,1,1,0,0.333,1.0,5.0,4.66,-136.0,337,137,-122.0,0.0,60617,6491455.0,1864794.5,3,5,-593.986690873607,-0.000383,-1447.208845
DOM_15_223,-1,FMP_DOM,SKIN,0,1,1,0,0.333,1.0,5.0,16.0,-127.0,338,138,-113.0,0.0,60798,6492095.8,1864495.6,2,5,-593.986690873607,-0.000383,-1447.208845
DOM_15_224,-1,FMP_DOM,SKIN,0,1,1,0,0.333,1.0,5.0,93.5,5.32,338,139,14.1,0.0,60799,6492565.7,1864666.6,1,3,-326.40665576217015,-0.000383,-1267.3258
DOM_15_225,-1,FMP_DOM,SKIN,0,1,1,0,0.333,1.0,5.0,307.0,157.0,339,145,172.0,0.0,60985,6495555.8,1865222.8,1,1,-497.23367012580644,-0.000383,-1336.86832
DOM_15_226,-1,FMP_DOM,SKIN,0,1,1,0,0.333,1.0,5.0,258.0,111.0,339,152,126.0,0.0,60992,6498844.7,1866419.9,1,1,-593.986690873607,-0.000383,-1447.208845
DOM_15_227,-1,FMP_DOM,SKIN,0,1,1,0,0.333,1.0,5.0,-34.2,-301.0,311,136,-274.0,0.0,55936,6486538.9,1876839.5,3,7,-593.986690873607,-0.000383,-1447.208845
DOM_15_228,-1,FMP_DOM,SKIN,0,1,1,0,0.333,1.0,5.0,181.0,-28.5,313,136,-7.63,0.0,56296,6486880.9,1875899.8,1,3,-113.50623764826256,-0.000383,-798.68351
DOM_15_229,-1,FMP_DOM,SKIN,0,1,1,0,0.333,1.0,5.0,47.3,-162.0,313,138,-141.0,0.0,56298,6487820.6,1876241.8,1,6,-458.7106392900293,-0.000383,-1336.86832
DOM_15_230,-1,FMP_DOM,SKIN,0,1,1,0,0.333,1.0,5.0,-127.0,-428.0,313,139,-398.0,0.0,56299,6488290.4,1876412.8,5,8,-593.986690873607,-0.000383,-1447.208845
DOM_15_231,-1,FMP_DOM,SKIN,0,1,1,0,0.333,1.0,5.0,121.0,-44.0,313,140,-27.5,0.0,56300,6488760.3,1876583.8,1,4,-103.58833111732028,-0.000383,-798.68351
DOM_15_232,-1,FMP_DOM,SKIN,0,1,1,0,0.333,1.0,5.0,96.9,-97.2,314,137,-77.8,0.0,56477,6487521.8,1875600.9,1,4,-252.6913752636367,-0.000383,-1044.82918
DOM_15_233,-1,FMP_DOM,SKIN,0,1,1,0,0.333,1.0,5.0,9.94,-202.0,314,138,-181.0,0.0,56478,6487991.6,1875771.9,2,6,-593.986690873607,-0.000383,-1447.208845
DOM_15_234,-1,FMP_DOM,SKIN,0,1,1,0,0.333,1.0,5.0,-100.0,-404.0,314,139,-373.0,0.0,56479,6488461.4,1875942.9,5,8,-593.986690873607,-0.000383,-1447.208845
DOM_15_235,-1,FMP_DOM,SKIN,0,1,1,0,0.333,1.0,5.0,184.0,20.6,315,135,36.9,0.0,56655,6486753.1,1874789.1,1,1,-124.63161587074828,-0.00151,-798.68351
DOM_15_236,-1,FMP_DOM,SKIN,0,1,1,0,0.333,1.0,5.0,94.5,-139.0,315,136,-115.0,0.0,56656,6487222.9,1874960.1,1,5,-475.9268287269796,-0.000383,-1336.86832
DOM_15_237,-1,FMP_DOM,SKIN,0,1,1,0,0.333,1.0,5.0,-31.2,-308.0,315,137,-280.0,0.0,56657,6487692.8,1875131.1,3,7,-593.986690873607,-0.000383,-1447.208845
DOM_15_238,-1,FMP_DOM,SKIN,0,1,1,0,0.333,1.0,5.0,-62.3,-323.0,315,138,-297.0,0.0,56658,6488162.6,1875302.1,4,7,-593.986690873607,-0.000383,-1447.208845
DOM_15_239,-1,FMP_DOM,SKIN,0,1,1,0,0.333,1.0,5.0,-83.2,-384.0,315,141,-354.0,0.0,56661,6489572.2,1875815.1,4,8,-593.986690873607,-0.000383,-1447.208845
DOM_15_240,-1,FMP_DOM,SKIN,0,1,1,0,0.333,1.0,5.0,4.44,-244.0,316,136,-219.0,0.0,56836,6487393.9,1874490.2,2,7,-593.986690873607,-0.000383,-1447.208845
DOM_15_241,-1,FMP_DOM,SKIN,0,1,1,0,0.333,1.0,5.0,-63.9,-346.0,316,137,-318.0,0.0,56837,6487863.8,1874661.2,4,8,-593.986690873607,-0.000383,-1447.208845
DOM_15_242,-1,FMP_DOM,SKIN,0,1,1,0,0.333,1.0,5.0,-28.3,-282.0,316,138,-257.0,0.0,56838,6488333.6,1874832.2,3,7,-593.986690873607,-0.000383,-1447.208845
DOM_15_243,-1,FMP_DOM,SKIN,0,1,1,0,0.333,1.0,5.0,164.0,14.8,316,139,29.8,0.0,56839,6488803.5,1875003.2,1,2,-70.96952902484472,-0.000383,-702.49589
DOM_15_244,-1,FMP_DOM,SKIN,0,1,1,0,0.333,1.0,5.0,120.0,-31.3,317,136,-16.2,0.0,57016,6487564.9,1874020.4,1,3,-290.1431497784847,-0.000383,-1239.92899
DOM_15_245,-1,FMP_DOM,SKIN,0,1,1,0,0.333,1.0,5.0,-118.0,-421.0,317,137,-391.0,0.0,57017,6488034.8,1874191.4,5,8,-593.986690873607,-0.000383,-1447.208845
DOM_15_246,-1,FMP_DOM,SKIN,0,1,1,0,0.333,1.0,5.0,105.0,-95.0,318,138,-75.0,0.0,57198,6488675.6,1873892.5,1,4,-283.23905439266883,-0.000383,-1130.10235
DOM_15_247,-1,FMP_DOM,SKIN,0,1,1,0,0.333,1.0,5.0,-24.9,-342.0,318,139,-310.0,0.0,57199,6489145.5,1874063.6,3,8,-593.986690873607,-0.000383,-1447.208845
DOM_15_248,-1,FMP_DOM,SKIN,0,1,1,0,0.333,1.0,5.0,-98.8,-423.0,318,141,-391.0,0.0,57201,6490085.2,1874405.6,5,8,-593.986690873607,-0.000383,-1447.208845
DOM_15_249,-1,FMP_DOM,SKIN,0,1,1,0,0.333,1.0,5.0,-28.4,-289.0,318,142,-263.0,0.0,57202,6490555.0,1874576.6,3,7,-593.986690873607,-0.000383,-1447.208845
DOM_15_250,-1,FMP_DOM,SKIN,0,1,1,0,0.333,1.0,5.0,36.5,-203.0,319,138,-179.0,0.0,57378,6488846.7,1873422.7,1,6,-593.986690873607,-0.000383,-1447.208845
DOM_15_251,-1,FMP_DOM,SKIN,0,1,1,0,0.333,1.0,5.0,86.7,-154.0,319,140,-130.0,0.0,57380,6489786.3,1873764.7,1,6,-478.14376141319644,-0.000383,-1336.86832
DOM_15_252,-1,FMP_DOM,SKIN,0,1,1,0,0.333,1.0,5.0,93.9,-54.7,320,137,-39.8,0.0,57557,6488547.8,1872781.8,1,4,-203.5170277533726,-0.000383,-1092.598025
DOM_15_253,-1,FMP_DOM,SKIN,0,1,1,0,0.333,1.0,5.0,137.0,-17.2,320,138,-1.74,0.0,57558,6489017.7,1872952.9,1,3,-102.05861673023264,-4.5e-05,-798.68351
DOM_15_254,-1,FMP_DOM,SKIN,0,1,1,0,0.333,1.0,5.0,149.0,-10.8,320,139,5.18,0.0,57559,6489487.5,1873123.9,1,3,-95.85974809905659,-1e-05,-798.68351
DOM_15_255,-1,FMP_DOM,SKIN,0,1,1,0,0.333,1.0,5.0,186.0,25.2,320,140,41.3,0.0,57560,6489957.4,1873294.9,1,2,-60.41575181333331,-0.000606,-798.68351
DOM_15_256,-1,FMP_DOM,SKIN,0,1,1,0,0.333,1.0,5.0,-97.5,-386.0,321,136,-357.0,0.0,57736,6488249.0,1872141.0,4,8,-593.986690873607,-0.000383,-1447.208845
DOM_15_257,-1,FMP_DOM,SKIN,0,1,1,0,0.333,1.0,5.0,-123.0,-419.0,321,137,-389.0,0.0,57737,6488718.8,1872312.0,5,8,-593.986690873607,-0.000383,-1447.208845
DOM_15_258,-1,FMP_DOM,SKIN,0,1,1,0,0.333,1.0,5.0,-22.2,-261.0,321,138,-237.0,0.0,57738,6489188.7,1872483.0,3,7,-593.986690873607,-0.000383,-1447.208845
DOM_15_259,-1,FMP_DOM,SKIN,0,1,1,0,0.333,1.0,5.0,79.1,-104.0,321,139,-85.9,0.0,57739,6489658.5,1872654.0,1,5,-285.6661616771263,-0.000383,-1092.598025
DOM_15_260,-1,FMP_DOM,SKIN,0,1,1,0,0.333,1.0,5.0,0.193,-257.0,321,140,-231.0,0.0,57740,6490128.4,1872825.0,2,7,-593.986690873607,-0.000383,-1447.208845
DOM_15_261,-1,FMP_DOM,SKIN,0,1,1,0,0.333,1.0,5.0,81.3,-88.7,321,142,-71.7,0.0,57742,6491068.1,1873167.0,1,5,-297.6611627797655,-0.000383,-1130.10235
DOM_15_262,-1,FMP_DOM,SKIN,0,1,1,0,0.333,1.0,5.0,-98.1,-386.0,322,138,-357.0,0.0,57918,6489359.7,1872013.2,5,8,-593.986690873607,-0.000383,-1447.208845
DOM_15_263,-1,FMP_DOM,SKIN,0,1,1,0,0.333,1.0,5.0,112.0,-41.3,322,139,-25.9,0.0,57919,6489829.5,1872184.2,1,3,-95.95226600265488,-0.000383,-798.68351
DOM_15_264,-1,FMP_DOM,SKIN,0,1,1,0,0.333,1.0,5.0,6.16,-217.0,322,140,-194.0,0.0,57920,6490299.4,1872355.2,2,6,-593.986690873607,-0.000383,-1447.208845
DOM_15_265,-1,FMP_DOM,SKIN,0,1,1,0,0.333,1.0,5.0,-96.7,-383.0,322,142,-354.0,0.0,57922,6491239.1,1872697.2,5,8,-593.986690873607,-0.000383,-1447.208845
DOM_15_266,-1,FMP_DOM,SKIN,0,1,1,0,0.333,1.0,5.0,-12.3,-234.0,323,140,-212.0,0.0,58100,6490470.4,1871885.3,3,7,-593.986690873607,-0.000383,-1447.208845
DOM_15_267,-1,FMP_DOM,SKIN,0,1,1,0,0.333,1.0,5.0,82.9,-72.8,323,141,-57.2,0.0,58101,6490940.2,1872056.3,1,4,-185.7856557709679,-0.000383,-942.1345
DOM_15_268,-1,FMP_DOM,SKIN,0,1,1,0,0.333,1.0,5.0,-174.0,-435.0,273,137,-409.0,0.0,49097,6480510.3,1894864.6,6,9,-593.986690873607,-0.000383,-1447.208845
DOM_15_269,-1,FMP_DOM,SKIN,0,1,1,0,0.333,1.0,5.0,63.0,-189.0,270,144,-164.0,0.0,48564,6483286.2,1897471.2,3,7,-593.986690873607,-0.000383,-1447.208845
DOM_15_270,-1,FMP_DOM,SKIN,0,1,1,0,0.333,1.0,5.0,103.0,-167.0,272,142,-140.0,0.0,48922,6482688.6,1896189.5,1,6,-593.986690873607,-0.000383,-1447.208845
DOM_15_271,-1,FMP_DOM,SKIN,0,1,1,0,0.333,1.0,5.0,-3.32,-273.0,273,140,-246.0,0.0,49100,6481919.9,1895377.7,4,7,-593.986690873607,-0.000383,-1447.208845
DOM_15_272,-1,FMP_DOM,SKIN,0,1,1,0,0.333,1.0,5.0,124.0,-152.0,273,143,-124.0,0.0,49103,6483329.4,1895890.7,1,6,-593.986690873607,-0.000383,-1447.208845
DOM_15_273,-1,FMP_DOM,SKIN,0,1,1,0,0.333,1.0,5.0,108.0,-143.0,273,145,-118.0,0.0,49105,6484269.1,1896232.7,1,6,-593.986690873607,-0.000383,-1447.208845
DOM_15_274,-1,FMP_DOM,SKIN,0,1,1,0,0.333,1.0,5.0,21.1,-233.0,275,144,-208.0,0.0,49464,6484141.3,1895122.0,3,7,-593.986690873607,-0.000383,-1447.208845
DOM_15_275,-1,FMP_DOM,SKIN,0,1,1,0,0.333,1.0,5.0,115.0,-168.0,276,144,-139.0,0.0,49644,6484312.3,1894652.2,1,6,-593.986690873607,-0.000383,-1447.208845
DOM_15_276,-1,FMP_DOM,SKIN,0,1,1,0,0.333,1.0,5.0,81.9,-202.0,276,145,-174.0,0.0,49645,6484782.1,1894823.2,2,7,-593.986690873607,-0.000383,-1447.208845
DOM_15_277,-1,FMP_DOM,SKIN,0,1,1,0,0.333,1.0,5.0,-0.957,-261.0,277,144,-235.0,0.0,49824,6484483.3,1894182.3,4,7,-593.986690873607,-0.000383,-1447.208845
DOM_15_278,-1,FMP_DOM,SKIN,0,1,1,0,0.333,1.0,5.0,-47.6,-307.0,277,145,-281.0,0.0,49825,6484953.2,1894353.3,5,8,-593.986690873607,-0.000383,-1447.208845
DOM_15_279,-1,FMP_DOM,SKIN,0,1,1,0,0.333,1.0,5.0,25.8,-247.0,277,146,-220.0,0.0,49826,6485423.0,1894524.3,3,7,-593.986690873607,-0.000383,-1447.208845
DOM_15_280,-1,FMP_DOM,SKIN,0,1,1,0,0.333,1.0,5.0,26.5,-245.0,278,144,-217.0,0.0,50004,6484654.3,1893712.5,3,7,-593.986690873607,-0.000383,-1447.208845
DOM_15_281,-1,FMP_DOM,SKIN,0,1,1,0,0.333,1.0,5.0,-63.4,-262.0,303,150,-242.0,0.0,54510,6491748.6,1882992.4,5,7,-593.986690873607,-0.000383,-1447.208845
DOM_15_282,-1,FMP_DOM,SKIN,0,1,1,0,0.333,1.0,5.0,-62.1,-302.0,303,153,-278.0,0.0,54513,6493158.2,1883505.4,5,8,-593.986690873607,-0.000383,-1447.208845
DOM_15_283,-1,FMP_DOM,SKIN,0,1,1,0,0.333,1.0,5.0,-19.5,-196.0,304,153,-178.0,0.0,54693,6493329.2,1883035.5,4,7,-593.986690873607,-0.000383,-1447.208845
DOM_15_284,-1,FMP_DOM,SKIN,0,1,1,0,0.333,1.0,5.0,20.4,-122.0,304,154,-108.0,0.0,54694,6493799.0,1883206.6,3,6,-573.6985704865103,-0.000383,-1439.348385
DOM_15_285,-1,FMP_DOM,SKIN,0,1,1,0,0.333,1.0,5.0,43.2,-122.0,304,155,-105.0,0.0,54695,6494268.9,1883377.6,2,6,-574.5556804630498,-0.000383,-1447.208845
DOM_15_286,-1,FMP_DOM,SKIN,0,1,1,0,0.333,1.0,5.0,-66.0,-302.0,305,152,-279.0,0.0,54872,6493030.4,1882394.7,5,8,-593.986690873607,-0.000383,-1447.208845
DOM_15_287,-1,FMP_DOM,SKIN,0,1,1,0,0.333,1.0,5.0,-34.8,-259.0,305,153,-237.0,0.0,54873,6493500.2,1882565.7,4,7,-593.986690873607,-0.000383,-1447.208845
DOM_15_288,-1,FMP_DOM,SKIN,0,1,1,0,0.333,1.0,5.0,46.3,-85.6,305,154,-72.4,0.0,54874,6493970.1,1882736.7,2,5,-436.05140067126104,-0.000383,-1308.747895
DOM_15_289,-1,FMP_DOM,SKIN,0,1,1,0,0.333,1.0,5.0,53.4,-98.4,305,155,-83.2,0.0,54875,6494439.9,1882907.7,2,5,-518.7140537563049,-0.000383,-1336.86832
DOM_15_290,-1,FMP_DOM,SKIN,0,1,1,0,0.333,1.0,5.0,199.0,53.9,317,149,68.5,0.0,57029,6493672.9,1876243.5,1,2,-62.24291688181822,-1.8e-05,-798.68351
DOM_15_291,-1,FMP_DOM,SKIN,0,1,1,0,0.333,1.0,5.0,-63.8,-276.0,318,145,-255.0,0.0,57205,6491964.6,1875089.6,4,7,-593.986690873607,-0.000383,-1447.208845
DOM_15_292,-1,FMP_DOM,SKIN,0,1,1,0,0.333,1.0,5.0,96.6,-58.7,318,152,-43.1,0.0,57212,6495253.5,1876286.7,1,4,-474.81764626070367,-0.000383,-1336.86832
DOM_15_293,-1,FMP_DOM,SKIN,0,1,1,0,0.333,1.0,5.0,-86.7,-286.0,319,145,-266.0,0.0,57385,6492135.6,1874619.8,5,7,-593.986690873607,-0.000383,-1447.208845
DOM_15_294,-1,FMP_DOM,SKIN,0,1,1,0,0.333,1.0,5.0,147.0,-27.9,319,148,-10.5,0.0,57388,6493545.1,1875132.8,1,4,-177.00463143372423,-0.000383,-942.1345
DOM_15_295,-1,FMP_DOM,SKIN,0,1,1,0,0.333,1.0,5.0,153.0,11.8,319,152,25.9,0.0,57392,6495424.5,1875816.8,1,3,-161.20064863313777,-0.000383,-798.68351
DOM_15_296,-1,FMP_DOM,SKIN,0,1,1,0,0.333,1.0,5.0,84.9,-90.0,320,147,-72.5,0.0,57567,6493246.3,1874491.9,1,5,-481.73061615219933,-0.000383,-1336.86832
DOM_15_297,-1,FMP_DOM,SKIN,0,1,1,0,0.333,1.0,5.0,197.0,40.0,320,150,55.7,0.0,57570,6494655.8,1875005.0,1,2,-83.18274173023964,-0.000383,-798.68351
DOM_15_298,-1,FMP_DOM,SKIN,0,1,1,0,0.333,1.0,5.0,-66.3,-244.0,321,143,-227.0,0.0,57743,6491537.9,1873338.1,4,7,-593.986690873607,-0.000383,-1447.208845
DOM_15_299,-1,FMP_DOM,SKIN,0,1,1,0,0.333,1.0,5.0,-40.0,-205.0,321,144,-189.0,0.0,57744,6492007.8,1873509.1,4,6,-593.986690873607,-0.000383,-1447.208845
DOM_15_300,-1,FMP_DOM,SKIN,0,1,1,0,0.333,1.0,5.0,66.4,-81.4,321,146,-66.7,0.0,57746,6492947.4,1873851.1,1,5,-368.6256994249267,-0.000383,-1221.205775
DOM_15_301,-1,FMP_DOM,SKIN,0,1,1,0,0.333,1.0,5.0,25.2,-174.0,321,150,-154.0,0.0,57750,6494826.8,1874535.1,2,6,-593.986690873607,-0.000383,-1447.208845
DOM_15_302,-1,FMP_DOM,SKIN,0,1,1,0,0.333,1.0,5.0,-113.0,-308.0,322,143,-289.0,0.0,57923,6491708.9,1872868.2,5,7,-593.986690873607,-0.000383,-1447.208845
DOM_15_303,-1,FMP_DOM,SKIN,0,1,1,0,0.333,1.0,5.0,-66.0,-246.0,322,144,-228.0,0.0,57924,6492178.8,1873039.2,4,7,-593.986690873607,-0.000383,-1447.208845
DOM_15_304,-1,FMP_DOM,SKIN,0,1,1,0,0.333,1.0,5.0,-72.9,-284.0,322,145,-263.0,0.0,57925,6492648.6,1873210.2,4,7,-593.986690873607,-0.000383,-1447.208845
DOM_15_305,-1,FMP_DOM,SKIN,0,1,1,0,0.333,1.0,5.0,-35.4,-241.0,322,146,-220.0,0.0,57926,6493118.5,1873381.2,4,7,-593.986690873607,-0.000383,-1447.208845
DOM_15_306,-1,FMP_DOM,SKIN,0,1,1,0,0.333,1.0,5.0,26.9,-181.0,322,147,-160.0,0.0,57927,6493588.3,1873552.3,2,6,-593.986690873607,-0.000383,-1447.208845
DOM_15_307,-1,FMP_DOM,SKIN,0,1,1,0,0.333,1.0,5.0,56.7,-117.0,322,148,-99.5,0.0,57928,6494058.1,1873723.3,1,5,-590.0610582548387,-0.000383,-1447.208845
DOM_15_308,-1,FMP_DOM,SKIN,0,1,1,0,0.333,1.0,5.0,15.5,-171.0,322,149,-152.0,0.0,57929,6494528.0,1873894.3,2,6,-593.986690873607,-0.000383,-1447.208845
DOM_15_309,-1,FMP_DOM,SKIN,0,1,1,0,0.333,1.0,5.0,75.6,-78.2,322,150,-62.8,0.0,57930,6494997.8,1874065.3,1,5,-467.64169102023465,-0.000383,-1336.86832
DOM_15_310,-1,FMP_DOM,SKIN,0,1,1,0,0.333,1.0,5.0,-35.9,-247.0,322,152,-226.0,0.0,57932,6495937.5,1874407.3,4,7,-593.986690873607,-0.000383,-1447.208845
DOM_15_311,-1,FMP_DOM,SKIN,0,1,1,0,0.333,1.0,5.0,-19.0,-172.0,323,143,-157.0,0.0,58103,6491879.9,1872398.4,3,6,-593.986690873607,-0.000383,-1447.208845
DOM_15_312,-1,FMP_DOM,SKIN,0,1,1,0,0.333,1.0,5.0,-6.1,-159.0,323,144,-144.0,0.0,58104,6492349.8,1872569.4,3,6,-593.986690873607,-0.000383,-1447.208845
DOM_15_313,-1,FMP_DOM,SKIN,0,1,1,0,0.333,1.0,5.0,73.7,-83.6,323,146,-67.9,0.0,58106,6493289.5,1872911.4,1,5,-355.34763312287424,-0.000383,-1186.96226
DOM_15_314,-1,FMP_DOM,SKIN,0,1,1,0,0.333,1.0,5.0,34.1,-166.0,323,147,-146.0,0.0,58107,6493759.3,1873082.4,2,6,-593.986690873607,-0.000383,-1447.208845
DOM_15_315,-1,FMP_DOM,SKIN,0,1,1,0,0.333,1.0,5.0,-76.9,-291.0,323,148,-270.0,0.0,58108,6494229.2,1873253.4,4,7,-593.986690873607,-0.000383,-1447.208845
DOM_15_316,-1,FMP_DOM,SKIN,0,1,1,0,0.333,1.0,5.0,10.7,-160.0,323,149,-143.0,0.0,58109,6494699.0,1873424.4,3,6,-593.986690873607,-0.000383,-1447.208845
DOM_15_317,-1,FMP_DOM,SKIN,0,1,1,0,0.333,1.0,5.0,-99.2,-289.0,324,142,-270.0,0.0,58282,6491581.1,1871757.5,5,7,-593.986690873607,-0.000383,-1447.208845
DOM_15_318,-1,FMP_DOM,SKIN,0,1,1,0,0.333,1.0,5.0,-78.7,-262.0,324,143,-243.0,0.0,58283,6492050.9,1871928.5,4,7,-593.986690873607,-0.000383,-1447.208845
DOM_15_319,-1,FMP_DOM,SKIN,0,1,1,0,0.333,1.0,5.0,-33.1,-205.0,324,144,-188.0,0.0,58284,6492520.8,1872099.5,4,6,-593.986690873607,-0.000383,-1447.208845
DOM_15_320,-1,FMP_DOM,SKIN,0,1,1,0,0.333,1.0,5.0,-103.0,-304.0,324,145,-284.0,0.0,58285,6492990.6,1872270.5,5,7,-593.986690873607,-0.000383,-1447.208845
DOM_15_321,-1,FMP_DOM,SKIN,0,1,1,0,0.333,1.0,5.0,-42.1,-224.0,324,146,-205.0,0.0,58286,6493460.5,1872441.5,4,7,-593.986690873607,-0.000383,-1447.208845
DOM_15_322,-1,FMP_DOM,SKIN,0,1,1,0,0.333,1.0,5.0,-28.6,-217.0,324,147,-198.0,0.0,58287,6493930.3,1872612.6,3,7,-593.986690873607,-0.000383,-1447.208845
DOM_15_323,-1,FMP_DOM,SKIN,0,1,1,0,0.333,1.0,5.0,-94.7,-306.0,324,148,-285.0,0.0,58288,6494400.2,1872783.6,5,7,-593.986690873607,-0.000383,-1447.208845
DOM_15_324,-1,FMP_DOM,SKIN,0,1,1,0,0.333,1.0,5.0,-42.1,-242.0,324,149,-222.0,0.0,58289,6494870.0,1872954.6,4,7,-593.986690873607,-0.000383,-1447.208845
DOM_15_325,-1,FMP_DOM,SKIN,0,1,1,0,0.333,1.0,5.0,62.4,-100.0,324,150,-84.0,0.0,58290,6495339.9,1873125.6,1,5,-581.7770330935484,-0.000383,-1439.348385
DOM_15_326,-1,FMP_DOM,SKIN,0,1,1,0,0.333,1.0,5.0,18.1,-163.0,324,151,-145.0,0.0,58291,6495809.7,1873296.6,2,6,-593.986690873607,-0.000383,-1447.208845
DOM_15_327,-1,FMP_DOM,SKIN,0,1,1,0,0.333,1.0,5.0,106.0,-43.2,324,152,-28.2,0.0,58292,6496279.6,1873467.6,1,4,-425.795488515836,-0.000383,-1308.747895
DOM_15_328,-1,FMP_DOM,SKIN,0,1,1,0,0.333,1.0,5.0,-97.8,-297.0,325,146,-277.0,0.0,58466,6493631.5,1871971.7,5,7,-593.986690873607,-0.000383,-1447.208845
DOM_15_329,-1,FMP_DOM,SKIN,0,1,1,0,0.333,1.0,5.0,33.9,-111.0,325,147,-96.9,0.0,58467,6494101.3,1872142.7,2,5,-588.0110670583578,-0.000383,-1447.208845
DOM_15_330,-1,FMP_DOM,SKIN,0,1,1,0,0.333,1.0,5.0,66.9,-98.7,325,149,-82.1,0.0,58469,6495041.0,1872484.7,1,5,-573.5113635656892,-0.000383,-1439.348385
DOM_15_331,-1,FMP_DOM,SKIN,0,1,1,0,0.333,1.0,5.0,146.0,6.33,325,150,20.3,0.0,58470,6495510.9,1872655.7,1,3,-196.77416897331386,-0.000383,-942.1345
DOM_15_332,-1,FMP_DOM,SKIN,0,1,1,0,0.333,1.0,5.0,-7.19,-201.0,325,151,-182.0,0.0,58471,6495980.7,1872826.8,3,6,-593.986690873607,-0.000383,-1447.208845
DOM_15_333,-1,FMP_DOM,SKIN,0,1,1,0,0.333,1.0,5.0,45.4,-135.0,325,152,-117.0,0.0,58472,6496450.6,1872997.8,1,5,-593.986690873607,-0.000383,-1447.208845
DOM_15_334,-1,FMP_DOM,SKIN,0,1,1,0,0.333,1.0,5.0,65.2,-84.4,326,148,-69.5,0.0,58648,6494742.2,1871843.9,1,5,-532.0814916302055,-0.000383,-1336.86832
DOM_15_335,-1,FMP_DOM,SKIN,0,1,1,0,0.333,1.0,5.0,63.8,-94.2,326,150,-78.4,0.0,58650,6495681.9,1872185.9,1,5,-593.986690873607,-0.000383,-1447.208845
DOM_15_336,-1,FMP_DOM,SKIN,0,1,1,0,0.333,1.0,5.0,31.3,-158.0,326,152,-139.0,0.0,58652,6496621.6,1872527.9,2,6,-593.986690873607,-0.000383,-1447.208845
DOM_15_337,-1,FMP_DOM,SKIN,0,1,1,0,0.333,1.0,5.0,31.9,-144.0,327,151,-126.0,0.0,58831,6496322.7,1871887.1,2,6,-593.986690873607,-0.000383,-1447.208845
DOM_15_338,-1,FMP_DOM,SKIN,0,1,1,0,0.333,1.0,5.0,-68.1,-358.0,303,141,-329.0,0.0,54501,6487520.0,1881453.3,4,8,-593.986690873607,-0.000383,-1447.208845
DOM_15_339,-1,FMP_DOM,SKIN,0,1,1,0,0.333,1.0,5.0,-166.0,-477.0,303,142,-446.0,0.0,54502,6487989.9,1881624.3,6,9,-593.986690873607,-0.000383,-1447.208845
DOM_15_340,-1,FMP_DOM,SKIN,0,1,1,0,0.333,1.0,5.0,-211.0,-535.0,303,143,-503.0,0.0,54503,6488459.7,1881795.3,6,9,-593.986690873607,-0.000383,-1447.208845
DOM_15_341,-1,FMP_DOM,SKIN,0,1,1,0,0.333,1.0,5.0,-88.2,-388.0,303,144,-358.0,0.0,54504,6488929.6,1881966.3,5,8,-593.986690873607,-0.000383,-1447.208845
DOM_15_342,-1,FMP_DOM,SKIN,0,1,1,0,0.333,1.0,5.0,-153.0,-469.0,303,145,-437.0,0.0,54505,6489399.4,1882137.3,6,9,-593.986690873607,-0.000383,-1447.208845
DOM_15_343,-1,FMP_DOM,SKIN,0,1,1,0,0.333,1.0,5.0,-106.0,-401.0,304,138,-371.0,0.0,54678,6486281.5,1880470.4,5,8,-593.986690873607,-0.000383,-1447.208845
DOM_15_344,-1,FMP_DOM,SKIN,0,1,1,0,0.333,1.0,5.0,-230.0,-557.0,304,139,-524.0,0.0,54679,6486751.3,1880641.4,6,9,-593.986690873607,-0.000383,-1447.208845
DOM_15_345,-1,FMP_DOM,SKIN,0,1,1,0,0.333,1.0,5.0,-28.9,-313.0,304,140,-285.0,0.0,54680,6487221.2,1880812.4,3,7,-593.986690873607,-0.000383,-1447.208845
DOM_15_346,-1,FMP_DOM,SKIN,0,1,1,0,0.333,1.0,5.0,-225.0,-555.0,304,141,-522.0,0.0,54681,6487691.0,1880983.4,6,9,-593.986690873607,-0.000383,-1447.208845
DOM_15_347,-1,FMP_DOM,SKIN,0,1,1,0,0.333,1.0,5.0,-237.0,-571.0,304,142,-537.0,0.0,54682,6488160.9,1881154.4,7,9,-593.986690873607,-0.000383,-1447.208845
DOM_15_348,-1,FMP_DOM,SKIN,0,1,1,0,0.333,1.0,5.0,-147.0,-461.0,304,143,-429.0,0.0,54683,6488630.7,1881325.4,6,9,-593.986690873607,-0.000383,-1447.208845
DOM_15_349,-1,FMP_DOM,SKIN,0,1,1,0,0.333,1.0,5.0,-75.0,-374.0,304,144,-344.0,0.0,54684,6489100.6,1881496.5,4,8,-593.986690873607,-0.000383,-1447.208845
DOM_15_350,-1,FMP_DOM,SKIN,0,1,1,0,0.333,1.0,5.0,24.8,-254.0,304,145,-226.0,0.0,54685,6489570.4,1881667.5,2,7,-593.986690873607,-0.000383,-1447.208845
DOM_15_351,-1,FMP_DOM,SKIN,0,1,1,0,0.333,1.0,5.0,58.4,-217.0,304,147,-189.0,0.0,54687,6490510.1,1882009.5,1,7,-593.986690873607,-0.000383,-1447.208845
DOM_15_352,-1,FMP_DOM,SKIN,0,1,1,0,0.333,1.0,5.0,51.6,-228.0,304,148,-200.0,0.0,54688,6490980.0,1882180.5,2,7,-593.986690873607,-0.000383,-1447.208845
DOM_15_353,-1,FMP_DOM,SKIN,0,1,1,0,0.333,1.0,5.0,15.3,-257.0,305,138,-230.0,0.0,54858,6486452.5,1880000.5,1,7,-593.986690873607,-0.000383,-1447.208845
DOM_15_354,-1,FMP_DOM,SKIN,0,1,1,0,0.333,1.0,5.0,-6.51,-285.0,305,139,-257.0,0.0,54859,6486922.4,1880171.6,2,7,-593.986690873607,-0.000383,-1447.208845
DOM_15_355,-1,FMP_DOM,SKIN,0,1,1,0,0.333,1.0,5.0,-15.6,-300.0,305,142,-272.0,0.0,54862,6488331.9,1880684.6,3,7,-593.986690873607,-0.000383,-1447.208845
DOM_15_356,-1,FMP_DOM,SKIN,0,1,1,0,0.333,1.0,5.0,6.65,-274.0,305,143,-246.0,0.0,54863,6488801.7,1880855.6,2,7,-593.986690873607,-0.000383,-1447.208845
DOM_15_357,-1,FMP_DOM,SKIN,0,1,1,0,0.333,1.0,5.0,-210.0,-541.0,305,144,-508.0,0.0,54864,6489271.6,1881026.6,6,9,-593.986690873607,-0.000383,-1447.208845
DOM_15_358,-1,FMP_DOM,SKIN,0,1,1,0,0.333,1.0,5.0,-109.0,-419.0,305,145,-388.0,0.0,54865,6489741.4,1881197.6,5,8,-593.986690873607,-0.000383,-1447.208845
DOM_15_359,-1,FMP_DOM,SKIN,0,1,1,0,0.333,1.0,5.0,-143.0,-466.0,305,146,-434.0,0.0,54866,6490211.3,1881368.6,6,9,-593.986690873607,-0.000383,-1447.208845
DOM_15_360,-1,FMP_DOM,SKIN,0,1,1,0,0.333,1.0,5.0,49.5,-232.0,305,147,-204.0,0.0,54867,6490681.1,1881539.6,1,7,-593.986690873607,-0.000383,-1447.208845
DOM_15_361,-1,FMP_DOM,SKIN,0,1,1,0,0.333,1.0,5.0,-92.9,-388.0,306,138,-359.0,0.0,55038,6486623.5,1879530.7,4,8,-593.986690873607,-0.000383,-1447.208845
DOM_15_362,-1,FMP_DOM,SKIN,0,1,1,0,0.333,1.0,5.0,-185.0,-506.0,306,141,-474.0,0.0,55041,6488033.1,1880043.7,6,9,-593.986690873607,-0.000383,-1447.208845
DOM_15_363,-1,FMP_DOM,SKIN,0,1,1,0,0.333,1.0,5.0,-222.0,-553.0,306,142,-520.0,0.0,55042,6488502.9,1880214.7,6,9,-593.986690873607,-0.000383,-1447.208845
DOM_15_364,-1,FMP_DOM,SKIN,0,1,1,0,0.333,1.0,5.0,-210.0,-540.0,306,143,-507.0,0.0,55043,6488972.8,1880385.8,6,9,-593.986690873607,-0.000383,-1447.208845
DOM_15_365,-1,FMP_DOM,SKIN,0,1,1,0,0.333,1.0,5.0,-218.0,-552.0,306,144,-519.0,0.0,55044,6489442.6,1880556.8,7,9,-593.986690873607,-0.000383,-1447.208845
DOM_15_366,-1,FMP_DOM,SKIN,0,1,1,0,0.333,1.0,5.0,13.6,-274.0,306,146,-246.0,0.0,55046,6490382.3,1880898.8,3,7,-593.986690873607,-0.000383,-1447.208845
DOM_15_367,-1,FMP_DOM,SKIN,0,1,1,0,0.333,1.0,5.0,-10.5,-307.0,306,147,-277.0,0.0,55047,6490852.1,1881069.8,3,8,-593.986690873607,-0.000383,-1447.208845
DOM_15_368,-1,FMP_DOM,SKIN,0,1,1,0,0.333,1.0,5.0,62.2,-217.0,306,148,-189.0,0.0,55048,6491322.0,1881240.8,1,7,-593.986690873607,-0.000383,-1447.208845
DOM_15_369,-1,FMP_DOM,SKIN,0,1,1,0,0.333,1.0,5.0,-175.0,-489.0,307,138,-458.0,0.0,55218,6486794.5,1879060.9,6,9,-593.986690873607,-0.000383,-1447.208845
DOM_15_370,-1,FMP_DOM,SKIN,0,1,1,0,0.333,1.0,5.0,-177.0,-497.0,307,140,-465.0,0.0,55220,6487734.2,1879402.9,6,9,-593.986690873607,-0.000383,-1447.208845
DOM_15_371,-1,FMP_DOM,SKIN,0,1,1,0,0.333,1.0,5.0,18.9,-258.0,307,141,-230.0,0.0,55221,6488204.1,1879573.9,2,7,-593.986690873607,-0.000383,-1447.208845
DOM_15_372,-1,FMP_DOM,SKIN,0,1,1,0,0.333,1.0,5.0,-16.2,-302.0,307,142,-273.0,0.0,55222,6488673.9,1879744.9,3,7,-593.986690873607,-0.000383,-1447.208845
DOM_15_373,-1,FMP_DOM,SKIN,0,1,1,0,0.333,1.0,5.0,-60.5,-357.0,307,143,-327.0,0.0,55223,6489143.8,1879915.9,4,8,-593.986690873607,-0.000383,-1447.208845
DOM_15_374,-1,FMP_DOM,SKIN,0,1,1,0,0.333,1.0,5.0,-15.7,-304.0,307,144,-275.0,0.0,55224,6489613.6,1880086.9,3,7,-593.986690873607,-0.000383,-1447.208845
DOM_15_375,-1,FMP_DOM,SKIN,0,1,1,0,0.333,1.0,5.0,-140.0,-456.0,307,145,-425.0,0.0,55225,6490083.5,1880257.9,6,9,-593.986690873607,-0.000383,-1447.208845
DOM_15_376,-1,FMP_DOM,SKIN,0,1,1,0,0.333,1.0,5.0,-197.0,-529.0,307,146,-496.0,0.0,55226,6490553.3,1880428.9,6,9,-593.986690873607,-0.000383,-1447.208845
DOM_15_377,-1,FMP_DOM,SKIN,0,1,1,0,0.333,1.0,5.0,-150.0,-474.0,307,147,-442.0,0.0,55227,6491023.1,1880599.9,6,9,-593.986690873607,-0.000383,-1447.208845
DOM_15_378,-1,FMP_DOM,SKIN,0,1,1,0,0.333,1.0,5.0,-56.0,-361.0,307,148,-330.0,0.0,55228,6491493.0,1880771.0,4,8,-593.986690873607,-0.000383,-1447.208845
DOM_15_379,-1,FMP_DOM,SKIN,0,1,1,0,0.333,1.0,5.0,-172.0,-496.0,308,138,-464.0,0.0,55398,6486965.5,1878591.0,6,9,-593.986690873607,-0.000383,-1447.208845
DOM_15_380,-1,FMP_DOM,SKIN,0,1,1,0,0.333,1.0,5.0,-136.0,-442.0,308,139,-411.0,0.0,55399,6487435.4,1878762.0,5,8,-593.986690873607,-0.000383,-1447.208845
DOM_15_381,-1,FMP_DOM,SKIN,0,1,1,0,0.333,1.0,5.0,-193.0,-514.0,308,140,-482.0,0.0,55400,6487905.2,1878933.0,6,9,-593.986690873607,-0.000383,-1447.208845
DOM_15_382,-1,FMP_DOM,SKIN,0,1,1,0,0.333,1.0,5.0,-96.1,-395.0,308,141,-365.0,0.0,55401,6488375.1,1879104.0,5,8,-593.986690873607,-0.000383,-1447.208845
DOM_15_383,-1,FMP_DOM,SKIN,0,1,1,0,0.333,1.0,5.0,-64.7,-357.0,308,142,-328.0,0.0,55402,6488844.9,1879275.0,4,8,-593.986690873607,-0.000383,-1447.208845
DOM_15_384,-1,FMP_DOM,SKIN,0,1,1,0,0.333,1.0,5.0,-36.8,-325.0,308,143,-296.0,0.0,55403,6489314.8,1879446.1,3,8,-593.986690873607,-0.000383,-1447.208845
DOM_15_385,-1,FMP_DOM,SKIN,0,1,1,0,0.333,1.0,5.0,-224.0,-554.0,308,144,-521.0,0.0,55404,6489784.6,1879617.1,7,9,-593.986690873607,-0.000383,-1447.208845
DOM_15_386,-1,FMP_DOM,SKIN,0,1,1,0,0.333,1.0,5.0,-170.0,-491.0,308,145,-459.0,0.0,55405,6490254.5,1879788.1,6,9,-593.986690873607,-0.000383,-1447.208845
DOM_15_387,-1,FMP_DOM,SKIN,0,1,1,0,0.333,1.0,5.0,-36.0,-328.0,308,146,-299.0,0.0,55406,6490724.3,1879959.1,4,8,-593.986690873607,-0.000383,-1447.208845
DOM_15_388,-1,FMP_DOM,SKIN,0,1,1,0,0.333,1.0,5.0,42.9,-234.0,308,147,-207.0,0.0,55407,6491194.2,1880130.1,2,7,-593.986690873607,-0.000383,-1447.208845
DOM_15_389,-1,FMP_DOM,SKIN,0,1,1,0,0.333,1.0,5.0,-136.0,-451.0,309,139,-420.0,0.0,55579,6487606.4,1878292.2,5,9,-593.986690873607,-0.000383,-1447.208845
DOM_15_390,-1,FMP_DOM,SKIN,0,1,1,0,0.333,1.0,5.0,-204.0,-526.0,309,140,-494.0,0.0,55580,6488076.2,1878463.2,6,9,-593.986690873607,-0.000383,-1447.208845
DOM_15_391,-1,FMP_DOM,SKIN,0,1,1,0,0.333,1.0,5.0,-31.2,-316.0,309,141,-288.0,0.0,55581,6488546.1,1878634.2,3,7,-593.986690873607,-0.000383,-1447.208845
DOM_15_392,-1,FMP_DOM,SKIN,0,1,1,0,0.333,1.0,5.0,-130.0,-443.0,309,143,-412.0,0.0,55583,6489485.8,1878976.2,5,9,-593.986690873607,-0.000383,-1447.208845
DOM_15_393,-1,FMP_DOM,SKIN,0,1,1,0,0.333,1.0,5.0,33.4,-244.0,309,144,-217.0,0.0,55584,6489955.6,1879147.2,2,7,-593.986690873607,-0.000383,-1447.208845
DOM_15_394,-1,FMP_DOM,SKIN,0,1,1,0,0.333,1.0,5.0,29.3,-251.0,309,145,-223.0,0.0,55585,6490425.5,1879318.2,2,7,-593.986690873607,-0.000383,-1447.208845
DOM_15_395,-1,FMP_DOM,SKIN,0,1,1,0,0.333,1.0,5.0,46.2,-237.0,309,146,-208.0,0.0,55586,6490895.3,1879489.2,1,7,-593.986690873607,-0.000383,-1447.208845
DOM_15_396,-1,FMP_DOM,SKIN,0,1,1,0,0.333,1.0,5.0,-110.0,-423.0,309,147,-392.0,0.0,55587,6491365.2,1879660.3,5,9,-593.986690873607,-0.000383,-1447.208845
DOM_15_397,-1,FMP_DOM,SKIN,0,1,1,0,0.333,1.0,5.0,24.4,-276.0,310,136,-246.0,0.0,55756,6486367.9,1877309.3,1,7,-593.986690873607,-0.000383,-1447.208845
DOM_15_398,-1,FMP_DOM,SKIN,0,1,1,0,0.333,1.0,5.0,-64.0,-388.0,310,137,-356.0,0.0,55757,6486837.7,1877480.3,4,8,-593.986690873607,-0.000383,-1447.208845
DOM_15_399,-1,FMP_DOM,SKIN,0,1,1,0,0.333,1.0,5.0,114.0,-176.0,310,138,-147.0,0.0,55758,6487307.6,1877651.3,1,6,-516.1501352988269,-0.000383,-1336.86832
DOM_15_400,-1,FMP_DOM,SKIN,0,1,1,0,0.333,1.0,5.0,-164.0,-498.0,310,139,-465.0,0.0,55759,6487777.4,1877822.3,6,9,-593.986690873607,-0.000383,-1447.208845
DOM_15_401,-1,FMP_DOM,SKIN,0,1,1,0,0.333,1.0,5.0,-25.1,-318.0,310,140,-288.0,0.0,55760,6488247.3,1877993.3,3,7,-593.986690873607,-0.000383,-1447.208845
DOM_15_402,-1,FMP_DOM,SKIN,0,1,1,0,0.333,1.0,5.0,-127.0,-437.0,310,142,-406.0,0.0,55762,6489186.9,1878335.4,5,8,-593.986690873607,-0.000383,-1447.208845
DOM_15_403,-1,FMP_DOM,SKIN,0,1,1,0,0.333,1.0,5.0,42.5,-232.0,310,143,-205.0,0.0,55763,6489656.8,1878506.4,1,7,-593.986690873607,-0.000383,-1447.208845
DOM_15_404,-1,FMP_DOM,SKIN,0,1,1,0,0.333,1.0,5.0,-122.0,-435.0,310,144,-404.0,0.0,55764,6490126.6,1878677.4,5,9,-593.986690873607,-0.000383,-1447.208845
DOM_15_405,-1,FMP_DOM,SKIN,0,1,1,0,0.333,1.0,5.0,-102.0,-417.0,310,145,-385.0,0.0,55765,6490596.5,1878848.4,5,8,-593.986690873607,-0.000383,-1447.208845
DOM_15_406,-1,FMP_DOM,SKIN,0,1,1,0,0.333,1.0,5.0,-78.8,-396.0,310,146,-364.0,0.0,55766,6491066.3,1879019.4,5,8,-593.986690873607,-0.000383,-1447.208845
DOM_15_407,-1,FMP_DOM,SKIN,0,1,1,0,0.333,1.0,5.0,-40.3,-345.0,311,137,-314.0,0.0,55937,6487008.7,1877010.5,3,8,-593.986690873607,-0.000383,-1447.208845
DOM_15_408,-1,FMP_DOM,SKIN,0,1,1,0,0.333,1.0,5.0,53.4,-220.0,311,140,-193.0,0.0,55940,6488418.3,1877523.5,1,6,-593.986690873607,-0.000383,-1447.208845
DOM_15_409,-1,FMP_DOM,SKIN,0,1,1,0,0.333,1.0,5.0,-23.4,-310.0,311,141,-282.0,0.0,55941,6488888.1,1877694.5,3,7,-593.986690873607,-0.000383,-1447.208845
DOM_15_410,-1,FMP_DOM,SKIN,0,1,1,0,0.333,1.0,5.0,-136.0,-449.0,311,142,-418.0,0.0,55942,6489358.0,1877865.5,5,9,-593.986690873607,-0.000383,-1447.208845
DOM_15_411,-1,FMP_DOM,SKIN,0,1,1,0,0.333,1.0,5.0,-227.0,-563.0,311,143,-530.0,0.0,55943,6489827.8,1878036.5,7,9,-593.986690873607,-0.000383,-1447.208845
DOM_15_412,-1,FMP_DOM,SKIN,0,1,1,0,0.333,1.0,5.0,-21.8,-316.0,311,144,-286.0,0.0,55944,6490297.7,1878207.5,3,8,-593.986690873607,-0.000383,-1447.208845
DOM_15_413,-1,FMP_DOM,SKIN,0,1,1,0,0.333,1.0,5.0,-59.2,-363.0,311,145,-333.0,0.0,55945,6490767.5,1878378.5,4,8,-593.986690873607,-0.000383,-1447.208845
DOM_15_414,-1,FMP_DOM,SKIN,0,1,1,0,0.333,1.0,5.0,-145.0,-461.0,312,140,-429.0,0.0,56120,6488589.3,1877053.6,5,9,-593.986690873607,-0.000383,-1447.208845
DOM_15_415,-1,FMP_DOM,SKIN,0,1,1,0,0.333,1.0,5.0,-103.0,-419.0,312,142,-388.0,0.0,56122,6489529.0,1877395.7,5,8,-593.986690873607,-0.000383,-1447.208845
DOM_15_416,-1,FMP_DOM,SKIN,0,1,1,0,0.333,1.0,5.0,-156.0,-480.0,312,143,-448.0,0.0,56123,6489998.8,1877566.7,6,9,-593.986690873607,-0.000383,-1447.208845
DOM_15_417,-1,FMP_DOM,SKIN,0,1,1,0,0.333,1.0,5.0,-45.3,-347.0,312,144,-317.0,0.0,56124,6490468.7,1877737.7,4,8,-593.986690873607,-0.000383,-1447.208845
DOM_15_418,-1,FMP_DOM,SKIN,0,1,1,0,0.333,1.0,5.0,-34.7,-342.0,312,146,-311.0,0.0,56126,6491408.4,1878079.7,4,8,-593.986690873607,-0.000383,-1447.208845
DOM_15_419,-1,FMP_DOM,SKIN,0,1,1,0,0.333,1.0,5.0,92.7,-195.0,313,143,-166.0,0.0,56303,6490169.8,1877096.8,1,6,-593.986690873607,-0.000383,-1447.208845
DOM_15_420,-1,FMP_DOM,SKIN,0,1,1,0,0.333,1.0,5.0,-142.0,-378.0,305,149,-354.0,0.0,54869,6491620.8,1881881.7,6,8,-593.986690873607,-0.000383,-1447.208845
DOM_15_421,-1,FMP_DOM,SKIN,0,1,1,0,0.333,1.0,5.0,-161.0,-400.0,305,150,-376.0,0.0,54870,6492090.7,1882052.7,6,8,-593.986690873607,-0.000383,-1447.208845
DOM_15_422,-1,FMP_DOM,SKIN,0,1,1,0,0.333,1.0,5.0,-173.0,-413.0,305,151,-389.0,0.0,54871,6492560.5,1882223.7,6,9,-593.986690873607,-0.000383,-1447.208845
DOM_15_423,-1,FMP_DOM,SKIN,0,1,1,0,0.333,1.0,5.0,-178.0,-418.0,306,149,-394.0,0.0,55049,6491791.8,1881411.8,6,9,-593.986690873607,-0.000383,-1447.208845
DOM_15_424,-1,FMP_DOM,SKIN,0,1,1,0,0.333,1.0,5.0,-159.0,-398.0,306,150,-374.0,0.0,55050,6492261.7,1881582.8,6,8,-593.986690873607,-0.000383,-1447.208845
DOM_15_425,-1,FMP_DOM,SKIN,0,1,1,0,0.333,1.0,5.0,-134.0,-370.0,306,151,-347.0,0.0,55051,6492731.5,1881753.8,6,8,-593.986690873607,-0.000383,-1447.208845
DOM_15_426,-1,FMP_DOM,SKIN,0,1,1,0,0.333,1.0,5.0,23.7,-195.0,306,152,-173.0,0.0,55052,6493201.4,1881924.8,3,7,-593.986690873607,-0.000383,-1447.208845
DOM_15_427,-1,FMP_DOM,SKIN,0,1,1,0,0.333,1.0,5.0,23.1,-198.0,306,153,-176.0,0.0,55053,6493671.2,1882095.9,3,7,-593.986690873607,-0.000383,-1447.208845
DOM_15_428,-1,FMP_DOM,SKIN,0,1,1,0,0.333,1.0,5.0,-168.0,-407.0,307,149,-383.0,0.0,55229,6491962.8,1880942.0,6,8,-593.986690873607,-0.000383,-1447.208845
DOM_15_429,-1,FMP_DOM,SKIN,0,1,1,0,0.333,1.0,5.0,-28.5,-252.0,307,150,-229.0,0.0,55230,6492432.7,1881113.0,4,7,-593.986690873607,-0.000383,-1447.208845
DOM_15_430,-1,FMP_DOM,SKIN,0,1,1,0,0.333,1.0,5.0,-185.0,-428.0,307,151,-404.0,0.0,55231,6492902.5,1881284.0,6,9,-593.986690873607,-0.000383,-1447.208845
DOM_15_431,-1,FMP_DOM,SKIN,0,1,1,0,0.333,1.0,5.0,-32.1,-258.0,307,152,-235.0,0.0,55232,6493372.4,1881455.0,4,7,-593.986690873607,-0.000383,-1447.208845
DOM_15_432,-1,FMP_DOM,SKIN,0,1,1,0,0.333,1.0,5.0,-108.0,-345.0,307,153,-321.0,0.0,55233,6493842.2,1881626.0,5,8,-593.986690873607,-0.000383,-1447.208845
DOM_15_433,-1,FMP_DOM,SKIN,0,1,1,0,0.333,1.0,5.0,-124.0,-357.0,308,148,-333.0,0.0,55408,6491664.0,1880301.1,5,8,-593.986690873607,-0.000383,-1447.208845
DOM_15_434,-1,FMP_DOM,SKIN,0,1,1,0,0.333,1.0,5.0,-16.8,-237.0,308,149,-215.0,0.0,55409,6492133.9,1880472.1,4,7,-593.986690873607,-0.000383,-1447.208845
DOM_15_435,-1,FMP_DOM,SKIN,0,1,1,0,0.333,1.0,5.0,-82.5,-312.0,308,150,-289.0,0.0,55410,6492603.7,1880643.1,5,8,-593.986690873607,-0.000383,-1447.208845
DOM_15_436,-1,FMP_DOM,SKIN,0,1,1,0,0.333,1.0,5.0,-21.3,-244.0,308,151,-221.0,0.0,55411,6493073.5,1880814.1,4,7,-593.986690873607,-0.000383,-1447.208845
DOM_15_437,-1,FMP_DOM,SKIN,0,1,1,0,0.333,1.0,5.0,-60.8,-290.0,308,152,-267.0,0.0,55412,6493543.4,1880985.2,5,8,-593.986690873607,-0.000383,-1447.208845
DOM_15_438,-1,FMP_DOM,SKIN,0,1,1,0,0.333,1.0,5.0,-75.4,-301.0,309,148,-279.0,0.0,55588,6491835.0,1879831.3,5,8,-593.986690873607,-0.000383,-1447.208845
DOM_15_439,-1,FMP_DOM,SKIN,0,1,1,0,0.333,1.0,5.0,-160.0,-397.0,309,149,-374.0,0.0,55589,6492304.9,1880002.3,6,8,-593.986690873607,-0.000383,-1447.208845
DOM_15_440,-1,FMP_DOM,SKIN,0,1,1,0,0.333,1.0,5.0,-233.0,-479.0,309,150,-455.0,0.0,55590,6492774.7,1880173.3,7,9,-593.986690873607,-0.000383,-1447.208845
DOM_15_441,-1,FMP_DOM,SKIN,0,1,1,0,0.333,1.0,5.0,3.38,-216.0,309,151,-194.0,0.0,55591,6493244.6,1880344.3,3,7,-593.986690873607,-0.000383,-1447.208845
DOM_15_442,-1,FMP_DOM,SKIN,0,1,1,0,0.333,1.0,5.0,-204.0,-450.0,309,152,-426.0,0.0,55592,6493714.4,1880515.3,7,9,-593.986690873607,-0.000383,-1447.208845
DOM_15_443,-1,FMP_DOM,SKIN,0,1,1,0,0.333,1.0,5.0,-128.0,-365.0,310,147,-341.0,0.0,55767,6491536.2,1879190.4,5,8,-593.986690873607,-0.000383,-1447.208845
DOM_15_444,-1,FMP_DOM,SKIN,0,1,1,0,0.333,1.0,5.0,-220.0,-463.0,310,148,-439.0,0.0,55768,6492006.0,1879361.4,7,9,-593.986690873607,-0.000383,-1447.208845
DOM_15_445,-1,FMP_DOM,SKIN,0,1,1,0,0.333,1.0,5.0,-112.0,-343.0,310,149,-320.0,0.0,55769,6492475.9,1879532.4,5,8,-593.986690873607,-0.000383,-1447.208845
DOM_15_446,-1,FMP_DOM,SKIN,0,1,1,0,0.333,1.0,5.0,-228.0,-474.0,310,150,-450.0,0.0,55770,6492945.7,1879703.4,7,9,-593.986690873607,-0.000383,-1447.208845
DOM_15_447,-1,FMP_DOM,SKIN,0,1,1,0,0.333,1.0,5.0,-118.0,-353.0,310,151,-329.0,0.0,55771,6493415.6,1879874.4,6,8,-593.986690873607,-0.000383,-1447.208845
DOM_15_448,-1,FMP_DOM,SKIN,0,1,1,0,0.333,1.0,5.0,-46.1,-273.0,310,152,-251.0,0.0,55772,6493885.4,1880045.5,4,7,-593.986690873607,-0.000383,-1447.208845
DOM_15_449,-1,FMP_DOM,SKIN,0,1,1,0,0.333,1.0,5.0,-5.52,-231.0,311,147,-208.0,0.0,55947,6491707.2,1878720.6,3,7,-593.986690873607,-0.000383,-1447.208845
DOM_15_450,-1,FMP_DOM,SKIN,0,1,1,0,0.333,1.0,5.0,-20.5,-243.0,311,148,-221.0,0.0,55948,6492177.0,1878891.6,4,7,-593.986690873607,-0.000383,-1447.208845
DOM_15_451,-1,FMP_DOM,SKIN,0,1,1,0,0.333,1.0,5.0,-139.0,-376.0,311,152,-352.0,0.0,55952,6494056.4,1879575.6,6,8,-593.986690873607,-0.000383,-1447.208845
DOM_15_452,-1,FMP_DOM,SKIN,0,1,1,0,0.333,1.0,5.0,20.4,-199.0,312,148,-177.0,0.0,56128,6492348.0,1878421.7,3,6,-593.986690873607,-0.000383,-1447.208845
DOM_15_453,-1,FMP_DOM,SKIN,0,1,1,0,0.333,1.0,5.0,-74.2,-305.0,312,152,-282.0,0.0,56132,6494227.4,1879105.8,5,8,-593.986690873607,-0.000383,-1447.208845
DOM_15_454,-1,FMP_DOM,SKIN,0,1,1,0,0.333,1.0,5.0,-57.6,-298.0,312,157,-274.0,0.0,56137,6496576.7,1879960.8,5,8,-593.986690873607,-0.000383,-1447.208845
DOM_15_455,-1,FMP_DOM,SKIN,0,1,1,0,0.333,1.0,5.0,11.2,-218.0,313,146,-195.0,0.0,56306,6491579.4,1877609.9,3,7,-593.986690873607,-0.000383,-1447.208845
DOM_15_456,-1,FMP_DOM,SKIN,0,1,1,0,0.333,1.0,5.0,-6.09,-232.0,313,153,-209.0,0.0,56313,6494868.3,1878806.9,4,7,-593.986690873607,-0.000383,-1447.208845
DOM_15_457,-1,FMP_DOM,SKIN,0,1,1,0,0.333,1.0,5.0,-125.0,-371.0,314,155,-346.0,0.0,56495,6495979.0,1878679.1,6,8,-593.986690873607,-0.000383,-1447.208845
DOM_15_458,-1,FMP_DOM,SKIN,0,1,1,0,0.333,1.0,5.0,-10.5,-235.0,315,150,-213.0,0.0,56670,6493800.8,1877354.2,4,7,-593.986690873607,-0.000383,-1447.208845
DOM_15_459,-1,FMP_DOM,SKIN,0,1,1,0,0.333,1.0,5.0,56.8,-171.0,315,156,-148.0,0.0,56676,6496619.8,1878380.3,2,6,-593.986690873607,-0.000383,-1447.208845
DOM_15_460,-1,FMP_DOM,SKIN,0,1,1,0,0.333,1.0,5.0,103.0,-118.0,317,155,-95.7,0.0,57035,6496492.0,1877269.6,1,6,-593.986690873607,-0.000383,-1447.208845
DOM_15_461,-1,FMP_DOM,SKIN,0,1,1,0,0.333,1.0,5.0,-122.0,-247.0,292,148,-235.0,0.0,52528,6488927.8,1887818.7,5,7,-593.986690873607,-0.000383,-1447.208845
DOM_16_001,-1,FMP_DOM,SKIN,0,1,1,0,0.333,1.0,5.0,-126.0,-408.0,356,62,-380.0,0.0,63962,6459465.7,1843041.6,5,8,-455.96686942448974,-0.000437,-2031.36516
DOM_16_002,-1,FMP_DOM,SKIN,0,1,1,0,0.333,1.0,5.0,-128.0,-414.0,357,61,-385.0,0.0,64141,6459166.9,1842400.8,5,8,-455.96686942448974,-0.000437,-2031.36516
DOM_16_003,-1,FMP_DOM,SKIN,0,1,1,0,0.333,1.0,5.0,20.2,-233.0,332,94,-208.0,0.0,59674,6470396.5,1859790.3,2,7,-455.96686942448974,-0.000437,-2031.36516
DOM_16_004,-1,FMP_DOM,SKIN,0,1,1,0,0.333,1.0,5.0,-16.7,-287.0,334,91,-260.0,0.0,60031,6469329.0,1858337.5,3,7,-455.96686942448974,-0.000437,-2031.36516
DOM_16_005,-1,FMP_DOM,SKIN,0,1,1,0,0.333,1.0,5.0,11.0,-192.0,335,90,-171.0,0.0,60210,6469030.2,1857696.7,2,6,-455.96686942448974,-0.000437,-2031.36516
DOM_16_006,-1,FMP_DOM,SKIN,0,1,1,0,0.333,1.0,5.0,26.7,-136.0,335,91,-120.0,0.0,60211,6469500.0,1857867.7,2,5,-455.96686942448974,-0.000437,-2031.36516
DOM_16_007,-1,FMP_DOM,SKIN,0,1,1,0,0.333,1.0,5.0,23.1,-132.0,336,91,-116.0,0.0,60391,6469671.0,1857397.8,2,5,-455.96686942448974,-0.000437,-2031.36516
DOM_16_008,-1,FMP_DOM,SKIN,0,1,1,0,0.333,1.0,5.0,-27.7,-274.0,336,93,-249.0,0.0,60393,6470610.7,1857739.9,3,7,-455.96686942448974,-0.000437,-2031.36516
DOM_16_009,-1,FMP_DOM,SKIN,0,1,1,0,0.333,1.0,5.0,-9.68,-236.0,337,90,-214.0,0.0,60570,6469372.2,1856757.0,3,7,-455.96686942448974,-0.000437,-2031.36516
DOM_16_010,-1,FMP_DOM,SKIN,0,1,1,0,0.333,1.0,5.0,21.7,-96.3,337,92,-84.5,0.0,60572,6470311.9,1857099.0,1,4,-450.42009882682214,-0.000437,-1646.040855
DOM_16_011,-1,FMP_DOM,SKIN,0,1,1,0,0.333,1.0,5.0,-29.4,-281.0,338,90,-256.0,0.0,60750,6469543.2,1856287.1,3,7,-455.96686942448974,-0.000437,-2031.36516
DOM_16_012,-1,FMP_DOM,SKIN,0,1,1,0,0.333,1.0,5.0,227.0,17.4,321,89,38.3,0.0,57689,6466166.2,1864103.5,1,4,-150.11114637159764,-0.000437,-949.47179
DOM_16_013,-1,FMP_DOM,SKIN,0,1,1,0,0.333,1.0,5.0,-15.4,-190.0,361,88,-173.0,0.0,64888,6472536.8,1845138.7,1,5,-455.96686942448974,-0.000437,-2031.36516
DOM_16_014,-1,FMP_DOM,SKIN,0,1,1,0,0.333,1.0,5.0,200.0,76.5,332,60,88.8,0.0,59640,6454421.8,1853975.9,1,2,-50.10668591029417,-6.8e-05,-745.23403
DOM_16_015,-1,FMP_DOM,SKIN,0,1,1,0,0.333,1.0,5.0,206.0,32.3,333,59,49.7,0.0,59819,6454122.9,1853335.1,1,3,-288.42803821457727,-0.000437,-1260.591595
DOM_16_016,-1,FMP_DOM,SKIN,0,1,1,0,0.333,1.0,5.0,17.9,-78.6,356,76,-69.0,0.0,63976,6466043.6,1845435.8,1,4,-439.78776537492706,-0.000437,-1617.937155
DOM_16_017,-1,FMP_DOM,SKIN,0,1,1,0,0.333,1.0,5.0,-19.3,-203.0,356,77,-185.0,0.0,63977,6466513.4,1845606.8,2,6,-455.96686942448974,-0.000437,-2031.36516
DOM_16_018,-1,FMP_DOM,SKIN,0,1,1,0,0.333,1.0,5.0,-43.9,-297.0,357,77,-272.0,0.0,64157,6466684.4,1845136.9,3,7,-455.96686942448974,-0.000437,-2031.36516
DOM_16_019,-1,FMP_DOM,SKIN,0,1,1,0,0.333,1.0,5.0,-4.6,-166.0,357,78,-150.0,0.0,64158,6467154.3,1845307.9,2,5,-455.96686942448974,-0.000437,-2031.36516
DOM_16_020,-1,FMP_DOM,SKIN,0,1,1,0,0.333,1.0,5.0,-37.6,-289.0,357,80,-263.0,0.0,64160,6468093.9,1845650.0,3,7,-455.96686942448974,-0.000437,-2031.36516
DOM_16_021,-1,FMP_DOM,SKIN,0,1,1,0,0.333,1.0,5.0,-28.4,-254.0,358,78,-231.0,0.0,64338,6467325.3,1844838.1,2,6,-455.96686942448974,-0.000437,-2031.36516
DOM_16_022,-1,FMP_DOM,SKIN,0,1,1,0,0.333,1.0,5.0,-41.3,-292.0,358,80,-267.0,0.0,64340,6468265.0,1845180.1,3,7,-455.96686942448974,-0.000437,-2031.36516
DOM_16_023,-1,FMP_DOM,SKIN,0,1,1,0,0.333,1.0,5.0,-23.8,-272.0,358,82,-247.0,0.0,64342,6469204.7,1845522.1,2,7,-455.96686942448974,-0.000437,-2031.36516
DOM_16_024,-1,FMP_DOM,SKIN,0,1,1,0,0.333,1.0,5.0,-29.5,-275.0,359,84,-251.0,0.0,64524,6470315.4,1845394.3,2,7,-455.96686942448974,-0.000437,-2031.36516
DOM_16_025,-1,FMP_DOM,SKIN,0,1,1,0,0.333,1.0,5.0,-42.6,-248.0,362,77,-228.0,0.0,65057,6467539.5,1842787.7,2,6,-455.96686942448974,-0.000437,-2031.36516
DOM_16_026,-1,FMP_DOM,SKIN,0,1,1,0,0.333,1.0,5.0,-31.6,-211.0,362,82,-193.0,0.0,65062,6469888.7,1843642.7,2,6,-455.96686942448974,-0.000437,-2031.36516
DOM_16_027,-1,FMP_DOM,SKIN,0,1,1,0,0.333,1.0,5.0,173.0,-106.0,287,91,-77.9,0.0,51571,6461291.6,1880420.3,1,6,-455.96686942448974,-0.000437,-2031.36516
DOM_16_028,-1,FMP_DOM,SKIN,0,1,1,0,0.333,1.0,5.0,181.0,-55.6,288,91,-32.0,0.0,51751,6461462.6,1879950.5,1,5,-455.96686942448974,-0.000437,-2031.36516
DOM_16_029,-1,FMP_DOM,SKIN,0,1,1,0,0.333,1.0,5.0,27.2,-50.7,349,89,-42.9,0.0,62729,6470954.5,1850947.8,1,3,-325.32738208000006,-0.000437,-1445.88632
DOM_16_030,-1,FMP_DOM,SKIN,0,1,1,0,0.333,1.0,5.0,3.48,-110.0,350,89,-98.4,0.0,62909,6471125.5,1850478.0,2,4,-446.62627972478145,-0.000437,-1646.040855
DOM_16_031,-1,FMP_DOM,SKIN,0,1,1,0,0.333,1.0,5.0,-9.22,-126.0,351,92,-114.0,0.0,63092,6472706.0,1850521.2,2,5,-455.96686942448974,-0.000437,-2031.36516
DOM_16_032,-1,FMP_DOM,SKIN,0,1,1,0,0.333,1.0,5.0,-12.0,-128.0,352,88,-116.0,0.0,63268,6470997.7,1849367.3,2,5,-455.96686942448974,-0.000437,-2031.36516
DOM_16_033,-1,FMP_DOM,SKIN,0,1,1,0,0.333,1.0,5.0,8.43,-77.9,352,90,-69.3,0.0,63270,6471937.4,1849709.3,1,4,-414.5284596112426,-0.000437,-1617.937155
DOM_16_034,-1,FMP_DOM,SKIN,0,1,1,0,0.333,1.0,5.0,-5.57,-106.0,352,91,-95.5,0.0,63271,6472407.2,1849880.3,2,4,-450.43418137784255,-0.000437,-1646.040855
DOM_16_035,-1,FMP_DOM,SKIN,0,1,1,0,0.333,1.0,5.0,-30.6,-168.0,353,87,-154.0,0.0,63447,6470698.8,1848726.4,3,5,-455.96686942448974,-0.000437,-2031.36516
DOM_16_036,-1,FMP_DOM,SKIN,0,1,1,0,0.333,1.0,5.0,-14.4,-123.0,353,91,-112.0,0.0,63451,6472578.2,1849410.5,2,4,-455.96686942448974,-0.000437,-2031.36516
DOM_16_037,-1,FMP_DOM,SKIN,0,1,1,0,0.333,1.0,5.0,-31.3,-164.0,354,87,-151.0,0.0,63627,6470869.8,1848256.6,3,5,-455.96686942448974,-0.000437,-2031.36516
DOM_16_038,-1,FMP_DOM,SKIN,0,1,1,0,0.333,1.0,5.0,-1.86,-92.2,354,89,-83.2,0.0,63629,6471809.5,1848598.6,1,4,-438.0758602233237,-0.000437,-1617.937155
DOM_16_039,-1,FMP_DOM,SKIN,0,1,1,0,0.333,1.0,5.0,-20.1,-126.0,354,91,-116.0,0.0,63631,6472749.2,1848940.6,2,4,-455.96686942448974,-0.000437,-2031.36516
DOM_16_040,-1,FMP_DOM,SKIN,0,1,1,0,0.333,1.0,5.0,-10.3,-93.6,355,92,-85.3,0.0,63812,6473390.1,1848641.8,1,4,-452.87352961399415,-0.000437,-1646.040855
DOM_16_041,-1,FMP_DOM,SKIN,0,1,1,0,0.333,1.0,5.0,-20.5,-128.0,356,87,-117.0,0.0,63987,6471211.9,1847316.9,2,5,-455.96686942448974,-0.000437,-2031.36516
DOM_16_042,-1,FMP_DOM,SKIN,0,1,1,0,0.333,1.0,5.0,-9.26,-93.3,356,88,-84.9,0.0,63988,6471681.7,1847487.9,1,4,-444.2764714798834,-0.000437,-1617.937155
DOM_16_043,-1,FMP_DOM,SKIN,0,1,1,0,0.333,1.0,5.0,-5.3,-86.3,356,89,-78.2,0.0,63989,6472151.6,1847658.9,1,4,-408.2382613243402,-0.000437,-1612.117655
DOM_16_044,-1,FMP_DOM,SKIN,0,1,1,0,0.333,1.0,5.0,-15.6,-112.0,356,90,-102.0,0.0,63990,6472621.4,1847829.9,2,4,-444.34408475976676,-0.000437,-1617.937155
DOM_16_045,-1,FMP_DOM,SKIN,0,1,1,0,0.333,1.0,5.0,-24.2,-134.0,357,86,-123.0,0.0,64166,6470913.0,1846676.0,2,5,-455.96686942448974,-0.000437,-2031.36516
DOM_16_046,-1,FMP_DOM,SKIN,0,1,1,0,0.333,1.0,5.0,-19.4,-99.0,357,91,-91.1,0.0,64171,6473262.3,1847531.1,2,4,-452.9219698326531,-0.000437,-1646.040855
DOM_16_047,-1,FMP_DOM,SKIN,0,1,1,0,0.333,1.0,5.0,-29.9,-136.0,358,89,-126.0,0.0,64349,6472493.6,1846719.2,2,5,-455.96686942448974,-0.000437,-2031.36516
DOM_16_048,-1,FMP_DOM,SKIN,0,1,1,0,0.333,1.0,5.0,-34.9,-150.0,358,90,-139.0,0.0,64350,6472963.4,1846890.2,2,5,-455.96686942448974,-0.000437,-2031.36516
DOM_16_049,-1,FMP_DOM,SKIN,0,1,1,0,0.333,1.0,5.0,-39.1,-163.0,359,87,-151.0,0.0,64527,6471724.9,1845907.3,2,5,-455.96686942448974,-0.000437,-2031.36516
DOM_16_050,-1,FMP_DOM,SKIN,0,1,1,0,0.333,1.0,5.0,-30.8,-136.0,359,88,-125.0,0.0,64528,6472194.7,1846078.3,2,4,-455.96686942448974,-0.000437,-2031.36516
DOM_16_051,-1,FMP_DOM,SKIN,0,1,1,0,0.333,1.0,5.0,-31.3,-134.0,359,89,-123.0,0.0,64529,6472664.6,1846249.4,2,4,-455.96686942448974,-0.000437,-2031.36516
DOM_16_052,-1,FMP_DOM,SKIN,0,1,1,0,0.333,1.0,5.0,161.0,-1.89,323,77,14.4,0.0,58037,6460870.1,1861111.7,1,4,-455.96686942448974,-0.000437,-2031.36516
DOM_16_053,-1,FMP_DOM,SKIN,0,1,1,0,0.333,1.0,5.0,153.0,-215.0,324,79,-179.0,0.0,58219,6461980.8,1860983.9,1,7,-455.96686942448974,-0.000437,-2031.36516
DOM_16_054,-1,FMP_DOM,SKIN,0,1,1,0,0.333,1.0,5.0,113.0,-205.0,328,77,-173.0,0.0,58937,6461725.1,1858762.5,1,7,-455.96686942448974,-0.000437,-2031.36516
DOM_16_055,-1,FMP_DOM,SKIN,0,1,1,0,0.333,1.0,5.0,138.0,-96.4,328,78,-73.0,0.0,58938,6462195.0,1858933.5,1,6,-455.96686942448974,-0.000437,-2031.36516
DOM_16_056,-1,FMP_DOM,SKIN,0,1,1,0,0.333,1.0,5.0,80.1,-311.0,329,77,-272.0,0.0,59117,6461896.1,1858292.6,2,8,-455.96686942448974,-0.000437,-2031.36516
DOM_16_057,-1,FMP_DOM,SKIN,0,1,1,0,0.333,1.0,5.0,166.0,-219.0,330,75,-181.0,0.0,59295,6461127.4,1857480.8,1,7,-455.96686942448974,-0.000437,-2031.36516
DOM_16_058,-1,FMP_DOM,SKIN,0,1,1,0,0.333,1.0,5.0,114.0,-182.0,330,80,-153.0,0.0,59300,6463476.7,1858335.8,1,7,-455.96686942448974,-0.000437,-2031.36516
DOM_16_059,-1,FMP_DOM,SKIN,0,1,1,0,0.333,1.0,5.0,92.7,-274.0,331,80,-237.0,0.0,59480,6463647.7,1857866.0,1,8,-455.96686942448974,-0.000437,-2031.36516
DOM_16_060,-1,FMP_DOM,SKIN,0,1,1,0,0.333,1.0,5.0,149.0,-170.0,331,82,-138.0,0.0,59482,6464587.4,1858208.0,1,6,-455.96686942448974,-0.000437,-2031.36516
DOM_16_061,-1,FMP_DOM,SKIN,0,1,1,0,0.333,1.0,5.0,104.0,-130.0,332,80,-107.0,0.0,59660,6463818.7,1857396.1,1,6,-455.96686942448974,-0.000437,-2031.36516
DOM_16_062,-1,FMP_DOM,SKIN,0,1,1,0,0.333,1.0,5.0,71.1,-227.0,333,78,-198.0,0.0,59838,6463050.0,1856584.2,2,7,-455.96686942448974,-0.000437,-2031.36516
DOM_16_063,-1,FMP_DOM,SKIN,0,1,1,0,0.333,1.0,5.0,69.3,-300.0,333,80,-263.0,0.0,59840,6463989.7,1856926.3,2,8,-455.96686942448974,-0.000437,-2031.36516
DOM_16_064,-1,FMP_DOM,SKIN,0,1,1,0,0.333,1.0,5.0,83.4,-220.0,334,80,-190.0,0.0,60020,6464160.7,1856456.4,1,7,-455.96686942448974,-0.000437,-2031.36516
DOM_16_065,-1,FMP_DOM,SKIN,0,1,1,0,0.333,1.0,5.0,102.0,-62.7,334,81,-46.2,0.0,60021,6464630.6,1856627.4,1,5,-439.92660285014585,-0.000437,-1617.937155
DOM_16_066,-1,FMP_DOM,SKIN,0,1,1,0,0.333,1.0,5.0,94.0,-33.9,348,72,-21.1,0.0,62532,6462796.1,1848510.5,1,3,-393.3997488880467,-0.000437,-1499.88294
DOM_16_067,-1,FMP_DOM,SKIN,0,1,1,0,0.333,1.0,5.0,65.1,-114.0,352,70,-95.6,0.0,63250,6462540.4,1846289.1,1,5,-455.96686942448974,-0.000437,-2031.36516
DOM_16_068,-1,FMP_DOM,SKIN,0,1,1,0,0.333,1.0,5.0,11.7,-310.0,352,73,-278.0,0.0,63253,6463950.0,1846802.1,1,7,-455.96686942448974,-0.000437,-2031.36516
DOM_16_069,-1,FMP_DOM,SKIN,0,1,1,0,0.333,1.0,5.0,5.62,-316.0,352,74,-284.0,0.0,63254,6464419.8,1846973.1,2,7,-455.96686942448974,-0.000437,-2031.36516
DOM_16_070,-1,FMP_DOM,SKIN,0,1,1,0,0.333,1.0,5.0,19.9,-179.0,353,74,-159.0,0.0,63434,6464590.8,1846503.3,1,6,-455.96686942448974,-0.000437,-2031.36516
DOM_16_071,-1,FMP_DOM,SKIN,0,1,1,0,0.333,1.0,5.0,1.92,-275.0,353,75,-248.0,0.0,63435,6465060.7,1846674.3,2,7,-455.96686942448974,-0.000437,-2031.36516
DOM_16_072,-1,FMP_DOM,SKIN,0,1,1,0,0.333,1.0,5.0,124.0,32.0,336,82,41.2,0.0,60382,6465442.4,1855858.7,1,2,-54.54293594505501,-4e-06,-695.75084
DOM_16_073,-1,FMP_DOM,SKIN,0,1,1,0,0.333,1.0,5.0,20.1,-225.0,338,86,-201.0,0.0,60746,6467663.8,1855603.1,2,7,-455.96686942448974,-0.000437,-2031.36516
DOM_16_074,-1,FMP_DOM,SKIN,0,1,1,0,0.333,1.0,5.0,-39.4,-320.0,338,89,-292.0,0.0,60749,6469073.4,1856116.1,4,8,-455.96686942448974,-0.000437,-2031.36516
DOM_16_075,-1,FMP_DOM,SKIN,0,1,1,0,0.333,1.0,5.0,20.7,-259.0,339,81,-231.0,0.0,60921,6465485.6,1854278.2,2,7,-455.96686942448974,-0.000437,-2031.36516
DOM_16_076,-1,FMP_DOM,SKIN,0,1,1,0,0.333,1.0,5.0,95.4,-23.1,339,83,-11.3,0.0,60923,6466425.3,1854620.2,1,3,-106.36770299189797,-2.310359e-08,-745.23403
DOM_16_077,-1,FMP_DOM,SKIN,0,1,1,0,0.333,1.0,5.0,8.26,-172.0,339,89,-154.0,0.0,60929,6469244.4,1855646.3,2,6,-455.96686942448974,-0.000437,-2031.36516
DOM_16_078,-1,FMP_DOM,SKIN,0,1,1,0,0.333,1.0,5.0,-19.1,-235.0,339,90,-213.0,0.0,60930,6469714.2,1855817.3,3,7,-455.96686942448974,-0.000437,-2031.36516
DOM_16_079,-1,FMP_DOM,SKIN,0,1,1,0,0.333,1.0,5.0,42.3,-166.0,340,81,-145.0,0.0,61101,6465656.6,1853808.4,2,6,-455.96686942448974,-0.000437,-2031.36516
DOM_16_080,-1,FMP_DOM,SKIN,0,1,1,0,0.333,1.0,5.0,26.0,-240.0,340,83,-213.0,0.0,61103,6466596.3,1854150.4,2,7,-455.96686942448974,-0.000437,-2031.36516
DOM_16_081,-1,FMP_DOM,SKIN,0,1,1,0,0.333,1.0,5.0,38.3,-160.0,341,81,-140.0,0.0,61281,6465827.6,1853338.5,2,6,-455.96686942448974,-0.000437,-2031.36516
DOM_16_082,-1,FMP_DOM,SKIN,0,1,1,0,0.333,1.0,5.0,81.3,-33.0,341,82,-21.6,0.0,61282,6466297.5,1853509.5,1,4,-193.3363668829268,-0.000437,-949.47179
DOM_16_083,-1,FMP_DOM,SKIN,0,1,1,0,0.333,1.0,5.0,89.4,-12.3,341,83,-2.08,0.0,61283,6466767.3,1853680.5,1,3,-74.54623119383261,-0.002949,-695.75084
DOM_16_084,-1,FMP_DOM,SKIN,0,1,1,0,0.333,1.0,5.0,86.7,-8.19,341,84,1.31,0.0,61284,6467237.2,1853851.5,1,3,-59.07163522516558,-0.010033,-695.75084
DOM_16_085,-1,FMP_DOM,SKIN,0,1,1,0,0.333,1.0,5.0,42.3,-144.0,341,85,-125.0,0.0,61285,6467707.0,1854022.5,1,5,-452.8614811300291,-0.000437,-1646.040855
DOM_16_086,-1,FMP_DOM,SKIN,0,1,1,0,0.333,1.0,5.0,39.5,-120.0,341,86,-104.0,0.0,61286,6468176.9,1854193.6,1,5,-450.41959494927113,-0.000437,-1646.040855
DOM_16_087,-1,FMP_DOM,SKIN,0,1,1,0,0.333,1.0,5.0,7.5,-211.0,341,88,-189.0,0.0,61288,6469116.6,1854535.6,2,6,-455.96686942448974,-0.000437,-2031.36516
DOM_16_088,-1,FMP_DOM,SKIN,0,1,1,0,0.333,1.0,5.0,-0.0948,-216.0,341,89,-194.0,0.0,61289,6469586.4,1854706.6,2,6,-455.96686942448974,-0.000437,-2031.36516
DOM_16_089,-1,FMP_DOM,SKIN,0,1,1,0,0.333,1.0,5.0,16.2,-236.0,342,83,-211.0,0.0,61463,6466938.3,1853210.7,2,7,-455.96686942448974,-0.000437,-2031.36516
DOM_16_090,-1,FMP_DOM,SKIN,0,1,1,0,0.333,1.0,5.0,77.7,-13.2,342,84,-4.06,0.0,61464,6467408.2,1853381.7,1,3,-61.52637765700489,-0.00442,-695.75084
DOM_16_091,-1,FMP_DOM,SKIN,0,1,1,0,0.333,1.0,5.0,47.4,-116.0,342,85,-99.4,0.0,61465,6467878.0,1853552.7,1,5,-423.53593403673455,-0.000437,-1617.937155
DOM_16_092,-1,FMP_DOM,SKIN,0,1,1,0,0.333,1.0,5.0,-17.7,-283.0,342,86,-257.0,0.0,61466,6468347.9,1853723.7,3,7,-455.96686942448974,-0.000437,-2031.36516
DOM_16_093,-1,FMP_DOM,SKIN,0,1,1,0,0.333,1.0,5.0,-15.5,-268.0,342,87,-242.0,0.0,61467,6468817.7,1853894.7,3,7,-455.96686942448974,-0.000437,-2031.36516
DOM_16_094,-1,FMP_DOM,SKIN,0,1,1,0,0.333,1.0,5.0,-6.73,-263.0,343,81,-237.0,0.0,61641,6466169.7,1852398.8,3,7,-455.96686942448974,-0.000437,-2031.36516
DOM_16_095,-1,FMP_DOM,SKIN,0,1,1,0,0.333,1.0,5.0,12.0,-208.0,343,82,-186.0,0.0,61642,6466639.5,1852569.8,2,6,-455.96686942448974,-0.000437,-2031.36516
DOM_16_096,-1,FMP_DOM,SKIN,0,1,1,0,0.333,1.0,5.0,58.8,-86.0,343,83,-71.5,0.0,61643,6467109.3,1852740.8,1,4,-414.5876000892127,-0.000437,-1612.117655
DOM_16_097,-1,FMP_DOM,SKIN,0,1,1,0,0.333,1.0,5.0,-21.7,-289.0,344,82,-263.0,0.0,61822,6466810.5,1852100.0,3,7,-455.96686942448974,-0.000437,-2031.36516
DOM_16_098,-1,FMP_DOM,SKIN,0,1,1,0,0.333,1.0,5.0,41.5,-94.6,344,83,-81.0,0.0,61823,6467280.4,1852271.0,1,5,-439.8418894419825,-0.000437,-1617.937155
DOM_16_099,-1,FMP_DOM,SKIN,0,1,1,0,0.333,1.0,5.0,65.1,-38.4,344,84,-28.0,0.0,61824,6467750.2,1852442.0,1,3,-152.3862950304762,-0.000437,-793.303425
DOM_16_100,-1,FMP_DOM,SKIN,0,1,1,0,0.333,1.0,5.0,-17.3,-306.0,344,85,-278.0,0.0,61825,6468220.1,1852613.0,3,7,-455.96686942448974,-0.000437,-2031.36516
DOM_16_101,-1,FMP_DOM,SKIN,0,1,1,0,0.333,1.0,5.0,-23.4,-305.0,344,86,-277.0,0.0,61826,6468689.9,1852784.0,3,7,-455.96686942448974,-0.000437,-2031.36516
DOM_16_102,-1,FMP_DOM,SKIN,0,1,1,0,0.333,1.0,5.0,-9.75,-238.0,345,80,-215.0,0.0,62000,6466041.8,1851288.1,3,7,-455.96686942448974,-0.000437,-2031.36516
DOM_16_103,-1,FMP_DOM,SKIN,0,1,1,0,0.333,1.0,5.0,-33.9,-319.0,345,81,-291.0,0.0,62001,6466511.7,1851459.1,3,7,-455.96686942448974,-0.000437,-2031.36516
DOM_16_104,-1,FMP_DOM,SKIN,0,1,1,0,0.333,1.0,5.0,8.92,-174.0,345,82,-156.0,0.0,62002,6466981.5,1851630.1,2,6,-455.96686942448974,-0.000437,-2031.36516
DOM_16_105,-1,FMP_DOM,SKIN,0,1,1,0,0.333,1.0,5.0,12.0,-168.0,345,83,-150.0,0.0,62003,6467451.4,1851801.1,2,6,-455.96686942448974,-0.000437,-2031.36516
DOM_16_106,-1,FMP_DOM,SKIN,0,1,1,0,0.333,1.0,5.0,-21.5,-294.0,345,84,-267.0,0.0,62004,6467921.2,1851972.2,3,7,-455.96686942448974,-0.000437,-2031.36516
DOM_16_107,-1,FMP_DOM,SKIN,0,1,1,0,0.333,1.0,5.0,11.9,-159.0,345,87,-142.0,0.0,62007,6469330.8,1852485.2,2,5,-455.96686942448974,-0.000437,-2031.36516
DOM_16_108,-1,FMP_DOM,SKIN,0,1,1,0,0.333,1.0,5.0,-27.8,-281.0,346,83,-255.0,0.0,62183,6467622.4,1851331.3,3,7,-455.96686942448974,-0.000437,-2031.36516
DOM_16_109,-1,FMP_DOM,SKIN,0,1,1,0,0.333,1.0,5.0,-28.9,-308.0,346,86,-280.0,0.0,62186,6469031.9,1851844.3,3,7,-455.96686942448974,-0.000437,-2031.36516
DOM_16_110,-1,FMP_DOM,SKIN,0,1,1,0,0.333,1.0,5.0,-34.3,-315.0,346,87,-287.0,0.0,62187,6469501.8,1852015.3,3,7,-455.96686942448974,-0.000437,-2031.36516
DOM_16_111,-1,FMP_DOM,SKIN,0,1,1,0,0.333,1.0,5.0,-24.8,-307.0,347,85,-279.0,0.0,62365,6468733.1,1851203.5,3,7,-455.96686942448974,-0.000437,-2031.36516
DOM_16_112,-1,FMP_DOM,SKIN,0,1,1,0,0.333,1.0,5.0,5.8,-197.0,347,86,-176.0,0.0,62366,6469202.9,1851374.5,2,6,-455.96686942448974,-0.000437,-2031.36516
DOM_16_113,-1,FMP_DOM,SKIN,0,1,1,0,0.333,1.0,5.0,20.3,-149.0,347,87,-133.0,0.0,62367,6469672.8,1851545.5,1,5,-455.96686942448974,-0.000437,-2031.36516
DOM_16_114,-1,FMP_DOM,SKIN,0,1,1,0,0.333,1.0,5.0,-0.513,-217.0,347,88,-195.0,0.0,62368,6470142.6,1851716.5,2,6,-455.96686942448974,-0.000437,-2031.36516
DOM_16_115,-1,FMP_DOM,SKIN,0,1,1,0,0.333,1.0,5.0,-28.9,-301.0,348,88,-273.0,0.0,62548,6470313.6,1851246.7,3,7,-455.96686942448974,-0.000437,-2031.36516
DOM_16_116,-1,FMP_DOM,SKIN,0,1,1,0,0.333,1.0,5.0,132.0,14.6,319,86,26.3,0.0,57326,6464414.6,1864530.2,1,4,-379.89627624664735,-0.000437,-1499.88294
DOM_16_117,-1,FMP_DOM,SKIN,0,1,1,0,0.333,1.0,5.0,101.0,-41.3,319,88,-27.1,0.0,57328,6465354.3,1864872.2,1,5,-455.96686942448974,-0.000437,-2031.36516
DOM_16_118,-1,FMP_DOM,SKIN,0,1,1,0,0.333,1.0,5.0,255.0,218.0,322,83,222.0,0.0,57863,6463518.1,1862607.6,1,1,,,
DOM_16_119,-1,FMP_DOM,SKIN,0,1,1,0,0.333,1.0,5.0,34.8,-220.0,333,97,-194.0,0.0,59857,6471977.1,1859833.4,1,6,-455.96686942448974,-0.000437,-2031.36516
DOM_16_120,-1,FMP_DOM,SKIN,0,1,1,0,0.333,1.0,5.0,17.6,-164.0,335,96,-146.0,0.0,60216,6471849.3,1858722.7,1,5,-455.96686942448974,-0.000437,-2031.36516
DOM_16_121,-1,FMP_DOM,SKIN,0,1,1,0,0.333,1.0,5.0,-17.0,-248.0,335,100,-225.0,0.0,60220,6473728.7,1859406.8,2,6,-455.96686942448974,-0.000437,-2031.36516
DOM_16_122,-1,FMP_DOM,SKIN,0,1,1,0,0.333,1.0,5.0,127.0,4.43,336,101,16.6,0.0,60401,6474369.5,1859107.9,1,1,-60.578972875,-0.073284,-376.370415
DOM_16_123,-1,FMP_DOM,SKIN,0,1,1,0,0.333,1.0,5.0,117.0,24.8,337,102,34.0,0.0,60582,6475010.4,1858809.1,1,1,-0.1353185,-0.079037,-0.1916
DOM_16_124,-1,FMP_DOM,SKIN,0,1,1,0,0.333,1.0,5.0,-20.2,-184.0,338,95,-168.0,0.0,60755,6471892.5,1857142.2,2,6,-455.96686942448974,-0.000437,-2031.36516
DOM_16_125,-1,FMP_DOM,SKIN,0,1,1,0,0.333,1.0,5.0,-64.9,-294.0,338,96,-271.0,0.0,60756,6472362.3,1857313.2,3,7,-455.96686942448974,-0.000437,-2031.36516
DOM_16_126,-1,FMP_DOM,SKIN,0,1,1,0,0.333,1.0,5.0,-63.1,-309.0,338,102,-285.0,0.0,60762,6475181.4,1858339.3,3,7,-455.96686942448974,-0.000437,-2031.36516
DOM_16_127,-1,FMP_DOM,SKIN,0,1,1,0,0.333,1.0,5.0,20.4,-226.0,339,100,-202.0,0.0,60940,6474412.7,1857527.4,1,6,-455.96686942448974,-0.000437,-2031.36516
DOM_16_128,-1,FMP_DOM,SKIN,0,1,1,0,0.333,1.0,5.0,160.0,-220.0,322,74,-182.0,0.0,57854,6459289.5,1861068.5,1,7,-455.96686942448974,-0.000437,-2031.36516
DOM_16_129,-1,FMP_DOM,SKIN,0,1,1,0,0.333,1.0,5.0,76.5,-308.0,327,67,-269.0,0.0,58747,6456855.6,1857522.2,3,8,-455.96686942448974,-0.000437,-2031.36516
DOM_16_130,-1,FMP_DOM,SKIN,0,1,1,0,0.333,1.0,5.0,81.3,-299.0,331,72,-261.0,0.0,59472,6459888.9,1856497.9,2,8,-455.96686942448974,-0.000437,-2031.36516
DOM_16_131,-1,FMP_DOM,SKIN,0,1,1,0,0.333,1.0,5.0,-8.44,-122.0,354,70,-110.0,0.0,63610,6462882.5,1845349.4,2,5,-455.96686942448974,-0.000437,-2031.36516
DOM_16_132,-1,FMP_DOM,SKIN,0,1,1,0,0.333,1.0,5.0,-13.2,-154.0,354,71,-140.0,0.0,63611,6463352.3,1845520.4,2,5,-455.96686942448974,-0.000437,-2031.36516
DOM_16_133,-1,FMP_DOM,SKIN,0,1,1,0,0.333,1.0,5.0,-18.9,-133.0,357,73,-121.0,0.0,64153,6464805.0,1844452.9,2,5,-455.96686942448974,-0.000437,-2031.36516
DOM_16_134,-1,FMP_DOM,SKIN,0,1,1,0,0.333,1.0,5.0,29.8,-272.0,340,64,-242.0,0.0,61084,6457669.2,1850901.2,2,7,-455.96686942448974,-0.000437,-2031.36516
DOM_16_135,-1,FMP_DOM,SKIN,0,1,1,0,0.333,1.0,5.0,-9.34,-311.0,348,64,-281.0,0.0,62524,6459037.3,1847142.4,3,7,-455.96686942448974,-0.000437,-2031.36516
DOM_16_136,-1,FMP_DOM,SKIN,0,1,1,0,0.333,1.0,5.0,-22.6,-151.0,346,80,-138.0,0.0,62180,6466212.8,1850818.3,3,5,-455.96686942448974,-0.000437,-2031.36516
DOM_16_137,-1,FMP_DOM,SKIN,0,1,1,0,0.333,1.0,5.0,41.3,-67.8,346,81,-56.9,0.0,62181,6466682.7,1850989.3,1,4,-455.96686942448974,-0.000437,-2031.36516
DOM_16_138,-1,FMP_DOM,SKIN,0,1,1,0,0.333,1.0,5.0,-40.2,-173.0,348,86,-160.0,0.0,62546,6469373.9,1850904.6,3,6,-455.96686942448974,-0.000437,-2031.36516
DOM_16_139,-1,FMP_DOM,SKIN,0,1,1,0,0.333,1.0,5.0,-24.1,-148.0,349,83,-136.0,0.0,62723,6468135.4,1849921.8,3,5,-455.96686942448974,-0.000437,-2031.36516
DOM_16_140,-1,FMP_DOM,SKIN,0,1,1,0,0.333,1.0,5.0,-28.6,-156.0,349,85,-143.0,0.0,62725,6469075.1,1850263.8,3,5,-455.96686942448974,-0.000437,-2031.36516
DOM_16_141,-1,FMP_DOM,SKIN,0,1,1,0,0.333,1.0,5.0,8.64,-111.0,349,86,-99.0,0.0,62726,6469544.9,1850434.8,2,5,-455.96686942448974,-0.000437,-2031.36516
DOM_16_142,-1,FMP_DOM,SKIN,0,1,1,0,0.333,1.0,5.0,42.4,-65.6,349,87,-54.8,0.0,62727,6470014.8,1850605.8,1,4,-430.744926529446,-0.000437,-1617.937155
DOM_16_143,-1,FMP_DOM,SKIN,0,1,1,0,0.333,1.0,5.0,-115.0,-264.0,349,88,-249.0,0.0,62728,6470484.6,1850776.8,5,7,-455.96686942448974,-0.000437,-2031.36516
DOM_16_144,-1,FMP_DOM,SKIN,0,1,1,0,0.333,1.0,5.0,-138.0,-290.0,350,84,-275.0,0.0,62904,6468776.3,1849622.9,5,7,-455.96686942448974,-0.000437,-2031.36516
DOM_16_145,-1,FMP_DOM,SKIN,0,1,1,0,0.333,1.0,5.0,-34.6,-162.0,350,85,-149.0,0.0,62905,6469246.1,1849793.9,3,5,-455.96686942448974,-0.000437,-2031.36516
DOM_16_146,-1,FMP_DOM,SKIN,0,1,1,0,0.333,1.0,5.0,-75.4,-214.0,350,86,-200.0,0.0,62906,6469716.0,1849964.9,4,6,-455.96686942448974,-0.000437,-2031.36516
DOM_16_147,-1,FMP_DOM,SKIN,0,1,1,0,0.333,1.0,5.0,-98.5,-249.0,351,79,-234.0,0.0,63079,6466598.0,1848298.0,4,7,-455.96686942448974,-0.000437,-2031.36516
DOM_16_148,-1,FMP_DOM,SKIN,0,1,1,0,0.333,1.0,5.0,0.94,-132.0,351,81,-119.0,0.0,63081,6467537.7,1848640.0,2,5,-455.96686942448974,-0.000437,-2031.36516
DOM_16_149,-1,FMP_DOM,SKIN,0,1,1,0,0.333,1.0,5.0,-66.1,-199.0,351,84,-186.0,0.0,63084,6468947.3,1849153.1,4,6,-455.96686942448974,-0.000437,-2031.36516
DOM_16_150,-1,FMP_DOM,SKIN,0,1,1,0,0.333,1.0,5.0,-25.2,-149.0,351,87,-136.0,0.0,63087,6470356.8,1849666.1,3,5,-455.96686942448974,-0.000437,-2031.36516
DOM_16_151,-1,FMP_DOM,SKIN,0,1,1,0,0.333,1.0,5.0,45.4,-67.6,352,79,-56.3,0.0,63259,6466769.1,1847828.2,1,4,-408.8408366839649,-0.000437,-1612.117655
DOM_16_152,-1,FMP_DOM,SKIN,0,1,1,0,0.333,1.0,5.0,-10.5,-147.0,352,81,-133.0,0.0,63261,6467708.7,1848170.2,2,5,-455.96686942448974,-0.000437,-2031.36516
DOM_16_153,-1,FMP_DOM,SKIN,0,1,1,0,0.333,1.0,5.0,-130.0,-282.0,352,82,-267.0,0.0,63262,6468178.6,1848341.2,5,7,-455.96686942448974,-0.000437,-2031.36516
DOM_16_154,-1,FMP_DOM,SKIN,0,1,1,0,0.333,1.0,5.0,-11.9,-132.0,353,77,-120.0,0.0,63437,6466000.4,1847016.3,2,5,-455.96686942448974,-0.000437,-2031.36516
DOM_16_155,-1,FMP_DOM,SKIN,0,1,1,0,0.333,1.0,5.0,31.2,-83.3,353,79,-71.8,0.0,63439,6466940.1,1847358.3,1,4,-443.8174896285714,-0.000437,-1617.937155
DOM_16_156,-1,FMP_DOM,SKIN,0,1,1,0,0.333,1.0,5.0,-89.4,-239.0,353,80,-224.0,0.0,63440,6467409.9,1847529.3,4,6,-455.96686942448974,-0.000437,-2031.36516
DOM_16_157,-1,FMP_DOM,SKIN,0,1,1,0,0.333,1.0,5.0,-46.1,-173.0,353,84,-160.0,0.0,63444,6469289.3,1848213.4,3,5,-455.96686942448974,-0.000437,-2031.36516
DOM_16_158,-1,FMP_DOM,SKIN,0,1,1,0,0.333,1.0,5.0,-146.0,-297.0,353,85,-282.0,0.0,63445,6469759.1,1848384.4,5,7,-455.96686942448974,-0.000437,-2031.36516
DOM_16_159,-1,FMP_DOM,SKIN,0,1,1,0,0.333,1.0,5.0,-111.0,-258.0,354,79,-243.0,0.0,63619,6467111.1,1846888.5,4,7,-455.96686942448974,-0.000437,-2031.36516
DOM_16_160,-1,FMP_DOM,SKIN,0,1,1,0,0.333,1.0,5.0,-13.5,-140.0,354,80,-127.0,0.0,63620,6467580.9,1847059.5,2,5,-455.96686942448974,-0.000437,-2031.36516
DOM_16_161,-1,FMP_DOM,SKIN,0,1,1,0,0.333,1.0,5.0,-86.5,-232.0,354,81,-217.0,0.0,63621,6468050.8,1847230.5,4,6,-455.96686942448974,-0.000437,-2031.36516
DOM_16_162,-1,FMP_DOM,SKIN,0,1,1,0,0.333,1.0,5.0,-36.6,-162.0,354,82,-149.0,0.0,63622,6468520.6,1847401.5,3,5,-455.96686942448974,-0.000437,-2031.36516
DOM_16_163,-1,FMP_DOM,SKIN,0,1,1,0,0.333,1.0,5.0,-130.0,-276.0,354,85,-261.0,0.0,63625,6469930.2,1847914.5,5,7,-455.96686942448974,-0.000437,-2031.36516
DOM_16_164,-1,FMP_DOM,SKIN,0,1,1,0,0.333,1.0,5.0,11.3,-100.0,354,86,-89.0,0.0,63626,6470400.0,1848085.6,1,4,-455.96686942448974,-0.000437,-2031.36516
DOM_16_165,-1,FMP_DOM,SKIN,0,1,1,0,0.333,1.0,5.0,-98.6,-239.0,355,78,-225.0,0.0,63798,6466812.2,1846247.6,4,6,-455.96686942448974,-0.000437,-2031.36516
DOM_16_166,-1,FMP_DOM,SKIN,0,1,1,0,0.333,1.0,5.0,-137.0,-289.0,355,82,-274.0,0.0,63802,6468691.6,1846931.7,5,7,-455.96686942448974,-0.000437,-2031.36516
DOM_16_167,-1,FMP_DOM,SKIN,0,1,1,0,0.333,1.0,5.0,-149.0,-299.0,355,84,-284.0,0.0,63804,6469631.3,1847273.7,5,7,-455.96686942448974,-0.000437,-2031.36516
DOM_16_168,-1,FMP_DOM,SKIN,0,1,1,0,0.333,1.0,5.0,8.65,-100.0,355,85,-89.2,0.0,63805,6470101.2,1847444.7,1,4,-455.96686942448974,-0.000437,-2031.36516
DOM_16_169,-1,FMP_DOM,SKIN,0,1,1,0,0.333,1.0,5.0,-115.0,-257.0,355,86,-243.0,0.0,63806,6470571.0,1847615.7,4,6,-455.96686942448974,-0.000437,-2031.36516
DOM_16_170,-1,FMP_DOM,SKIN,0,1,1,0,0.333,1.0,5.0,-83.5,-220.0,356,78,-207.0,0.0,63978,6466983.2,1845777.8,4,6,-455.96686942448974,-0.000437,-2031.36516
DOM_16_171,-1,FMP_DOM,SKIN,0,1,1,0,0.333,1.0,5.0,-89.4,-227.0,356,79,-213.0,0.0,63979,6467453.1,1845948.8,4,6,-455.96686942448974,-0.000437,-2031.36516
DOM_16_172,-1,FMP_DOM,SKIN,0,1,1,0,0.333,1.0,5.0,-60.9,-192.0,356,80,-179.0,0.0,63980,6467922.9,1846119.8,3,6,-455.96686942448974,-0.000437,-2031.36516
DOM_16_173,-1,FMP_DOM,SKIN,0,1,1,0,0.333,1.0,5.0,-4.87,-123.0,356,81,-111.0,0.0,63981,6468392.8,1846290.8,2,5,-455.96686942448974,-0.000437,-2031.36516
DOM_16_174,-1,FMP_DOM,SKIN,0,1,1,0,0.333,1.0,5.0,-37.2,-166.0,356,82,-153.0,0.0,63982,6468862.6,1846461.8,3,5,-455.96686942448974,-0.000437,-2031.36516
DOM_16_175,-1,FMP_DOM,SKIN,0,1,1,0,0.333,1.0,5.0,-151.0,-300.0,356,85,-285.0,0.0,63985,6470272.2,1846974.9,5,7,-455.96686942448974,-0.000437,-2031.36516
DOM_16_176,-1,FMP_DOM,SKIN,0,1,1,0,0.333,1.0,5.0,-15.9,-139.0,357,83,-126.0,0.0,64163,6469503.5,1846163.0,2,5,-455.96686942448974,-0.000437,-2031.36516
DOM_16_177,-1,FMP_DOM,SKIN,0,1,1,0,0.333,1.0,5.0,-106.0,-244.0,357,85,-230.0,0.0,64165,6470443.2,1846505.0,4,6,-455.96686942448974,-0.000437,-2031.36516
DOM_16_178,-1,FMP_DOM,SKIN,0,1,1,0,0.333,1.0,5.0,144.0,41.7,318,102,51.9,0.0,57162,6471761.2,1867736.2,1,1,-157.27676153846153,-0.014189,-695.75084
DOM_16_179,-1,FMP_DOM,SKIN,0,1,1,0,0.333,1.0,5.0,355.0,14.8,317,100,48.8,0.0,56980,6470650.5,1867864.0,1,2,-113.63530859375003,-0.007154,-695.75084
DOM_16_180,-1,FMP_DOM,SKIN,0,1,1,0,0.333,1.0,5.0,56.2,-320.0,329,63,-283.0,0.0,59103,6455318.3,1855898.5,3,8,-455.96686942448974,-0.000437,-2031.36516
DOM_16_181,-1,FMP_DOM,SKIN,0,1,1,0,0.333,1.0,5.0,65.2,-325.0,332,67,-286.0,0.0,59647,6457710.7,1855173.0,2,8,-455.96686942448974,-0.000437,-2031.36516
DOM_16_182,-1,FMP_DOM,SKIN,0,1,1,0,0.333,1.0,5.0,109.0,-260.0,333,60,-223.0,0.0,59820,6454592.8,1853506.1,1,7,-455.96686942448974,-0.000437,-2031.36516
DOM_16_183,-1,FMP_DOM,SKIN,0,1,1,0,0.333,1.0,5.0,91.7,-289.0,334,69,-251.0,0.0,60009,6458992.4,1854575.3,1,8,-455.96686942448974,-0.000437,-2031.36516
DOM_16_184,-1,FMP_DOM,SKIN,0,1,1,0,0.333,1.0,5.0,-121.0,-449.0,336,66,-416.0,0.0,60366,6457924.9,1853122.6,6,9,-455.96686942448974,-0.000437,-2031.36516
DOM_16_185,-1,FMP_DOM,SKIN,0,1,1,0,0.333,1.0,5.0,-57.0,-401.0,336,67,-366.0,0.0,60367,6458394.7,1853293.6,5,8,-455.96686942448974,-0.000437,-2031.36516
DOM_16_186,-1,FMP_DOM,SKIN,0,1,1,0,0.333,1.0,5.0,-23.2,-370.0,337,68,-336.0,0.0,60548,6459035.6,1852994.8,4,8,-455.96686942448974,-0.000437,-2031.36516
DOM_16_187,-1,FMP_DOM,SKIN,0,1,1,0,0.333,1.0,5.0,-42.8,-394.0,338,67,-359.0,0.0,60727,6458736.8,1852353.9,4,8,-455.96686942448974,-0.000437,-2031.36516
DOM_16_188,-1,FMP_DOM,SKIN,0,1,1,0,0.333,1.0,5.0,-76.8,-418.0,339,67,-384.0,0.0,60907,6458907.8,1851884.1,5,9,-455.96686942448974,-0.000437,-2031.36516
DOM_16_189,-1,FMP_DOM,SKIN,0,1,1,0,0.333,1.0,5.0,-90.5,-247.0,335,80,-231.0,0.0,60200,6464331.7,1855986.6,5,7,-455.96686942448974,-0.000437,-2031.36516
DOM_16_190,-1,FMP_DOM,SKIN,0,1,1,0,0.333,1.0,5.0,-138.0,-300.0,336,80,-284.0,0.0,60380,6464502.7,1855516.7,6,8,-455.96686942448974,-0.000437,-2031.36516
DOM_16_191,-1,FMP_DOM,SKIN,0,1,1,0,0.333,1.0,5.0,-137.0,-301.0,336,81,-284.0,0.0,60381,6464972.6,1855687.7,6,8,-455.96686942448974,-0.000437,-2031.36516
DOM_16_192,-1,FMP_DOM,SKIN,0,1,1,0,0.333,1.0,5.0,-146.0,-309.0,337,80,-293.0,0.0,60560,6464673.7,1855046.9,6,8,-455.96686942448974,-0.000437,-2031.36516
DOM_16_193,-1,FMP_DOM,SKIN,0,1,1,0,0.333,1.0,5.0,-153.0,-314.0,339,80,-298.0,0.0,60920,6465015.8,1854107.2,6,8,-455.96686942448974,-0.000437,-2031.36516
DOM_16_194,-1,FMP_DOM,SKIN,0,1,1,0,0.333,1.0,5.0,133.0,3.18,340,77,16.2,0.0,61097,6463777.2,1853124.3,1,3,-153.70526179562486,-0.000437,-856.797655
DOM_16_195,-1,FMP_DOM,SKIN,0,1,1,0,0.333,1.0,5.0,-187.0,-212.0,341,94,-209.0,0.0,61294,6471935.6,1855561.6,6,6,-455.96686942448974,-0.000437,-2031.36516
DOM_16_196,-1,FMP_DOM,SKIN,0,1,1,0,0.333,1.0,5.0,-168.0,-193.0,348,89,-190.0,0.0,62549,6470783.5,1851417.7,5,6,-455.96686942448974,-0.000437,-2031.36516
DOM_16_197,-1,FMP_DOM,SKIN,0,1,1,0,0.333,1.0,5.0,-184.0,-209.0,349,92,-207.0,0.0,62732,6472364.0,1851460.8,6,6,-455.96686942448974,-0.000437,-2031.36516
DOM_17_001,-1,FMP_DOM,SKIN,0,1,1,0,0.333,1.0,5.0,16.9,-215.0,372,120,-192.0,0.0,66900,6489453.0,1845442.7,2,7,-1276.4066885562313,-0.000663,-2097.0
DOM_17_002,-1,FMP_DOM,SKIN,0,1,1,0,0.333,1.0,5.0,71.1,-56.3,398,112,-43.6,0.0,71572,6490140.4,1831858.6,1,4,-1276.4066885562313,-0.000663,-2097.0
DOM_17_003,-1,FMP_DOM,SKIN,0,1,1,0,0.333,1.0,5.0,48.1,-196.0,360,121,-172.0,0.0,64741,6487870.7,1851251.8,2,6,-1276.4066885562313,-0.000663,-2097.0
DOM_17_004,-1,FMP_DOM,SKIN,0,1,1,0,0.333,1.0,5.0,90.5,-125.0,361,118,-103.0,0.0,64918,6486632.1,1850269.0,1,5,-1263.2545318693014,-0.000663,-2097.0
DOM_17_005,-1,FMP_DOM,SKIN,0,1,1,0,0.333,1.0,5.0,137.0,-178.0,364,119,-147.0,0.0,65459,6487615.0,1849030.4,1,6,-1276.4066885562313,-0.000663,-2097.0
DOM_17_006,-1,FMP_DOM,SKIN,0,1,1,0,0.333,1.0,5.0,309.0,66.2,365,120,90.5,0.0,65640,6488255.9,1848731.6,1,1,-155.86007033333337,-0.000663,-1432.420035
DOM_17_007,-1,FMP_DOM,SKIN,0,1,1,0,0.333,1.0,5.0,17.0,-201.0,367,117,-179.0,0.0,65997,6487188.4,1847278.9,2,6,-1276.4066885562313,-0.000663,-2097.0
DOM_17_008,-1,FMP_DOM,SKIN,0,1,1,0,0.333,1.0,5.0,2.69,-252.0,367,118,-226.0,0.0,65998,6487658.2,1847449.9,2,7,-1276.4066885562313,-0.000663,-2097.0
DOM_17_009,-1,FMP_DOM,SKIN,0,1,1,0,0.333,1.0,5.0,34.8,-218.0,367,119,-192.0,0.0,65999,6488128.1,1847620.9,2,7,-1276.4066885562313,-0.000663,-2097.0
DOM_17_010,-1,FMP_DOM,SKIN,0,1,1,0,0.333,1.0,5.0,-24.5,-282.0,368,118,-256.0,0.0,66178,6487829.2,1846980.0,3,7,-1276.4066885562313,-0.000663,-2097.0
DOM_17_011,-1,FMP_DOM,SKIN,0,1,1,0,0.333,1.0,5.0,5.9,-240.0,368,119,-216.0,0.0,66179,6488299.1,1847151.0,3,7,-1276.4066885562313,-0.000663,-2097.0
DOM_17_012,-1,FMP_DOM,SKIN,0,1,1,0,0.333,1.0,5.0,82.0,-183.0,376,127,-156.0,0.0,67627,6493425.9,1844760.3,1,6,-1276.4066885562313,-0.000663,-2097.0
DOM_17_013,-1,FMP_DOM,SKIN,0,1,1,0,0.333,1.0,5.0,70.6,-228.0,393,125,-198.0,0.0,70685,6495393.4,1836430.9,3,7,-1276.4066885562313,-0.000663,-2097.0
DOM_17_014,-1,FMP_DOM,SKIN,0,1,1,0,0.333,1.0,5.0,6.34,-317.0,387,131,-284.0,0.0,69611,6497186.4,1840276.1,4,8,-1276.4066885562313,-0.000663,-2097.0
DOM_17_015,-1,FMP_DOM,SKIN,0,1,1,0,0.333,1.0,5.0,160.0,-62.8,389,133,-40.5,0.0,69973,6498468.1,1839678.4,1,5,-1276.4066885562313,-0.000663,-2097.0
DOM_17_016,-1,FMP_DOM,SKIN,0,1,1,0,0.333,1.0,5.0,-43.3,-352.0,395,116,-321.0,0.0,71036,6491506.8,1833952.2,4,8,-1276.4066885562313,-0.000663,-2097.0
DOM_17_017,-1,FMP_DOM,SKIN,0,1,1,0,0.333,1.0,5.0,62.0,-151.0,358,117,-129.0,0.0,64377,6485649.3,1851507.5,1,5,-1276.4066885562313,-0.000663,-2097.0
DOM_18_001,-1,FMP_DOM,SKIN,0,1,1,0,0.333,1.0,5.0,-18.6,-347.0,368,84,-314.0,0.0,66144,6471854.4,1841165.7,1,7,-8139.501712123248,-0.129058,-22111.0
DOM_18_002,-1,FMP_DOM,SKIN,0,1,1,0,0.333,1.0,5.0,-20.2,-216.0,369,84,-197.0,0.0,66324,6472025.5,1840695.8,1,6,-8139.501712123248,-0.129058,-22111.0
DOM_18_003,-1,FMP_DOM,SKIN,0,1,1,0,0.333,1.0,5.0,61.9,-7.41,404,110,-0.474,0.0,72650,6490226.8,1828697.5,1,3,-1282.3179815490196,-0.129058,-2902.81432
DOM_18_004,-1,FMP_DOM,SKIN,0,1,1,0,0.333,1.0,5.0,-48.4,-258.0,364,80,-237.0,0.0,65420,6469291.0,1842361.0,2,6,-6687.317418173671,-0.129058,-16186.758335
DOM_18_005,-1,FMP_DOM,SKIN,0,1,1,0,0.333,1.0,5.0,-17.9,-121.0,367,78,-111.0,0.0,65958,6468864.4,1840609.5,1,4,-1503.6169241120444,-0.129058,-2872.73019
DOM_18_006,-1,FMP_DOM,SKIN,0,1,1,0,0.333,1.0,5.0,-175.0,-210.0,370,84,-207.0,0.0,66504,6472196.5,1840226.0,5,6,-4165.387167585438,-0.129058,-9213.53021
CALMUNI_01,-1,MUNI,SKIN,0,0,1,0,0.667,1.0,1000.0,237.0,87.0,72,37,,,12817,6399152.7,1972202.7,2,6,-5812.662710843375,-245.9,-11616.0
CALMUNI_02,-1,MUNI,SKIN,0,0,1,0,0.667,1.0,1000.0,237.0,87.0,72,37,,,12817,6399152.7,1972202.7,2,6,-5812.662710843375,-245.9,-11616.0
STH_PARK__,-1,MUNI,THIEM,0,0,0,0,0.667,64.0,-62.0,,,139,81,,,24921,6431283.6,1948247.5,5,7,,,
STH_STONE1,-1,MUNI,THIEM,0,0,0,0,0.667,140.0,-200.0,,,140,82,,,25102,6431924.5,1947948.6,3,8,-21295.56403612566,-6.9068,-61694.0
STH_STONE2,-1,MUNI,THIEM,0,0,0,0,0.667,75.0,-450.0,,,140,82,,,25102,6431924.5,1947948.6,4,10,-21295.56403612566,-6.9068,-61694.0
CA2800024_1,-1,PWS,SKIN,0,1,1,0,0.667,1.0,10.0,162.0,-38.2,119,67,-18.2,0.0,21307,6421285.6,1955250.2,3,7,-649.8714579055433,-139.0,-1754.0
CA2800025_1,-1,PWS,SKIN,0,1,1,0,0.667,1.0,10.0,94.8,-105.0,164,102,-85.2,0.0,29442,6445425.6,1940092.5,3,7,-162.54254700854668,-1.596,-3646.0
CA2800026_1,-1,PWS,SKIN,0,1,1,0,0.667,1.0,10.0,150.0,-49.7,118,64,-29.7,0.0,21124,6419705.0,1955207.1,4,7,-466.86755646817204,-118.3,-1420.0
CA2800027_1,-1,PWS,SKIN,0,1,1,0,0.667,1.0,10.0,-50.9,-251.0,298,123,-231.0,0.0,53583,6478207.7,1880724.3,3,7,-574.6427104722799,-172.9,-2587.0
CA2800030_1,-1,PWS,SKIN,0,1,1,0,0.667,1.0,10.0,150.0,-49.7,118,64,-29.7,0.0,21124,6419705.0,1955207.1,4,7,-352.257002053388,-43.17,-1079.0
CA2800032_1,-1,PWS,SKIN,0,1,1,0,0.667,1.0,10.0,257.0,56.8,68,40,76.8,0.0,12100,6399878.2,1974595.1,3,6,-381.25037371663177,-0.85,-2958.0
CA2800035_1,-1,PWS,SKIN,0,1,1,0,0.667,1.0,10.0,99.7,-100.0,148,90,-80.3,0.0,26550,6437051.3,1945557.9,4,7,-561.9814403292177,-46.04,-1298.0
CA2800129_1,-1,PWS,SKIN,0,1,1,0,0.667,1.0,10.0,216.0,16.1,82,45,36.1,0.0,14625,6404621.6,1968872.3,3,7,-970.9100616016415,-407.5,-2353.0
CA2800129_2,-1,PWS,SKIN,0,1,1,0,0.667,1.0,10.0,210.0,9.94,83,49,29.9,0.0,14809,6406672.0,1969086.5,3,7,-970.9100616016415,-407.5,-2353.0
CA2800299_1,-1,PWS,SKIN,0,1,1,0,0.667,1.0,10.0,78.6,-121.0,207,87,-101.0,0.0,37167,6445731.4,1917324.0,3,7,-401.3773747412009,-2.156,-2972.0
CA2800299_2,-1,PWS,SKIN,0,1,1,0,0.667,1.0,10.0,65.9,-134.0,207,88,-114.0,0.0,37168,6446201.2,1917495.0,3,7,-401.3773747412009,-2.156,-2972.0
CA2800301_1,-1,PWS,SKIN,0,1,1,0,0.667,1.0,10.0,16.7,-183.0,271,105,-163.0,0.0,48705,6465133.2,1890332.0,4,7,-1053.7075975359335,-210.2,-4625.0
CA2800302_1,-1,PWS,SKIN,0,1,1,0,0.667,1.0,10.0,5.67,-194.0,241,121,-174.0,0.0,43321,6467520.5,1907163.5,3,7,-41.51838486140731,-0.6325,-167.7
CA2800302_2,-1,PWS,SKIN,0,1,1,0,0.667,1.0,10.0,-3.14,-203.0,241,122,-183.0,0.0,43322,6467990.3,1907334.6,3,7,-41.51838486140731,-0.6325,-167.7
CA2800302_3,-1,PWS,SKIN,0,1,1,0,0.667,1.0,10.0,100.0,-99.9,239,121,-79.9,0.0,42961,6467178.5,1908103.2,1,5,-41.51838486140731,-0.6325,-167.7
CA2800508_1,-1,PWS,SKIN,0,1,1,0,0.667,1.0,10.0,-89.0,-289.0,327,118,-269.0,0.0,58798,6480817.8,1866243.7,4,7,-387.3302469135803,-154.4,-739.1
CA2800516_1,-1,PWS,SKIN,0,1,1,0,0.667,1.0,10.0,16.7,-183.0,271,105,-163.0,0.0,48705,6465133.2,1890332.0,4,7,-1357.933127572016,-292.0,-2957.0
CA2800530_1,-1,PWS,SKIN,0,1,1,0,0.667,1.0,10.0,-97.0,-297.0,381,77,-277.0,0.0,68477,6470788.7,1833860.6,3,7,-2205.5770020533882,-1419.0,-3406.0
CA2800532_1,-1,PWS,SKIN,0,1,1,0,0.667,1.0,10.0,142.0,-58.1,121,69,-38.1,0.0,21669,6422567.3,1954652.6,3,7,-5001.249588477367,-472.2,-18600.0
CA2800536_1,-1,PWS,SKIN,0,1,1,0,0.667,1.0,10.0,65.0,-135.0,175,84,-115.0,0.0,31404,6438849.5,1931846.0,3,7,-2063.3074074074075,-170.3,-14080.0
CA2800538_1,-1,PWS,SKIN,0,1,1,0,0.667,1.0,10.0,38.5,-162.0,337,81,-142.0,0.0,60561,6465143.6,1855217.9,2,6,-1678.1794661190968,-562.4,-2342.0
CA2800538_2,-1,PWS,SKIN,0,1,1,0,0.667,1.0,10.0,38.5,-162.0,337,81,-142.0,0.0,60561,6465143.6,1855217.9,2,6,-1678.1794661190968,-562.4,-2342.0
CA2800548_1,-1,PWS,SKIN,0,1,1,0,0.667,1.0,10.0,-74.2,-274.0,328,124,-254.0,0.0,58984,6483807.9,1866799.9,4,7,-4925.009445585217,-351.7,-10560.0
CA2800548_2,-1,PWS,SKIN,0,1,1,0,0.667,1.0,10.0,-66.9,-267.0,327,124,-247.0,0.0,58804,6483636.9,1867269.8,3,7,-4925.009445585217,-351.7,-10560.0
CA2800555_1,-1,PWS,SKIN,0,1,1,0,0.667,1.0,10.0,226.0,25.6,82,40,45.6,0.0,14620,6402272.3,1968017.3,3,7,-259.1236831275718,-18.8,-2714.0
CA2800556_1,-1,PWS,SKIN,0,1,1,0,0.667,1.0,10.0,53.5,-147.0,200,91,-127.0,0.0,35911,6446413.7,1921296.9,3,7,-57.47174380165289,-5.904,-188.9
CA2800556_2,-1,PWS,SKIN,0,1,1,0,0.667,1.0,10.0,49.3,-151.0,199,91,-131.0,0.0,35731,6446242.7,1921766.8,3,7,-57.47174380165289,-5.904,-188.9
CA2800561_1,-1,PWS,SKIN,0,1,1,0,0.667,1.0,10.0,53.5,-147.0,200,91,-127.0,0.0,35911,6446413.7,1921296.9,3,7,-191.0064746391749,-0.4902,-644.9
CA2800561_2,-1,PWS,SKIN,0,1,1,0,0.667,1.0,10.0,206.0,6.19,121,62,26.2,0.0,21662,6419278.3,1953455.5,2,6,-191.0064746391749,-0.4902,-644.9
CA2800562_1,-1,PWS,SKIN,0,1,1,0,0.667,1.0,10.0,51.0,-149.0,203,91,-129.0,0.0,36451,6446926.7,1919887.4,3,7,-2490.43012371134,-37.95,-10550.0
CA2800564_1,-1,PWS,SKIN,0,1,1,0,0.667,1.0,10.0,-36.4,-236.0,277,133,-216.0,0.0,49813,6479315.0,1892301.2,3,7,-122.20275154004109,-72.69,-187.9
CA2800575_1,-1,PWS,SKIN,0,1,1,0,0.667,1.0,10.0,-36.4,-236.0,277,133,-216.0,0.0,49813,6479315.0,1892301.2,3,7,-1818.2616016427105,-502.2,-2816.0
CA2800579_1,-1,PWS,SKIN,0,1,1,0,0.667,1.0,10.0,56.7,-143.0,178,102,-123.0,0.0,31962,6447819.8,1933514.7,4,7,,,
CA2800580_1,-1,PWS,SKIN,0,1,1,0,0.667,1.0,10.0,-91.0,-291.0,349,111,-271.0,0.0,62751,6481291.1,1854710.0,3,7,-1155.2099589322386,-73.35,-3401.0
CA2800580_2,-1,PWS,SKIN,0,1,1,0,0.667,1.0,10.0,-78.9,-279.0,350,115,-259.0,0.0,62935,6483341.5,1854924.2,3,7,-1155.2099589322386,-73.35,-3401.0
CA2800583_1,-1,PWS,SKIN,0,1,1,0,0.667,1.0,10.0,6.13,-194.0,308,145,-174.0,0.0,55405,6490254.5,1879788.1,3,6,-3.0466071428571384,-0.4312,-51.75
CA2800587_1,-1,PWS,SKIN,0,1,1,0,0.667,1.0,10.0,302.0,102.0,52,25,122.0,0.0,9205,6390094.3,1979547.5,3,7,-443.50574948665314,-220.8,-687.9
CA2800588_1,-1,PWS,SKIN,0,1,1,0,0.667,1.0,10.0,32.9,-167.0,310,149,-147.0,0.0,55769,6492475.9,1879532.4,2,6,-243.8656842105262,-150.9,-538.3
CA2800589_1,-1,PWS,SKIN,0,1,1,0,0.667,1.0,10.0,80.4,-120.0,166,83,-99.6,0.0,29783,6436840.6,1935903.6,4,7,-452.00061601642767,-120.3,-1602.0
CA2800592_1,-1,PWS,SKIN,0,1,1,0,0.667,1.0,10.0,32.9,-167.0,310,149,-147.0,0.0,55769,6492475.9,1879532.4,2,6,-213.61425790554398,-0.1229,-1059.0
CA2800609_1,-1,PWS,SKIN,0,1,1,0,0.667,1.0,10.0,106.0,-93.9,149,93,-73.9,0.0,26733,6438631.9,1945601.1,4,7,-892.6965092402453,-210.0,-1978.0
CA2800609_2,-1,PWS,SKIN,0,1,1,0,0.667,1.0,10.0,124.0,-76.1,146,93,-56.1,0.0,26193,6438118.8,1947010.7,3,7,-892.6965092402453,-210.0,-1978.0
CA2800648_1,-1,PWS,SKIN,0,1,1,0,0.667,1.0,10.0,-10.4,-210.0,278,111,-190.0,0.0,49971,6469149.4,1888069.1,4,7,-639.1526078028747,-49.72,-4110.0
CA2800683_1,-1,PWS,SKIN,0,1,1,0,0.667,1.0,10.0,33.0,-167.0,301,149,-147.0,0.0,54149,6490936.8,1883761.0,2,6,-1206.8320328542081,-129.4,-2228.0
CA2800717_1,-1,PWS,SKIN,0,1,1,0,0.667,1.0,10.0,-88.8,-289.0,354,110,-269.0,0.0,63650,6481676.3,1852189.8,4,7,-4997.3429158110885,-1078.0,-8952.0
CA2800717_2,-1,PWS,SKIN,0,1,1,0,0.667,1.0,10.0,-94.8,-295.0,348,109,-275.0,0.0,62569,6480180.4,1854837.9,3,7,-4997.3429158110885,-1078.0,-8952.0
CA2800724_1,-1,PWS,SKIN,0,1,1,0,0.667,1.0,10.0,124.0,-76.1,146,93,-56.1,0.0,26193,6438118.8,1947010.7,3,7,-1034.9706447638605,-9.644,-3558.0
CA2800736_1,-1,PWS,SKIN,0,1,1,0,0.667,1.0,10.0,-0.439,-200.0,236,103,-180.0,0.0,42403,6458208.2,1906434.6,4,7,-6937.125872689938,-206.4,-20180.0
CA2800742_1,-1,PWS,SKIN,0,1,1,0,0.667,1.0,10.0,270.0,70.3,63,32,90.3,0.0,11192,6395264.4,1975576.3,3,7,-567.6378600823051,-176.2,-2628.0
CA2800742_2,-1,PWS,SKIN,0,1,1,0,0.667,1.0,10.0,271.0,71.2,63,33,91.2,0.0,11193,6395734.2,1975747.3,3,7,-567.6378600823051,-176.2,-2628.0
CA2800811_1,-1,PWS,SKIN,0,1,1,0,0.667,1.0,10.0,29.1,-171.0,351,68,-151.0,0.0,63068,6461429.7,1846416.9,1,6,-71.45761363636365,-6.181,-847.4
CA2800811_2,-1,PWS,SKIN,0,1,1,0,0.667,1.0,10.0,270.0,70.3,63,32,90.3,0.0,11192,6395264.4,1975576.3,3,7,-71.45761363636365,-6.181,-847.4
CA2800811_3,-1,PWS,SKIN,0,1,1,0,0.667,1.0,10.0,271.0,71.2,63,33,91.2,0.0,11193,6395734.2,1975747.3,3,7,-71.45761363636365,-6.181,-847.4
CA2800847_1,-1,PWS,SKIN,0,1,1,0,0.667,1.0,10.0,-33.3,-233.0,348,87,-213.0,0.0,62547,6469843.8,1851075.6,3,6,-79.66554620123213,-2.156,-156.5
CA2800848_1,-1,PWS,SKIN,0,1,1,0,0.667,1.0,10.0,17.1,-183.0,327,140,-163.0,0.0,58820,6491154.4,1870005.9,2,6,-85.16673141683772,-0.4312,-310.3
CA2800970_1,-1,PWS,SKIN,0,1,1,0,0.667,1.0,10.0,-33.3,-233.0,348,87,-213.0,0.0,62547,6469843.8,1851075.6,3,6,-734.4699794661184,-17.11,-1925.0
CA2801002_1,-1,PWS,SKIN,0,1,1,0,0.667,1.0,10.0,-43.7,-244.0,349,89,-224.0,0.0,62729,6470954.5,1850947.8,3,6,-447.2530452674893,-47.05,-1469.0
CA2801004_1,-1,PWS,SKIN,0,1,1,0,0.667,1.0,10.0,365.0,165.0,43,26,185.0,0.0,7586,6389025.1,1983947.2,3,6,-2617.580287474332,-79.8,-6831.0
CA2801006_1,-1,PWS,SKIN,0,1,1,0,0.667,1.0,10.0,-43.7,-244.0,349,89,-224.0,0.0,62729,6470954.5,1850947.8,3,6,-437.6626283367552,-124.6,-1668.0
CA2801007_1,-1,PWS,SKIN,0,1,1,0,0.667,1.0,10.0,272.0,71.6,80,46,91.6,0.0,14266,6404749.4,1969983.0,2,6,-424.5886652977408,-76.18,-1576.0
CA2801008_1,-1,PWS,SKIN,0,1,1,0,0.667,1.0,10.0,365.0,165.0,43,26,185.0,0.0,7586,6389025.1,1983947.2,3,6,-2895.7114989733054,-339.0,-8553.0
CA2801009_1,-1,PWS,SKIN,0,1,1,0,0.667,1.0,10.0,78.1,-122.0,166,102,-102.0,0.0,29802,6445767.6,1939152.8,4,7,-449.46421355236185,-7.762,-1236.0
CA2801010_1,-1,PWS,SKIN,0,1,1,0,0.667,1.0,10.0,61.6,-138.0,215,94,-118.0,0.0,38614,6450388.4,1914762.3,3,7,-197.46024640657117,-19.36,-739.3
CA2801011_1,-1,PWS,SKIN,0,1,1,0,0.667,1.0,10.0,25.6,-174.0,332,68,-154.0,0.0,59648,6458180.5,1855344.0,3,7,-1188.8496919917864,-162.8,-3358.0
CA2801012_1,-1,PWS,SKIN,0,1,1,0,0.667,1.0,10.0,58.1,-142.0,172,85,-122.0,0.0,30865,6438806.3,1933426.6,4,7,-948.5234702258746,-90.23,-2863.0
CA2801014_1,-1,PWS,SKIN,0,1,1,0,0.667,1.0,10.0,43.0,-157.0,197,91,-137.0,0.0,35371,6445900.6,1922706.5,3,7,-60.54646817248463,-21.56,-133.7
CA2801014_2,-1,PWS,SKIN,0,1,1,0,0.667,1.0,10.0,93.9,-106.0,194,116,-86.1,0.0,34856,6457133.8,1928391.3,2,6,-60.54646817248463,-21.56,-133.7
CA2801015_1,-1,PWS,SKIN,0,1,1,0,0.667,1.0,10.0,191.0,-9.26,93,58,10.7,0.0,16618,6412610.7,1965927.2,3,7,-592.4836550308014,-36.64,-1986.0
CA2801020_1,-1,PWS,SKIN,0,1,1,0,0.667,1.0,10.0,-56.5,-257.0,306,117,-237.0,0.0,55017,6476756.7,1875939.5,4,7,-188.54289527720726,-12.88,-409.6
CA2801022_1,-1,PWS,SKIN,0,1,1,0,0.667,1.0,10.0,105.0,-95.1,159,79,-75.1,0.0,28519,6433764.1,1938508.5,4,7,-174.31817226890698,-4.774,-902.0
CA2801024_1,-1,PWS,SKIN,0,1,1,0,0.667,1.0,10.0,62.9,-137.0,176,106,-117.0,0.0,31606,6449357.1,1935138.4,4,7,-1187.3135390946504,-15.09,-4782.0
CA2801026_1,-1,PWS,SKIN,0,1,1,0,0.667,1.0,10.0,48.6,-151.0,197,90,-131.0,0.0,35370,6445430.8,1922535.5,3,7,-995.4841237113404,-170.7,-4020.0
CA2801026_2,-1,PWS,SKIN,0,1,1,0,0.667,1.0,10.0,43.0,-157.0,197,91,-137.0,0.0,35371,6445900.6,1922706.5,3,7,-995.4841237113404,-170.7,-4020.0
CA2801027_1,-1,PWS,SKIN,0,1,1,0,0.667,1.0,10.0,42.3,-158.0,188,92,-138.0,0.0,33752,6444831.4,1927106.1,4,7,-525.7000000000004,-212.5,-6682.0
CA2801028_1,-1,PWS,SKIN,0,1,1,0,0.667,1.0,10.0,48.6,-151.0,197,90,-131.0,0.0,35370,6445430.8,1922535.5,3,7,-2477.3254620123203,-541.6,-7562.0
CA2801029_1,-1,PWS,SKIN,0,1,1,0,0.667,1.0,10.0,31.5,-169.0,235,122,-149.0,0.0,42242,6466964.3,1910153.6,3,6,-357.5547433264884,-42.35,-1801.0
CA2801029_2,-1,PWS,SKIN,0,1,1,0,0.667,1.0,10.0,31.5,-169.0,235,122,-149.0,0.0,42242,6466964.3,1910153.6,3,6,-357.5547433264884,-42.35,-1801.0
CA2801029_3,-1,PWS,SKIN,0,1,1,0,0.667,1.0,10.0,31.5,-169.0,235,122,-149.0,0.0,42242,6466964.3,1910153.6,3,6,-357.5547433264884,-42.35,-1801.0
CA2801029_4,-1,PWS,SKIN,0,1,1,0,0.667,1.0,10.0,61.6,-138.0,215,94,-118.0,0.0,38614,6450388.4,1914762.3,3,7,-357.5547433264884,-42.35,-1801.0
CA2801031_1,-1,PWS,SKIN,0,1,1,0,0.667,1.0,10.0,81.0,-119.0,163,86,-99.1,0.0,29246,6437737.1,1937826.2,4,7,-2724.2893223819306,-710.8,-5846.0
CA2801035_1,-1,PWS,SKIN,0,1,1,0,0.667,1.0,10.0,94.8,-105.0,164,102,-85.2,0.0,29442,6445425.6,1940092.5,3,7,-546.7232032854207,-113.4,-1587.0
CA2801035_2,-1,PWS,SKIN,0,1,1,0,0.667,1.0,10.0,107.0,-93.2,164,103,-73.2,0.0,29443,6445895.5,1940263.5,3,6,-546.7232032854207,-113.4,-1587.0
CA2801036_1,-1,PWS,SKIN,0,1,1,0,0.667,1.0,10.0,223.0,23.3,126,63,43.3,0.0,22563,6420603.2,1951277.3,1,6,-2890.022792607804,-173.3,-11470.0
CA2801037_1,-1,PWS,SKIN,0,1,1,0,0.667,1.0,10.0,42.3,-158.0,188,92,-138.0,0.0,33752,6444831.4,1927106.1,4,7,-1178.4246413502105,-15.09,-6593.0
CA2801039_1,-1,PWS,SKIN,0,1,1,0,0.667,1.0,10.0,78.1,-122.0,166,102,-102.0,0.0,29802,6445767.6,1939152.8,4,7,-1042.8423408624258,-29.69,-9695.0
CA2801041_1,-1,PWS,SKIN,0,1,1,0,0.667,1.0,10.0,-17.8,-218.0,234,115,-198.0,0.0,42055,6463504.3,1909426.4,4,7,-1022.3555030800829,-45.93,-3520.0
CA2801043_1,-1,PWS,SKIN,0,1,1,0,0.667,1.0,10.0,44.4,-156.0,339,132,-136.0,0.0,60972,6489447.8,1862999.7,1,6,-109.48950718685813,-17.25,-654.8
CA2801043_2,-1,PWS,SKIN,0,1,1,0,0.667,1.0,10.0,35.7,-164.0,338,134,-144.0,0.0,60794,6490216.5,1863811.6,1,6,-109.48950718685813,-17.25,-654.8
CA2801045_1,-1,PWS,SKIN,0,1,1,0,0.667,1.0,10.0,223.0,23.3,126,63,43.3,0.0,22563,6420603.2,1951277.3,1,6,-262.3176842105255,-117.3,-659.2
CA2801046_1,-1,PWS,SKIN,0,1,1,0,0.667,1.0,10.0,52.4,-148.0,186,89,-128.0,0.0,33389,6443079.8,1927532.8,4,7,-1626.4562422997944,-54.43,-13940.0
CA2801049_1,-1,PWS,SKIN,0,1,1,0,0.667,1.0,10.0,77.0,-123.0,160,90,-103.0,0.0,28710,6439103.4,1939919.8,4,7,-3037.574127310061,-469.5,-13050.0
CA2801049_2,-1,PWS,SKIN,0,1,1,0,0.667,1.0,10.0,79.6,-120.0,158,90,-100.0,0.0,28350,6438761.4,1940859.5,4,7,-3037.574127310061,-469.5,-13050.0
CA2801052_1,-1,PWS,SKIN,0,1,1,0,0.667,1.0,10.0,158.0,-41.6,208,82,-21.6,0.0,37342,6443553.1,1915999.1,2,6,-479.21006160164313,-39.67,-6091.0
CA2801055_1,-1,PWS,SKIN,0,1,1,0,0.667,1.0,10.0,79.6,-120.0,158,90,-100.0,0.0,28350,6438761.4,1940859.5,4,7,-611.4347022587265,-132.0,-1667.0
CA2801056_1,-1,PWS,SKIN,0,1,1,0,0.667,1.0,10.0,85.2,-115.0,176,108,-94.9,0.0,31608,6450296.8,1935480.4,3,6,-337.04644763860347,-61.72,-1504.0
CA2801070_1,-1,PWS,SKIN,0,1,1,0,0.667,1.0,10.0,153.0,-46.9,132,70,-26.9,0.0,23650,6424918.2,1949655.3,3,7,-3867.2930184804927,-416.2,-23790.0
CA2801070_2,-1,PWS,SKIN,0,1,1,0,0.667,1.0,10.0,147.0,-52.7,131,70,-32.7,0.0,23470,6424747.2,1950125.1,3,7,-3867.2930184804927,-416.2,-23790.0
CA2801073_1,-1,PWS,SKIN,0,1,1,0,0.667,1.0,10.0,-31.6,-232.0,333,128,-212.0,0.0,59888,6486542.3,1865134.8,3,6,-152.76687242798388,-39.05,-448.9
CA2801073_2,-1,PWS,SKIN,0,1,1,0,0.667,1.0,10.0,59.4,-141.0,173,84,-121.0,0.0,31044,6438507.5,1932785.7,4,7,-152.76687242798388,-39.05,-448.9
CA2801073_3,-1,PWS,SKIN,0,1,1,0,0.667,1.0,10.0,85.2,-115.0,176,108,-94.9,0.0,31608,6450296.8,1935480.4,3,6,-152.76687242798388,-39.05,-448.9
CA2801075_1,-1,PWS,SKIN,0,1,1,0,0.667,1.0,10.0,42.2,-158.0,192,89,-138.0,0.0,34469,6444105.9,1924713.7,4,7,-371.55244353182735,-74.85,-2498.0
CA2801075_2,-1,PWS,SKIN,0,1,1,0,0.667,1.0,10.0,38.9,-161.0,190,92,-141.0,0.0,34112,6445173.4,1926166.4,4,7,-371.55244353182735,-74.85,-2498.0
CA2801075_3,-1,PWS,SKIN,0,1,1,0,0.667,1.0,10.0,147.0,-52.7,131,70,-32.7,0.0,23470,6424747.2,1950125.1,3,7,-371.55244353182735,-74.85,-2498.0
CA2801076_1,-1,PWS,SKIN,0,1,1,0,0.667,1.0,10.0,56.7,-143.0,178,102,-123.0,0.0,31962,6447819.8,1933514.7,4,7,-816.4725462012332,-49.19,-2128.0
CA2801076_2,-1,PWS,SKIN,0,1,1,0,0.667,1.0,10.0,56.7,-143.0,178,102,-123.0,0.0,31962,6447819.8,1933514.7,4,7,-816.4725462012332,-49.19,-2128.0
CA2801080_1,-1,PWS,SKIN,0,1,1,0,0.667,1.0,10.0,-96.3,-296.0,371,84,-276.0,0.0,66684,6472367.5,1839756.1,3,7,-340.57949790794873,-228.4,-611.5
CA2801088_1,-1,PWS,SKIN,0,1,1,0,0.667,1.0,10.0,107.0,-93.1,155,81,-73.1,0.0,27801,6434019.8,1940729.9,4,7,-1390.0568788501018,-258.7,-3904.0
CA2801089_1,-1,PWS,SKIN,0,1,1,0,0.667,1.0,10.0,66.1,-134.0,328,72,-114.0,0.0,58932,6459375.9,1857907.4,3,6,-456.6158316221766,-18.57,-1128.0
CA2802715_1,-1,PWS,SKIN,0,1,1,0,0.667,1.0,10.0,149.0,-51.0,122,64,-31.0,0.0,21844,6420389.0,1953327.7,3,7,-509.5145208333337,-85.56,-1615.0
CA2803697_1,-1,PWS,SKIN,0,1,1,0,0.667,1.0,10.0,107.0,-93.1,155,81,-73.1,0.0,27801,6434019.8,1940729.9,4,7,-66.83839219712513,-6.037,-254.0
CA2803879_1,-1,PWS,SKIN,0,1,1,0,0.667,1.0,10.0,66.1,-134.0,328,72,-114.0,0.0,58932,6459375.9,1857907.4,3,6,-220.02041067761823,-95.44,-427.2
CA2803886_1,-1,PWS,SKIN,0,1,1,0,0.667,1.0,10.0,65.6,-134.0,170,82,-114.0,0.0,30502,6437054.8,1933853.2,4,7,-27.238055030800812,-0.7753,-1013.0
CA2803911_1,-1,PWS,SKIN,0,1,1,0,0.667,1.0,10.0,65.6,-134.0,170,82,-114.0,0.0,30502,6437054.8,1933853.2,4,7,-182.5572484599592,-28.78,-717.1
WIN_001,-1,PWS,SKIN,0,1,1,0,0.667,1.0,10.0,197.0,-102.0,383,130,-72.2,0.0,68890,6496032.5,1841984.5,1,6,-3066.3326488706366,-1698.0,-4950.0
WIN_002,-1,PWS,SKIN,0,1,1,0,0.667,1.0,10.0,21.9,-172.0,358,76,-153.0,0.0,64336,6466385.6,1844496.1,1,5,-577.3289527720746,-319.7,-931.9
WIN_003,-1,PWS,SKIN,0,1,1,0,0.667,1.0,10.0,18.1,-176.0,356,78,-157.0,0.0,63978,6466983.2,1845777.8,1,5,-76.98480492813138,-42.63,-124.3
WIN_004,-1,PWS,SKIN,0,1,1,0,0.667,1.0,10.0,15.9,-178.0,354,77,-159.0,0.0,63617,6466171.4,1846546.5,1,6,-246.32813141683755,-136.4,-397.6
WIN_005,-1,PWS,SKIN,0,1,1,0,0.667,1.0,10.0,3.93,-190.0,355,88,-171.0,0.0,63808,6471510.7,1847957.7,1,6,-115.4652772073919,-63.95,-186.4
WIN_006,-1,PWS,SKIN,0,1,1,0,0.667,1.0,10.0,19.5,-416.0,353,89,-372.0,0.0,63449,6471638.5,1849068.4,1,8,-256.5936344969199,-142.1,-414.2
WIN_007,-1,PWS,SKIN,0,1,1,0,0.667,1.0,10.0,16.6,-225.0,360,110,-201.0,0.0,64730,6482702.4,1849370.7,1,6,-1539.573716632441,-852.7,-2485.0
WIN_008,-1,PWS,SKIN,0,1,1,0,0.667,1.0,10.0,63.9,-132.0,340,65,-113.0,0.0,61085,6458139.1,1851072.2,1,6,-872.3874743326518,-483.2,-1408.0
WIN_009,-1,PWS,SKIN,0,1,1,0,0.667,1.0,10.0,67.8,-367.0,343,85,-324.0,0.0,61645,6468049.0,1853082.9,1,8,-346.42402464065725,-191.8,-559.2
WIN_010,-1,PWS,SKIN,0,1,1,0,0.667,1.0,10.0,143.0,-292.0,338,74,-249.0,0.0,60734,6462025.7,1853551.0,1,8,-397.85195071868696,-220.3,-642.2
WIN_011,-1,PWS,SKIN,0,1,1,0,0.667,1.0,10.0,87.5,-348.0,340,84,-304.0,0.0,61104,6467066.2,1854321.4,1,8,-76.98480492813138,-42.63,-124.3
WIN_012,-1,PWS,SKIN,0,1,1,0,0.667,1.0,10.0,86.6,-348.0,336,78,-305.0,0.0,60378,6463563.0,1855174.7,1,8,-128.29874743326482,-71.05,-207.1
WIN_013,-1,PWS,SKIN,0,1,1,0,0.667,1.0,10.0,117.0,-166.0,331,80,-138.0,0.0,59480,6463647.7,1857866.0,1,6,-76.98480492813138,-42.63,-124.3
WIN_014,-1,PWS,SKIN,0,1,1,0,0.667,1.0,10.0,162.0,-121.0,326,78,-92.3,0.0,58578,6461852.9,1859873.2,1,6,-615.8359342915812,-341.1,-994.1
WIN_015,-1,PWS,SKIN,0,1,1,0,0.667,1.0,10.0,86.9,-246.0,334,134,-213.0,0.0,60074,6489532.4,1865691.0,1,7,-153.9573716632442,-85.27,-248.5
WIN_016,-1,PWS,SKIN,0,1,1,0,0.667,1.0,10.0,64.9,-268.0,328,137,-235.0,0.0,58997,6489915.9,1869023.1,1,7,-25.659363449691952,-14.21,-41.42
WIN_017,-1,PWS,SKIN,0,1,1,0,0.667,1.0,10.0,98.3,-235.0,329,142,-201.0,0.0,59182,6492436.1,1869408.3,1,7,-5.1319568788501195,-2.842,-8.284
WIN_018,-1,PWS,SKIN,0,1,1,0,0.667,1.0,10.0,134.0,-199.0,329,146,-166.0,0.0,59186,6494315.5,1870092.3,1,6,-51.319568788501066,-28.42,-82.84
WIN_019,-1,PWS,SKIN,0,1,1,0,0.667,1.0,10.0,152.0,-181.0,324,133,-148.0,0.0,58273,6487352.5,1870218.4,1,6,-19.243531827515415,-10.66,-31.06
WIN_020,-1,PWS,SKIN,0,1,1,0,0.667,1.0,10.0,177.0,-163.0,319,141,-129.0,0.0,57381,6490256.2,1873935.7,1,6,-51.319568788501066,-28.42,-82.84
WIN_021,-1,PWS,SKIN,0,1,1,0,0.667,1.0,10.0,102.0,-238.0,318,142,-204.0,0.0,57202,6490555.0,1874576.6,1,7,-76.98480492813138,-42.63,-124.3
WIN_022,-1,PWS,SKIN,0,1,1,0,0.667,1.0,10.0,212.0,-128.0,318,151,-93.6,0.0,57211,6494783.6,1876115.7,1,6,-51.319568788501066,-28.42,-82.84
WIN_023,-1,PWS,SKIN,0,1,1,0,0.667,1.0,10.0,203.0,-137.0,314,142,-103.0,0.0,56482,6489871.0,1876456.0,1,5,-128.29874743326482,-71.05,-207.1
WIN_024,-1,PWS,SKIN,0,1,1,0,0.667,1.0,10.0,99.8,-240.0,312,152,-206.0,0.0,56132,6494227.4,1879105.8,1,7,-51.319568788501066,-28.42,-82.84
WIN_025,-1,PWS,SKIN,0,1,1,0,0.667,1.0,10.0,-4.71,-185.0,299,127,-167.0,0.0,53767,6480258.1,1880938.5,2,6,-51.319568788501066,-28.42,-82.84
WIN_026,-1,PWS,SKIN,0,1,1,0,0.667,1.0,10.0,26.7,-153.0,299,125,-135.0,0.0,53765,6479318.4,1880596.5,1,5,-256.5936344969199,-142.1,-414.2
WIN_027,-1,PWS,SKIN,0,1,1,0,0.667,1.0,10.0,38.0,-464.0,300,133,-414.0,0.0,53953,6483248.2,1881494.7,1,9,-179.6041478439425,-99.48,-289.9
WIN_028,-1,PWS,SKIN,0,1,1,0,0.667,1.0,10.0,148.0,-76.0,285,96,-53.6,0.0,51216,6463298.8,1882215.1,1,5,-64.14554414784392,-35.53,-103.5
WIN_029,-1,PWS,SKIN,0,1,1,0,0.667,1.0,10.0,168.0,-56.1,284,95,-33.7,0.0,51035,6462657.9,1882513.9,1,5,-51.319568788501066,-28.42,-82.84
WIN_030,-1,PWS,SKIN,0,1,1,0,0.667,1.0,10.0,14.1,-166.0,295,126,-148.0,0.0,53046,6479104.3,1882646.9,1,5,-61.583593429158014,-34.11,-99.41
WIN_031,-1,PWS,SKIN,0,1,1,0,0.667,1.0,10.0,35.5,-388.0,292,125,-345.0,0.0,52505,6478121.4,1883885.4,1,8,-25.659363449691952,-14.21,-41.42
WIN_032,-1,PWS,SKIN,0,1,1,0,0.667,1.0,10.0,169.0,-169.0,278,94,-135.0,0.0,49954,6461162.0,1885162.0,1,7,-12.829874743326494,-7.105,-20.71
WIN_033,-1,PWS,SKIN,0,1,1,0,0.667,1.0,10.0,23.2,-273.0,291,132,-243.0,0.0,52332,6481239.3,1885552.3,1,7,-76.98480492813138,-42.63,-124.3
WIN_034,-1,PWS,SKIN,0,1,1,0,0.667,1.0,10.0,47.0,-249.0,294,141,-219.0,0.0,52881,6485980.9,1885681.9,1,7,-51.319568788501066,-28.42,-82.84
WIN_035,-1,PWS,SKIN,0,1,1,0,0.667,1.0,10.0,23.2,-273.0,291,132,-243.0,0.0,52332,6481239.3,1885552.3,1,7,-25.659363449691952,-14.21,-41.42
WIN_036,-1,PWS,SKIN,0,1,1,0,0.667,1.0,10.0,73.7,-207.0,278,110,-179.0,0.0,49970,6468679.5,1887898.1,1,7,-256.5936344969199,-142.1,-414.2
WIN_037,-1,PWS,SKIN,0,1,1,0,0.667,1.0,10.0,18.4,-405.0,286,132,-362.0,0.0,51432,6480384.2,1887901.6,1,8,-384.9039014373708,-213.2,-621.3
WIN_038,-1,PWS,SKIN,0,1,1,0,0.667,1.0,10.0,96.3,-128.0,275,102,-105.0,0.0,49422,6464407.7,1887939.6,2,6,-51.319568788501066,-28.42,-82.84
WIN_039,-1,PWS,SKIN,0,1,1,0,0.667,1.0,10.0,90.4,-134.0,275,104,-111.0,0.0,49424,6465347.4,1888281.6,1,6,-12.829874743326494,-7.105,-20.71
WIN_040,-1,PWS,SKIN,0,1,1,0,0.667,1.0,10.0,48.0,-233.0,280,119,-205.0,0.0,50339,6473250.2,1888497.5,1,7,-30.790431211498948,-17.05,-49.7
WIN_041,-1,PWS,SKIN,0,1,1,0,0.667,1.0,10.0,71.6,-393.0,285,135,-347.0,0.0,51255,6481622.8,1888884.4,1,8,-38.49039014373713,-21.32,-62.13
WIN_042,-1,PWS,SKIN,0,1,1,0,0.667,1.0,10.0,85.3,-252.0,271,99,-218.0,0.0,48699,6462314.2,1889305.9,2,8,-230.94640657084233,-127.9,-372.8
WIN_043,-1,PWS,SKIN,0,1,1,0,0.667,1.0,10.0,26.0,-397.0,284,133,-355.0,0.0,51073,6480512.1,1889012.3,1,8,-51.319568788501066,-28.42,-82.84
WIN_044,-1,PWS,SKIN,0,1,1,0,0.667,1.0,10.0,33.5,-248.0,279,124,-219.0,0.0,50164,6475428.4,1889822.4,1,7,-153.9573716632442,-85.27,-248.5
WIN_045,-1,PWS,SKIN,0,1,1,0,0.667,1.0,10.0,59.9,-363.0,282,134,-321.0,0.0,50714,6480639.9,1890123.0,1,8,-128.29874743326482,-71.05,-207.1
WIN_046,-1,PWS,SKIN,0,1,1,0,0.667,1.0,10.0,47.4,-234.0,277,120,-206.0,0.0,49800,6473207.0,1890078.1,1,7,-51.319568788501066,-28.42,-82.84
WIN_047,-1,PWS,SKIN,0,1,1,0,0.667,1.0,10.0,29.7,-393.0,280,131,-351.0,0.0,50351,6478888.3,1890549.6,1,8,-256.5936344969199,-142.1,-414.2
WIN_048,-1,PWS,SKIN,0,1,1,0,0.667,1.0,10.0,44.1,-379.0,279,133,-337.0,0.0,50173,6479657.0,1891361.5,1,8,-102.63511293634511,-56.84,-165.7
WIN_049,-1,PWS,SKIN,0,1,1,0,0.667,1.0,10.0,37.5,-244.0,275,123,-215.0,0.0,49443,6474274.5,1891530.8,1,7,-256.5936344969199,-142.1,-414.2
WIN_050,-1,PWS,SKIN,0,1,1,0,0.667,1.0,10.0,57.5,-366.0,278,135,-323.0,0.0,49995,6480425.7,1892173.4,1,8,-76.98480492813138,-42.63,-124.3
WIN_051,-1,PWS,SKIN,0,1,1,0,0.667,1.0,10.0,42.3,-423.0,277,131,-376.0,0.0,49811,6478375.3,1891959.2,1,8,-35.92484599589329,-19.9,-57.99
WIN_052,-1,PWS,SKIN,0,1,1,0,0.667,1.0,10.0,48.1,-417.0,276,131,-370.0,0.0,49631,6478204.3,1892429.0,1,8,-51.319568788501066,-28.42,-82.84
WIN_053,-1,PWS,SKIN,0,1,1,0,0.667,1.0,10.0,48.1,-375.0,278,136,-333.0,0.0,49996,6480895.5,1892344.4,1,8,-64.14554414784392,-35.53,-103.5
WIN_054,-1,PWS,SKIN,0,1,1,0,0.667,1.0,10.0,50.6,-414.0,275,131,-368.0,0.0,49451,6478033.3,1892898.9,1,8,-256.5936344969199,-142.1,-414.2
WIN_055,-1,PWS,SKIN,0,1,1,0,0.667,1.0,10.0,81.6,-142.0,266,109,-120.0,0.0,47809,6466157.6,1893365.3,1,6,-1282.9874743326493,-710.5,-2071.0
WIN_056,-1,PWS,SKIN,0,1,1,0,0.667,1.0,10.0,84.6,-252.0,263,101,-219.0,0.0,47261,6461885.8,1893406.7,2,7,-102.63511293634511,-56.84,-165.7
WIN_057,-1,PWS,SKIN,0,1,1,0,0.667,1.0,10.0,37.1,-244.0,271,124,-216.0,0.0,48724,6474060.3,1893581.2,1,7,-256.5936344969199,-142.1,-414.2
WIN_058,-1,PWS,SKIN,0,1,1,0,0.667,1.0,10.0,58.0,-168.0,268,117,-145.0,0.0,48177,6470258.4,1893793.7,1,6,-51.319568788501066,-28.42,-82.84
WIN_059,-1,PWS,SKIN,0,1,1,0,0.667,1.0,10.0,42.0,-239.0,270,122,-211.0,0.0,48542,6472949.6,1893709.0,1,7,-282.2659137577,-156.3,-455.6
WIN_060,-1,PWS,SKIN,0,1,1,0,0.667,1.0,10.0,85.7,-280.0,263,105,-244.0,0.0,47265,6463765.2,1894090.8,1,8,-76.98480492813138,-42.63,-124.3
WIN_061,-1,PWS,SKIN,0,1,1,0,0.667,1.0,10.0,58.6,-167.0,267,117,-145.0,0.0,47997,6470087.4,1894263.5,1,6,-76.98480492813138,-42.63,-124.3
WIN_062,-1,PWS,SKIN,0,1,1,0,0.667,1.0,10.0,110.0,-227.0,261,101,-193.0,0.0,46901,6461543.8,1894346.4,1,7,-76.98480492813138,-42.63,-124.3
WIN_063,-1,PWS,SKIN,0,1,1,0,0.667,1.0,10.0,110.0,-227.0,261,101,-193.0,0.0,46901,6461543.8,1894346.4,1,7,-76.98480492813138,-42.63,-124.3
WIN_064,-1,PWS,SKIN,0,1,1,0,0.667,1.0,10.0,82.9,-283.0,263,107,-247.0,0.0,47267,6464704.9,1894432.8,1,8,-184.74373716632445,-102.3,-298.2
WIN_065,-1,PWS,SKIN,0,1,1,0,0.667,1.0,10.0,109.0,-237.0,273,139,-202.0,0.0,49099,6481450.0,1895206.6,1,7,-30.790431211498948,-17.05,-49.7
WIN_066,-1,PWS,SKIN,0,1,1,0,0.667,1.0,10.0,61.9,-284.0,269,132,-250.0,0.0,48372,6477477.1,1895889.0,1,7,-256.5936344969199,-142.1,-414.2
WIN_067,-1,PWS,SKIN,0,1,1,0,0.667,1.0,10.0,72.9,-293.0,258,106,-257.0,0.0,46366,6463380.0,1896611.0,1,8,-76.98480492813138,-42.63,-124.3
WIN_068,-1,PWS,SKIN,0,1,1,0,0.667,1.0,10.0,53.5,-293.0,266,130,-258.0,0.0,47830,6476024.3,1896956.5,1,7,-25.659363449691952,-14.21,-41.42
WIN_069,-1,PWS,SKIN,0,1,1,0,0.667,1.0,10.0,99.9,-246.0,266,131,-212.0,0.0,47831,6476494.2,1897127.5,1,7,-51.319568788501066,-28.42,-82.84
WIN_070,-1,PWS,SKIN,0,1,1,0,0.667,1.0,10.0,51.0,-175.0,261,119,-152.0,0.0,46919,6470001.0,1897424.6,1,6,-51.319568788501066,-28.42,-82.84
WIN_071,-1,PWS,SKIN,0,1,1,0,0.667,1.0,10.0,61.0,-140.0,247,104,-120.0,0.0,44384,6460559.2,1901437.3,1,6,-307.9043121149899,-170.5,-497.0
WIN_072,-1,PWS,SKIN,0,1,1,0,0.667,1.0,10.0,62.5,-139.0,246,103,-118.0,0.0,44203,6459918.3,1901736.1,1,6,-153.9573716632442,-85.27,-248.5
WIN_073,-1,PWS,SKIN,0,1,1,0,0.667,1.0,10.0,60.9,-140.0,245,104,-120.0,0.0,44024,6460217.1,1902377.0,1,6,-12.829874743326494,-7.105,-20.71
WIN_074,-1,PWS,SKIN,0,1,1,0,0.667,1.0,10.0,57.8,-143.0,244,106,-123.0,0.0,43846,6460985.8,1903188.9,1,6,-51.319568788501066,-28.42,-82.84
WIN_075,-1,PWS,SKIN,0,1,1,0,0.667,1.0,10.0,53.8,-147.0,245,108,-127.0,0.0,44028,6462096.5,1903061.0,1,6,-76.98480492813138,-42.63,-124.3
WIN_076,-1,PWS,SKIN,0,1,1,0,0.667,1.0,10.0,152.0,-49.4,241,99,-29.3,0.0,43299,6457183.9,1903401.3,1,5,-25.659363449691952,-14.21,-41.42
WIN_077,-1,PWS,SKIN,0,1,1,0,0.667,1.0,10.0,56.7,-174.0,250,127,-151.0,0.0,44947,6471878.6,1903961.0,1,6,-372.0728952772078,-206.1,-600.6
WIN_078,-1,PWS,SKIN,0,1,1,0,0.667,1.0,10.0,57.3,-144.0,243,110,-124.0,0.0,43670,6462694.2,1904342.7,1,6,-153.9573716632442,-85.27,-248.5
WIN_079,-1,PWS,SKIN,0,1,1,0,0.667,1.0,10.0,56.2,-145.0,243,109,-125.0,0.0,43669,6462224.3,1904171.7,1,6,-51.319568788501066,-28.42,-82.84
WIN_080,-1,PWS,SKIN,0,1,1,0,0.667,1.0,10.0,98.7,-90.3,244,129,-71.4,0.0,43869,6471792.3,1907122.1,1,5,-128.29874743326482,-71.05,-207.1
WIN_081,-1,PWS,SKIN,0,1,1,0,0.667,1.0,10.0,72.1,-313.0,242,123,-274.0,0.0,43503,6468631.2,1907035.7,1,8,-846.7572895277206,-469.0,-1367.0
WIN_082,-1,PWS,SKIN,0,1,1,0,0.667,1.0,10.0,213.0,-160.0,239,120,-123.0,0.0,42960,6466708.6,1907932.2,1,6,-92.37716632443531,-51.16,-149.1
WIN_083,-1,PWS,SKIN,0,1,1,0,0.667,1.0,10.0,264.0,-40.8,229,92,-10.3,0.0,41132,6451842.8,1907842.4,1,6,-30.790431211498948,-17.05,-49.7
WIN_084,-1,PWS,SKIN,0,1,1,0,0.667,1.0,10.0,123.0,-261.0,238,128,-223.0,0.0,42788,6470296.4,1909770.2,1,7,-6.15835934291581,-3.411,-9.941
WIN_085,-1,PWS,SKIN,0,1,1,0,0.667,1.0,10.0,98.4,-285.0,236,123,-246.0,0.0,42423,6467605.1,1909854.8,1,8,-153.9571868583161,-85.26,-248.5
WIN_086,-1,PWS,SKIN,0,1,1,0,0.667,1.0,10.0,148.0,-235.0,236,124,-197.0,0.0,42424,6468075.0,1910025.8,1,7,-8.981268993839844,-4.974,-14.5
WIN_087,-1,PWS,SKIN,0,1,1,0,0.667,1.0,10.0,172.0,-200.0,231,119,-162.0,0.0,41519,6464870.7,1911520.0,1,7,-38.49039014373713,-21.32,-62.13
WIN_088,-1,PWS,SKIN,0,1,1,0,0.667,1.0,10.0,126.0,-240.0,234,128,-203.0,0.0,42068,6469612.3,1911649.5,1,7,-38.49039014373713,-21.32,-62.13
WIN_089,-1,PWS,SKIN,0,1,1,0,0.667,1.0,10.0,233.0,-134.0,233,129,-96.9,0.0,41889,6469911.2,1912290.4,1,6,-51.319568788501066,-28.42,-82.84
WIN_090,-1,PWS,SKIN,0,1,1,0,0.667,1.0,10.0,174.0,-192.0,229,124,-156.0,0.0,41164,6466877.9,1913314.7,1,7,-41.05677618069815,-22.74,-66.27
WIN_091,-1,PWS,SKIN,0,1,1,0,0.667,1.0,10.0,162.0,-205.0,229,128,-168.0,0.0,41168,6468757.3,1913998.8,1,7,-51.319568788501066,-28.42,-82.84
WIN_092,-1,PWS,SKIN,0,1,1,0,0.667,1.0,10.0,103.0,-269.0,225,118,-232.0,0.0,40438,6463374.8,1914168.1,1,8,-30.790431211498948,-17.05,-49.7
WIN_093,-1,PWS,SKIN,0,1,1,0,0.667,1.0,10.0,308.0,-212.0,215,96,-160.0,0.0,38616,6451328.1,1915104.3,1,7,-256.5936344969199,-142.1,-414.2
WIN_094,-1,PWS,SKIN,0,1,1,0,0.667,1.0,10.0,127.0,-240.0,213,91,-203.0,0.0,38251,6448636.8,1915188.9,2,8,-76.98480492813138,-42.63,-124.3
WIN_095,-1,PWS,SKIN,0,1,1,0,0.667,1.0,10.0,104.0,-262.0,224,122,-225.0,0.0,40262,6465083.2,1915321.9,1,8,-102.63511293634511,-56.84,-165.7
WIN_096,-1,PWS,SKIN,0,1,1,0,0.667,1.0,10.0,121.0,-245.0,213,95,-209.0,0.0,38255,6450516.2,1915873.0,1,8,-123.16597535934324,-68.21,-198.8
WIN_097,-1,PWS,SKIN,0,1,1,0,0.667,1.0,10.0,73.3,-505.0,220,116,-447.0,0.0,39536,6461580.0,1916175.3,2,9,-51.319568788501066,-28.42,-82.84
WIN_098,-1,PWS,SKIN,0,1,1,0,0.667,1.0,10.0,78.8,-441.0,214,104,-389.0,0.0,38444,6454915.8,1916942.2,2,9,-30.790431211498948,-17.05,-49.7
WIN_099,-1,PWS,SKIN,0,1,1,0,0.667,1.0,10.0,87.9,-490.0,217,115,-432.0,0.0,38995,6460597.2,1917413.8,2,9,-76.98480492813138,-42.63,-124.3
WIN_100,-1,PWS,SKIN,0,1,1,0,0.667,1.0,10.0,101.0,-265.0,209,97,-228.0,0.0,37537,6450771.8,1918094.4,1,8,-128.29874743326482,-71.05,-207.1
WIN_101,-1,PWS,SKIN,0,1,1,0,0.667,1.0,10.0,103.0,-226.0,205,96,-193.0,0.0,36816,6449618.0,1919802.8,1,7,-6.414554414784391,-3.553,-10.35
WIN_102,-1,PWS,SKIN,0,1,1,0,0.667,1.0,10.0,134.0,-444.0,211,116,-386.0,0.0,37916,6460040.9,1920403.9,1,9,-51.319568788501066,-28.42,-82.84
WIN_103,-1,PWS,SKIN,0,1,1,0,0.667,1.0,10.0,124.0,-125.0,200,91,-99.7,0.0,35911,6446413.7,1921296.9,1,6,-10263.511293634498,-5684.0,-16570.0
WIN_104,-1,PWS,SKIN,0,1,1,0,0.667,1.0,10.0,95.7,-233.0,202,103,-200.0,0.0,36283,6452393.9,1922409.4,2,7,-538.8595482546194,-298.4,-869.8
WIN_105,-1,PWS,SKIN,0,1,1,0,0.667,1.0,10.0,131.0,-118.0,196,88,-93.2,0.0,35188,6444320.1,1922663.3,1,6,-7698.480492813142,-4263.0,-12430.0
WIN_106,-1,PWS,SKIN,0,1,1,0,0.667,1.0,10.0,220.0,-135.0,192,78,-99.1,0.0,34458,6438937.6,1922832.6,1,7,-92.37716632443531,-51.16,-149.1
WIN_107,-1,PWS,SKIN,0,1,1,0,0.667,1.0,10.0,133.0,-117.0,191,85,-91.6,0.0,34285,6442055.5,1924499.5,2,6,-97.50572895277215,-54.0,-157.4
WIN_108,-1,PWS,SKIN,0,1,1,0,0.667,1.0,10.0,101.0,-228.0,197,102,-196.0,0.0,35382,6451069.0,1924587.6,2,7,-256.5936344969199,-142.1,-414.2
WIN_109,-1,PWS,SKIN,0,1,1,0,0.667,1.0,10.0,39.4,-505.0,201,115,-450.0,0.0,36115,6457861.0,1924931.3,4,9,-51.319568788501066,-28.42,-82.84
WIN_110,-1,PWS,SKIN,0,1,1,0,0.667,1.0,10.0,121.0,-128.0,191,87,-103.0,0.0,34287,6442995.2,1924841.5,2,7,-51.319568788501066,-28.42,-82.84
WIN_111,-1,PWS,SKIN,0,1,1,0,0.667,1.0,10.0,98.4,-375.0,198,108,-327.0,0.0,35568,6454059.0,1925143.8,2,9,-25.659363449691952,-14.21,-41.42
WIN_112,-1,PWS,SKIN,0,1,1,0,0.667,1.0,10.0,99.6,-373.0,196,106,-326.0,0.0,35206,6452777.3,1925741.5,2,9,-513.1956878850094,-284.2,-828.4
WIN_113,-1,PWS,SKIN,0,1,1,0,0.667,1.0,10.0,103.0,-226.0,194,102,-193.0,0.0,34842,6450555.9,1925997.1,2,7,-61.583593429158014,-34.11,-99.41
WIN_114,-1,PWS,SKIN,0,1,1,0,0.667,1.0,10.0,105.0,-368.0,197,110,-320.0,0.0,35390,6454827.7,1925955.7,1,9,-115.4652772073919,-63.95,-186.4
WIN_115,-1,PWS,SKIN,0,1,1,0,0.667,1.0,10.0,124.0,-125.0,189,88,-100.0,0.0,33928,6443123.0,1925952.2,2,6,-51.319568788501066,-28.42,-82.84
WIN_116,-1,PWS,SKIN,0,1,1,0,0.667,1.0,10.0,137.0,-172.0,188,85,-142.0,0.0,33745,6441542.5,1925909.0,2,7,-109.04441478439429,-60.4,-176.0
WIN_117,-1,PWS,SKIN,0,1,1,0,0.667,1.0,10.0,103.0,-370.0,193,104,-323.0,0.0,34664,6451324.6,1926809.0,2,9,-51.319568788501066,-28.42,-82.84
WIN_118,-1,PWS,SKIN,0,1,1,0,0.667,1.0,10.0,151.0,-464.0,197,116,-403.0,0.0,35396,6457646.8,1926981.7,1,9,-109.92219712525699,-60.88,-177.4
WIN_119,-1,PWS,SKIN,0,1,1,0,0.667,1.0,10.0,186.0,-168.0,182,76,-133.0,0.0,32656,6436287.8,1927189.0,1,7,-128.29874743326482,-71.05,-207.1
WIN_120,-1,PWS,SKIN,0,1,1,0,0.667,1.0,10.0,120.0,-495.0,196,114,-434.0,0.0,35214,6456536.1,1927109.6,1,9,-51.319568788501066,-28.42,-82.84
WIN_121,-1,PWS,SKIN,0,1,1,0,0.667,1.0,10.0,118.0,-355.0,193,111,-308.0,0.0,34671,6454613.5,1928006.1,1,8,-64.14554414784392,-35.53,-103.5
WIN_122,-1,PWS,SKIN,0,1,1,0,0.667,1.0,10.0,133.0,-176.0,183,87,-145.0,0.0,32847,6441627.1,1928600.3,2,7,-76.98480492813138,-42.63,-124.3
WIN_123,-1,PWS,SKIN,0,1,1,0,0.667,1.0,10.0,119.0,-167.0,182,98,-139.0,0.0,32678,6446624.4,1930951.2,2,7,-256.5936344969199,-142.1,-414.2
WIN_124,-1,PWS,SKIN,0,1,1,0,0.667,1.0,10.0,137.0,-92.7,173,77,-69.7,0.0,31037,6435218.6,1931588.6,2,6,-25.659363449691952,-14.21,-41.42
WIN_125,-1,PWS,SKIN,0,1,1,0,0.667,1.0,10.0,113.0,-173.0,184,108,-145.0,0.0,33048,6451664.9,1931721.6,2,7,,,
WIN_126,-1,PWS,SKIN,0,1,1,0,0.667,1.0,10.0,130.0,-102.0,175,85,-79.2,0.0,31405,6439319.3,1932017.0,1,6,-256.5936344969199,-142.1,-414.2
WIN_127,-1,PWS,SKIN,0,1,1,0,0.667,1.0,10.0,179.0,-177.0,166,74,-142.0,0.0,29774,6432611.9,1934364.5,1,8,-51.319568788501066,-28.42,-82.84
WIN_128,-1,PWS,SKIN,0,1,1,0,0.667,1.0,10.0,130.0,-156.0,175,97,-127.0,0.0,31417,6444957.5,1934069.2,1,7,-769.8480492813143,-426.3,-1243.0
WIN_129,-1,PWS,SKIN,0,1,1,0,0.667,1.0,10.0,266.0,-89.7,166,73,-54.1,0.0,29773,6432142.1,1934193.5,1,7,-76.98480492813138,-42.63,-124.3
WIN_130,-1,PWS,SKIN,0,1,1,0,0.667,1.0,10.0,135.0,-151.0,175,100,-123.0,0.0,31420,6446367.0,1934582.2,1,7,-615.8359342915812,-341.1,-994.1
WIN_131,-1,PWS,SKIN,0,1,1,0,0.667,1.0,10.0,129.0,-157.0,175,103,-128.0,0.0,31423,6447776.6,1935095.2,2,7,-51.319568788501066,-28.42,-82.84
WIN_132,-1,PWS,SKIN,0,1,1,0,0.667,1.0,10.0,135.0,-93.9,166,87,-71.0,0.0,29787,6438720.0,1936587.7,2,6,-57.73289527720736,-31.97,-93.19
WIN_133,-1,PWS,SKIN,0,1,1,0,0.667,1.0,10.0,131.0,-155.0,170,98,-126.0,0.0,30518,6444572.3,1936589.4,2,7,-1218.694866529776,-675.0,-1967.0
WIN_134,-1,PWS,SKIN,0,1,1,0,0.667,1.0,10.0,158.0,-70.3,163,80,-47.5,0.0,29240,6434918.0,1936800.1,2,6,-123.16597535934324,-68.21,-198.8
WIN_135,-1,PWS,SKIN,0,1,1,0,0.667,1.0,10.0,133.0,-141.0,166,90,-113.0,0.0,29790,6440129.5,1937100.7,2,7,-51.319568788501066,-28.42,-82.84
WIN_136,-1,PWS,SKIN,0,1,1,0,0.667,1.0,10.0,185.0,-171.0,158,74,-136.0,0.0,28334,6431243.9,1938123.3,2,8,-76.98480492813138,-42.63,-124.3
WIN_137,-1,PWS,SKIN,0,1,1,0,0.667,1.0,10.0,138.0,-247.0,167,102,-208.0,0.0,29982,6445938.7,1938683.0,2,8,-25.659363449691952,-14.21,-41.42
WIN_138,-1,PWS,SKIN,0,1,1,0,0.667,1.0,10.0,174.0,-181.0,157,77,-146.0,0.0,28157,6432482.4,1939106.2,2,8,-51.319568788501066,-28.42,-82.84
WIN_139,-1,PWS,SKIN,0,1,1,0,0.667,1.0,10.0,150.0,-235.0,166,104,-196.0,0.0,29804,6446707.3,1939494.8,2,8,-35.92484599589329,-19.9,-57.99
WIN_140,-1,PWS,SKIN,0,1,1,0,0.667,1.0,10.0,187.0,-198.0,164,99,-159.0,0.0,29439,6444016.1,1939579.5,1,8,-461.86180698151946,-255.8,-745.5
WIN_141,-1,PWS,SKIN,0,1,1,0,0.667,1.0,10.0,147.0,-126.0,157,87,-98.5,0.0,28167,6437180.9,1940816.3,2,7,-256.5936344969199,-142.1,-414.2
WIN_142,-1,PWS,SKIN,0,1,1,0,0.667,1.0,10.0,153.0,-166.0,157,94,-134.0,0.0,28174,6440469.8,1942013.4,1,7,-51.319568788501066,-28.42,-82.84
WIN_143,-1,PWS,SKIN,0,1,1,0,0.667,1.0,10.0,253.0,-65.7,156,96,-33.8,0.0,27996,6441238.5,1942825.2,1,6,-51.319568788501066,-28.42,-82.84
WIN_144,-1,PWS,SKIN,0,1,1,0,0.667,1.0,10.0,127.0,-192.0,155,92,-160.0,0.0,27812,6439188.1,1942611.0,2,8,-12.829874743326494,-7.105,-20.71
WIN_145,-1,PWS,SKIN,0,1,1,0,0.667,1.0,10.0,128.0,-191.0,154,93,-159.0,0.0,27633,6439486.9,1943251.9,2,8,-76.98480492813138,-42.63,-124.3
WIN_146,-1,PWS,SKIN,0,1,1,0,0.667,1.0,10.0,231.0,-65.8,143,66,-36.1,0.0,25626,6424919.9,1943802.9,2,7,,,
WIN_147,-1,PWS,SKIN,0,1,1,0,0.667,1.0,10.0,168.0,-159.0,146,88,-127.0,0.0,26188,6435769.6,1946155.6,2,7,-256.5936344969199,-142.1,-414.2
WIN_148,-1,PWS,SKIN,0,1,1,0,0.667,1.0,10.0,212.0,-77.4,147,94,-48.5,0.0,26374,6438759.7,1946711.8,1,7,-1077.8388090349094,-596.9,-1740.0
WIN_149,-1,PWS,SKIN,0,1,1,0,0.667,1.0,10.0,194.0,-205.0,131,72,-165.0,0.0,23472,6425686.9,1950467.1,2,8,,,
WIN_150,-1,PWS,SKIN,0,1,1,0,0.667,1.0,10.0,405.0,82.1,135,87,114.0,0.0,24207,6433418.6,1951152.9,1,5,,,
WIN_151,-1,PWS,SKIN,0,1,1,0,0.667,1.0,10.0,99.5,-224.0,133,81,-191.0,0.0,23841,6430257.5,1951066.5,4,8,-12.829874743326494,-7.105,-20.71
WIN_152,-1,PWS,SKIN,0,1,1,0,0.667,1.0,10.0,186.0,-213.0,129,72,-173.0,0.0,23112,6425344.9,1951406.8,2,8,,,
WIN_153,-1,PWS,SKIN,0,1,1,0,0.667,1.0,10.0,241.0,16.3,123,62,38.8,0.0,22022,6419620.4,1952515.8,1,6,-17.960414784394263,-9.948,-28.99
WIN_154,-1,PWS,SKIN,0,1,1,0,0.667,1.0,10.0,193.0,-38.6,122,70,-15.4,0.0,21850,6423208.1,1954353.7,2,6,-25.659363449691952,-14.21,-41.42
WIN_155,-1,PWS,SKIN,0,1,1,0,0.667,1.0,10.0,181.0,-50.8,122,69,-27.6,0.0,21849,6422738.3,1954182.7,2,7,-123.16597535934324,-68.21,-198.8
WIN_156,-1,PWS,SKIN,0,1,1,0,0.667,1.0,10.0,242.0,-19.6,115,60,6.57,0.0,20580,6417312.6,1955932.6,2,7,-2.0527638603696077,-1.137,-3.314
WIN_157,-1,PWS,SKIN,0,1,1,0,0.667,1.0,10.0,214.0,-60.8,116,63,-33.3,0.0,20763,6418893.1,1955975.7,2,7,-64.14554414784392,-35.53,-103.5
WIN_158,-1,PWS,SKIN,0,1,1,0,0.667,1.0,10.0,194.0,-81.3,114,67,-53.8,0.0,20407,6420430.5,1957599.5,2,7,-30.790431211498948,-17.05,-49.7
WIN_159,-1,PWS,SKIN,0,1,1,0,0.667,1.0,10.0,235.0,-40.3,114,71,-12.8,0.0,20411,6422309.9,1958283.5,2,7,-25.659363449691952,-14.21,-41.42
WIN_160,-1,PWS,SKIN,0,1,1,0,0.667,1.0,10.0,281.0,6.41,108,61,33.9,0.0,19321,6416585.4,1959392.5,1,6,-166.77494866529767,-92.37,-269.2
WIN_161,-1,PWS,SKIN,0,1,1,0,0.667,1.0,10.0,205.0,-69.9,109,68,-42.4,0.0,19508,6420045.3,1960119.7,2,7,-12.829874743326494,-7.105,-20.71
WIN_162,-1,PWS,SKIN,0,1,1,0,0.667,1.0,10.0,203.0,-33.5,104,65,-9.89,0.0,18605,6417780.7,1961955.9,2,7,-8.981268993839844,-4.974,-14.5
WIN_163,-1,PWS,SKIN,0,1,1,0,0.667,1.0,10.0,207.0,-28.8,101,64,-5.21,0.0,18064,6416797.8,1963194.5,3,7,-102.63511293634511,-56.84,-165.7
WIN_164,-1,PWS,SKIN,0,1,1,0,0.667,1.0,10.0,275.0,39.0,97,57,62.6,0.0,17337,6412824.9,1963876.8,2,6,-92.37716632443531,-51.16,-149.1
WIN_165,-1,PWS,SKIN,0,1,1,0,0.667,1.0,10.0,213.0,-22.9,99,69,0.75,0.0,17709,6418805.0,1964989.2,2,7,-153.9573716632442,-85.27,-248.5
WIN_166,-1,PWS,SKIN,0,1,1,0,0.667,1.0,10.0,207.0,-132.0,98,68,-98.3,0.0,17528,6418164.2,1965288.0,3,8,-20.527638603696097,-11.37,-33.14
WIN_167,-1,PWS,SKIN,0,1,1,0,0.667,1.0,10.0,236.0,-0.38,93,56,23.2,0.0,16616,6411671.0,1965585.1,2,7,-192.435318275154,-106.6,-310.6
WIN_168,-1,PWS,SKIN,0,1,1,0,0.667,1.0,10.0,248.0,12.0,88,50,35.6,0.0,15710,6407996.9,1966908.3,2,7,-102.63511293634511,-56.84,-165.7
WIN_169,-1,PWS,SKIN,0,1,1,0,0.667,1.0,10.0,223.0,-116.0,93,65,-82.4,0.0,16625,6415899.6,1967124.2,3,8,-51.319568788501066,-28.42,-82.84
WIN_170,-1,PWS,SKIN,0,1,1,0,0.667,1.0,10.0,295.0,5.01,81,37,34.0,0.0,14437,6400691.8,1967974.1,2,7,-76.98480492813138,-42.63,-124.3
WIN_171,-1,PWS,SKIN,0,1,1,0,0.667,1.0,10.0,398.0,96.6,81,48,127.0,0.0,14448,6405860.1,1969855.2,1,6,-3849.039014373717,-2132.0,-6213.0
WIN_172,-1,PWS,SKIN,0,1,1,0,0.667,1.0,10.0,264.0,-25.8,77,38,3.19,0.0,13718,6400477.6,1970024.5,2,7,-76.98480492813138,-42.63,-124.3
WIN_173,-1,PWS,SKIN,0,1,1,0,0.667,1.0,10.0,254.0,-29.0,78,45,-0.72,0.0,13905,6403937.5,1970751.7,3,7,-513.1956878850094,-284.2,-828.4
WIN_174,-1,PWS,SKIN,0,1,1,0,0.667,1.0,10.0,276.0,-25.4,79,49,4.68,0.0,14089,6405987.9,1970965.9,2,7,-41.05677618069815,-22.74,-66.27
WIN_175,-1,PWS,SKIN,0,1,1,0,0.667,1.0,10.0,264.0,-19.0,75,41,9.34,0.0,13361,6401545.1,1971477.2,2,7,-76.98480492813138,-42.63,-124.3
WIN_176,-1,PWS,SKIN,0,1,1,0,0.667,1.0,10.0,270.0,-12.7,75,44,15.6,0.0,13364,6402954.6,1971990.3,2,7,-25.659363449691952,-14.21,-41.42
WIN_177,-1,PWS,SKIN,0,1,1,0,0.667,1.0,10.0,252.0,-69.7,80,60,-37.5,0.0,14280,6411327.2,1972377.2,3,8,-51.319568788501066,-28.42,-82.84
WIN_178,-1,PWS,SKIN,0,1,1,0,0.667,1.0,10.0,347.0,64.1,74,46,92.4,0.0,13186,6403723.3,1972802.1,1,6,-25.659363449691952,-14.21,-41.42
WIN_179,-1,PWS,SKIN,0,1,1,0,0.667,1.0,10.0,317.0,249.0,54,21,256.0,0.0,9561,6388557.0,1977923.8,3,4,-256.5936344969199,-142.1,-414.2
WIN_180,-1,PWS,SKIN,0,1,1,0,0.667,1.0,10.0,329.0,261.0,52,20,268.0,0.0,9200,6387745.1,1978692.5,3,4,-192.435318275154,-106.6,-310.6
WIN_181,-1,PWS,SKIN,0,1,1,0,0.667,1.0,10.0,339.0,271.0,49,19,277.0,0.0,8659,6386762.2,1979931.0,3,4,-38.49039014373713,-21.32,-62.13
WIN_182,-1,PWS,SKIN,0,1,1,0,0.667,1.0,10.0,310.0,258.0,54,32,263.0,0.0,9572,6393725.3,1979804.9,3,4,-179.6041478439425,-99.48,-289.9
WIN_183,-1,PWS,SKIN,0,1,1,0,0.667,1.0,10.0,387.0,202.0,45,12,221.0,0.0,7932,6382789.3,1980613.3,3,6,-64.14554414784392,-35.53,-103.5
WIN_184,-1,PWS,SKIN,0,1,1,0,0.667,1.0,10.0,344.0,276.0,48,21,283.0,0.0,8481,6387530.9,1980742.9,3,4,-153.9573716632442,-85.27,-248.5
WIN_185,-1,PWS,SKIN,0,1,1,0,0.667,1.0,10.0,344.0,276.0,47,18,282.0,0.0,8298,6385950.4,1980699.7,3,4,-128.29874743326482,-71.05,-207.1
WIN_186,-1,PWS,SKIN,0,1,1,0,0.667,1.0,10.0,398.0,213.0,44,13,231.0,0.0,7753,6383088.1,1981254.2,3,6,-51.319568788501066,-28.42,-82.84
WIN_187,-1,PWS,SKIN,0,1,1,0,0.667,1.0,10.0,368.0,156.0,45,33,177.0,0.0,7953,6392656.0,1984204.5,3,6,-38.49039014373713,-21.32,-62.13
