LSCE_ID,WellIndex,LogIndex,X,Y,Elevation,TopInt,BotInt,Coarse,ZoneLayer1,ZoneLayer2,ZoneLayer3,ZoneLayer4,ZoneLayer5,ZoneLayer6,ZoneLayer7,ZoneLayer8,ZoneLayer9,ZoneLayer10
LSCE_10001,1,1,6441150.475,1942144.723,197.1132965,0,25,0,1,1,1,1,1,1,1,1,1,1
LSCE_10002,2,1,6437879.545,1940260.137,181.001358,0,4,0,1,1,1,1,1,1,1,1,1,1
LSCE_10002,2,2,6437879.545,1940260.137,181.001358,4,17,0,1,1,1,1,1,1,1,1,1,1
LSCE_10002,2,3,6437879.545,1940260.137,181.001358,17,20,1,1,1,1,1,1,1,1,1,1,1
LSCE_10002,2,4,6437879.545,1940260.137,181.001358,20,51,0,1,1,1,1,1,1,1,1,1,1
LSCE_10002,2,5,6437879.545,1940260.137,181.001358,51,105,1,1,1,1,1,1,1,1,1,1,1
LSCE_10002,2,6,6437879.545,1940260.137,181.001358,105,115,0,1,1,1,1,1,1,1,1,1,1
LSCE_10003,3,1,6439303.257,1940865.958,177.3779449,0,31,0,1,1,1,1,1,1,1,1,1,1
LSCE_10003,3,2,6439303.257,1940865.958,177.3779449,31,43,0,1,1,1,1,1,1,1,1,1,1
LSCE_10003,3,3,6439303.257,1940865.958,177.3779449,43,64,0,1,1,1,1,1,1,1,1,1,1
LSCE_10003,3,4,6439303.257,1940865.958,177.3779449,64,69,0,1,1,1,1,1,1,1,1,1,1
LSCE_10003,3,5,6439303.257,1940865.958,177.3779449,69,74,0,1,1,1,1,1,1,1,1,1,1
LSCE_10003,3,6,6439303.257,1940865.958,177.3779449,74,81,0,1,1,1,1,1,1,1,1,1,1
LSCE_10003,3,7,6439303.257,1940865.958,177.3779449,81,86,0,1,1,1,1,1,1,1,1,1,1
LSCE_10003,3,8,6439303.257,1940865.958,177.3779449,86,89,0,1,1,1,1,1,1,1,1,1,1
LSCE_10003,3,9,6439303.257,1940865.958,177.3779449,89,116,0,1,1,1,1,1,1,1,1,1,1
LSCE_10003,3,10,6439303.257,1940865.958,177.3779449,116,127,0,1,1,1,1,1,1,1,1,1,1
LSCE_10003,3,11,6439303.257,1940865.958,177.3779449,127,132,0,1,1,1,1,1,1,1,1,1,1
LSCE_10003,3,12,6439303.257,1940865.958,177.3779449,132,178,0,1,1,1,1,1,1,1,1,1,1
LSCE_10003,3,13,6439303.257,1940865.958,177.3779449,178,191,0,1,1,1,1,1,1,1,1,1,1
LSCE_10003,3,14,6439303.257,1940865.958,177.3779449,191,223,0,1,1,1,1,1,1,1,1,1,1
LSCE_10004,4,1,6438951.686,1939816.579,179.7435913,0,30,0,1,1,1,1,1,1,1,1,1,1
LSCE_10004,4,2,6438951.686,1939816.579,179.7435913,30,50,1,1,1,1,1,1,1,1,1,1,1
LSCE_10004,4,3,6438951.686,1939816.579,179.7435913,50,58,0,1,1,1,1,1,1,1,1,1,1
LSCE_10004,4,4,6438951.686,1939816.579,179.7435913,58,80,1,1,1,1,1,1,1,1,1,1,1
LSCE_10004,4,5,6438951.686,1939816.579,179.7435913,80,96,0,1,1,1,1,1,1,1,1,1,1
LSCE_10004,4,6,6438951.686,1939816.579,179.7435913,96,103,1,1,1,1,1,1,1,1,1,1,1
LSCE_10004,4,7,6438951.686,1939816.579,179.7435913,103,115,0,1,1,1,1,1,1,1,1,1,1
LSCE_10004,4,8,6438951.686,1939816.579,179.7435913,115,130,1,1,1,1,1,1,1,1,1,1,1
LSCE_10004,4,9,6438951.686,1939816.579,179.7435913,130,135,0,1,1,1,1,1,1,1,1,1,1
LSCE_10004,4,10,6438951.686,1939816.579,179.7435913,135,200,1,1,1,1,1,1,1,1,1,1,1
LSCE_10004,4,11,6438951.686,1939816.579,179.7435913,200,205,0,1,1,1,1,1,1,1,1,1,1
LSCE_10004,4,12,6438951.686,1939816.579,179.7435913,205,207,1,1,1,1,1,1,1,1,1,1,1
LSCE_10005,5,1,6439344.076,1940598.819,176.4858246,0,17,0,1,1,1,1,1,1,1,1,1,1
LSCE_10005,5,2,6439344.076,1940598.819,176.4858246,17,21,0,1,1,1,1,1,1,1,1,1,1
LSCE_10005,5,3,6439344.076,1940598.819,176.4858246,21,34,1,1,1,1,1,1,1,1,1,1,1
LSCE_10005,5,4,6439344.076,1940598.819,176.4858246,34,40,0,1,1,1,1,1,1,1,1,1,1
LSCE_10005,5,5,6439344.076,1940598.819,176.4858246,40,79,1,1,1,1,1,1,1,1,1,1,1
LSCE_10005,5,6,6439344.076,1940598.819,176.4858246,79,104,1,1,1,1,1,1,1,1,1,1,1
LSCE_10006,6,1,6434023.422,1936529.133,194.4081879,0,5,0,1,1,1,1,1,1,1,1,1,1
LSCE_10006,6,2,6434023.422,1936529.133,194.4081879,5,15,0,1,1,1,1,1,1,1,1,1,1
LSCE_10006,6,3,6434023.422,1936529.133,194.4081879,15,18,0,1,1,1,1,1,1,1,1,1,1
LSCE_10006,6,4,6434023.422,1936529.133,194.4081879,18,27,0,1,1,1,1,1,1,1,1,1,1
LSCE_10006,6,5,6434023.422,1936529.133,194.4081879,27,38,0,1,1,1,1,1,1,1,1,1,1
LSCE_10006,6,6,6434023.422,1936529.133,194.4081879,38,42,1,1,1,1,1,1,1,1,1,1,1
LSCE_10006,6,7,6434023.422,1936529.133,194.4081879,42,82,0,1,1,1,1,1,1,1,1,1,1
LSCE_10006,6,8,6434023.422,1936529.133,194.4081879,82,89,1,1,1,1,1,1,1,1,1,1,1
LSCE_10006,6,9,6434023.422,1936529.133,194.4081879,89,365,0,1,1,1,1,1,1,1,1,1,1
LSCE_10006,6,10,6434023.422,1936529.133,194.4081879,365,570,0,1,1,1,1,1,1,1,1,1,1
LSCE_10006,6,11,6434023.422,1936529.133,194.4081879,570,600,0,1,1,1,1,1,1,1,1,1,1
LSCE_10007,7,1,6436939.195,1940304.325,185.0997314,0,17,0,1,1,1,1,1,1,1,1,1,1
LSCE_10007,7,2,6436939.195,1940304.325,185.0997314,17,26,0,1,1,1,1,1,1,1,1,1,1
LSCE_10007,7,3,6436939.195,1940304.325,185.0997314,26,44,1,1,1,1,1,1,1,1,1,1,1
LSCE_10007,7,4,6436939.195,1940304.325,185.0997314,44,54,0,1,1,1,1,1,1,1,1,1,1
LSCE_10007,7,5,6436939.195,1940304.325,185.0997314,54,76,1,1,1,1,1,1,1,1,1,1,1
LSCE_10007,7,6,6436939.195,1940304.325,185.0997314,76,93,0,1,1,1,1,1,1,1,1,1,1
LSCE_10007,7,7,6436939.195,1940304.325,185.0997314,93,127,0,1,1,1,1,1,1,1,1,1,1
LSCE_10007,7,8,6436939.195,1940304.325,185.0997314,127,139,0,1,1,1,1,1,1,1,1,1,1
LSCE_10007,7,9,6436939.195,1940304.325,185.0997314,139,173,0,1,1,1,1,1,1,1,1,1,1
LSCE_10007,7,10,6436939.195,1940304.325,185.0997314,173,200,1,1,1,1,1,1,1,1,1,1,1
LSCE_10007,7,11,6436939.195,1940304.325,185.0997314,200,208,0,1,1,1,1,1,1,1,1,1,1
LSCE_10007,7,12,6436939.195,1940304.325,185.0997314,208,278,0,1,1,1,1,1,1,1,1,1,1
LSCE_10008,8,1,6436665.077,1939728.045,189.8227844,0,10,0,1,1,1,1,1,1,1,1,1,1
LSCE_10008,8,2,6436665.077,1939728.045,189.8227844,10,22,1,1,1,1,1,1,1,1,1,1,1
LSCE_10008,8,3,6436665.077,1939728.045,189.8227844,22,30,0,1,1,1,1,1,1,1,1,1,1
LSCE_10008,8,4,6436665.077,1939728.045,189.8227844,30,35,1,1,1,1,1,1,1,1,1,1,1
LSCE_10008,8,5,6436665.077,1939728.045,189.8227844,35,45,1,1,1,1,1,1,1,1,1,1,1
LSCE_10008,8,6,6436665.077,1939728.045,189.8227844,45,115,0,1,1,1,1,1,1,1,1,1,1
LSCE_10008,8,7,6436665.077,1939728.045,189.8227844,115,122,1,1,1,1,1,1,1,1,1,1,1
LSCE_10008,8,8,6436665.077,1939728.045,189.8227844,122,215,0,1,1,1,1,1,1,1,1,1,1
LSCE_10008,8,9,6436665.077,1939728.045,189.8227844,215,290,1,1,1,1,1,1,1,1,1,1,1
LSCE_10008,8,10,6436665.077,1939728.045,189.8227844,290,300,0,1,1,1,1,1,1,1,1,1,1
LSCE_10009,9,1,6438193.443,1938671.167,180.4261475,0,4,0,1,1,1,1,1,1,1,1,1,1
LSCE_10009,9,2,6438193.443,1938671.167,180.4261475,4,26,0,1,1,1,1,1,1,1,1,1,1
LSCE_10009,9,3,6438193.443,1938671.167,180.4261475,26,38,1,1,1,1,1,1,1,1,1,1,1
LSCE_10009,9,4,6438193.443,1938671.167,180.4261475,38,60,0,1,1,1,1,1,1,1,1,1,1
LSCE_10009,9,5,6438193.443,1938671.167,180.4261475,60,62,0,1,1,1,1,1,1,1,1,1,1
LSCE_10009,9,6,6438193.443,1938671.167,180.4261475,62,68,0,1,1,1,1,1,1,1,1,1,1
LSCE_10009,9,7,6438193.443,1938671.167,180.4261475,68,70,1,1,1,1,1,1,1,1,1,1,1
LSCE_10009,9,8,6438193.443,1938671.167,180.4261475,70,79,0,1,1,1,1,1,1,1,1,1,1
LSCE_10009,9,9,6438193.443,1938671.167,180.4261475,79,90,1,1,1,1,1,1,1,1,1,1,1
LSCE_10009,9,10,6438193.443,1938671.167,180.4261475,90,110,1,1,1,1,1,1,1,1,1,1,1
LSCE_10009,9,11,6438193.443,1938671.167,180.4261475,110,118,1,1,1,1,1,1,1,1,1,1,1
LSCE_10009,9,12,6438193.443,1938671.167,180.4261475,118,128,0,1,1,1,1,1,1,1,1,1,1
LSCE_10009,9,13,6438193.443,1938671.167,180.4261475,128,130,1,1,1,1,1,1,1,1,1,1,1
LSCE_10009,9,14,6438193.443,1938671.167,180.4261475,130,139,0,1,1,1,1,1,1,1,1,1,1
LSCE_10009,9,15,6438193.443,1938671.167,180.4261475,139,142,0,1,1,1,1,1,1,1,1,1,1
LSCE_10009,9,16,6438193.443,1938671.167,180.4261475,142,150,1,1,1,1,1,1,1,1,1,1,1
LSCE_10009,9,17,6438193.443,1938671.167,180.4261475,150,155,1,1,1,1,1,1,1,1,1,1,1
LSCE_10009,9,18,6438193.443,1938671.167,180.4261475,155,156,0,1,1,1,1,1,1,1,1,1,1
LSCE_10009,9,19,6438193.443,1938671.167,180.4261475,156,185,0,1,1,1,1,1,1,1,1,1,1
LSCE_10009,9,20,6438193.443,1938671.167,180.4261475,185,194,1,1,1,1,1,1,1,1,1,1,1
LSCE_10009,9,21,6438193.443,1938671.167,180.4261475,194,197,0,1,1,1,1,1,1,1,1,1,1
LSCE_10009,9,22,6438193.443,1938671.167,180.4261475,197,203,1,1,1,1,1,1,1,1,1,1,1
LSCE_10009,9,23,6438193.443,1938671.167,180.4261475,203,205,0,1,1,1,1,1,1,1,1,1,1
LSCE_10009,9,24,6438193.443,1938671.167,180.4261475,205,207,1,1,1,1,1,1,1,1,1,1,1
LSCE_10009,9,25,6438193.443,1938671.167,180.4261475,207,210,0,1,1,1,1,1,1,1,1,1,1
LSCE_10009,9,26,6438193.443,1938671.167,180.4261475,210,219,0,1,1,1,1,1,1,1,1,1,1
LSCE_10009,9,27,6438193.443,1938671.167,180.4261475,219,226,1,1,1,1,1,1,1,1,1,1,1
LSCE_10009,9,28,6438193.443,1938671.167,180.4261475,226,248,1,1,1,1,1,1,1,1,1,1,1
LSCE_10009,9,29,6438193.443,1938671.167,180.4261475,248,254,0,1,1,1,1,1,1,1,1,1,1
LSCE_10009,9,30,6438193.443,1938671.167,180.4261475,254,263,1,1,1,1,1,1,1,1,1,1,1
LSCE_10009,9,31,6438193.443,1938671.167,180.4261475,263,266,0,1,1,1,1,1,1,1,1,1,1
LSCE_10009,9,32,6438193.443,1938671.167,180.4261475,266,286,1,1,1,1,1,1,1,1,1,1,1
LSCE_10009,9,33,6438193.443,1938671.167,180.4261475,286,300,0,1,1,1,1,1,1,1,1,1,1
LSCE_10010,10,1,6436285.161,1938643.148,193.0991821,0,10,0,1,1,1,1,1,1,1,1,1,1
LSCE_10010,10,2,6436285.161,1938643.148,193.0991821,10,23,0,1,1,1,1,1,1,1,1,1,1
LSCE_10010,10,3,6436285.161,1938643.148,193.0991821,23,30,1,1,1,1,1,1,1,1,1,1,1
LSCE_10010,10,4,6436285.161,1938643.148,193.0991821,30,38,0,1,1,1,1,1,1,1,1,1,1
LSCE_10010,10,5,6436285.161,1938643.148,193.0991821,38,63,1,1,1,1,1,1,1,1,1,1,1
LSCE_10010,10,6,6436285.161,1938643.148,193.0991821,63,81,0,1,1,1,1,1,1,1,1,1,1
LSCE_10010,10,7,6436285.161,1938643.148,193.0991821,81,88,1,1,1,1,1,1,1,1,1,1,1
LSCE_10010,10,8,6436285.161,1938643.148,193.0991821,88,102,0,1,1,1,1,1,1,1,1,1,1
LSCE_10010,10,9,6436285.161,1938643.148,193.0991821,102,134,1,1,1,1,1,1,1,1,1,1,1
LSCE_10010,10,10,6436285.161,1938643.148,193.0991821,134,146,0,1,1,1,1,1,1,1,1,1,1
LSCE_10010,10,11,6436285.161,1938643.148,193.0991821,146,185,0,1,1,1,1,1,1,1,1,1,1
LSCE_10010,10,12,6436285.161,1938643.148,193.0991821,185,238,1,1,1,1,1,1,1,1,1,1,1
LSCE_10010,10,13,6436285.161,1938643.148,193.0991821,238,246,0,1,1,1,1,1,1,1,1,1,1
LSCE_10010,10,14,6436285.161,1938643.148,193.0991821,246,274,1,1,1,1,1,1,1,1,1,1,1
LSCE_10010,10,15,6436285.161,1938643.148,193.0991821,274,328,1,1,1,1,1,1,1,1,1,1,1
LSCE_10010,10,16,6436285.161,1938643.148,193.0991821,328,338,0,1,1,1,1,1,1,1,1,1,1
LSCE_10010,10,17,6436285.161,1938643.148,193.0991821,338,364,1,1,1,1,1,1,1,1,1,1,1
LSCE_10010,10,18,6436285.161,1938643.148,193.0991821,364,381,1,1,1,1,1,1,1,1,1,1,1
LSCE_10011,11,1,6437368.207,1938496.647,186.0870819,0,4,0,1,1,1,1,1,1,1,1,1,1
LSCE_10011,11,2,6437368.207,1938496.647,186.0870819,4,27,0,1,1,1,1,1,1,1,1,1,1
LSCE_10011,11,3,6437368.207,1938496.647,186.0870819,27,38,1,1,1,1,1,1,1,1,1,1,1
LSCE_10011,11,4,6437368.207,1938496.647,186.0870819,38,83,0,1,1,1,1,1,1,1,1,1,1
LSCE_10011,11,5,6437368.207,1938496.647,186.0870819,83,92,1,1,1,1,1,1,1,1,1,1,1
LSCE_10011,11,6,6437368.207,1938496.647,186.0870819,92,96,1,1,1,1,1,1,1,1,1,1,1
LSCE_10011,11,7,6437368.207,1938496.647,186.0870819,96,118,0,1,1,1,1,1,1,1,1,1,1
LSCE_10011,11,8,6437368.207,1938496.647,186.0870819,118,139,0,1,1,1,1,1,1,1,1,1,1
LSCE_10011,11,9,6437368.207,1938496.647,186.0870819,139,143,0,1,1,1,1,1,1,1,1,1,1
LSCE_10011,11,10,6437368.207,1938496.647,186.0870819,143,183,0,1,1,1,1,1,1,1,1,1,1
LSCE_10011,11,11,6437368.207,1938496.647,186.0870819,183,225,0,1,1,1,1,1,1,1,1,1,1
LSCE_10011,11,12,6437368.207,1938496.647,186.0870819,225,252,1,1,1,1,1,1,1,1,1,1,1
LSCE_10011,11,13,6437368.207,1938496.647,186.0870819,252,332,0,1,1,1,1,1,1,1,1,1,1
LSCE_10011,11,14,6437368.207,1938496.647,186.0870819,332,351,0,1,1,1,1,1,1,1,1,1,1
LSCE_10011,11,15,6437368.207,1938496.647,186.0870819,351,387,1,1,1,1,1,1,1,1,1,1,1
LSCE_10011,11,16,6437368.207,1938496.647,186.0870819,387,398,0,1,1,1,1,1,1,1,1,1,1
LSCE_10011,11,17,6437368.207,1938496.647,186.0870819,398,410,0,1,1,1,1,1,1,1,1,1,1
LSCE_10012,12,1,6434469.844,1936963.603,193.9873962,0,142,0,1,1,1,1,1,1,1,1,1,1
LSCE_10012,12,2,6434469.844,1936963.603,193.9873962,142,149,0,1,1,1,1,1,1,1,1,1,1
LSCE_10012,12,3,6434469.844,1936963.603,193.9873962,149,261,0,1,1,1,1,1,1,1,1,1,1
LSCE_10012,12,4,6434469.844,1936963.603,193.9873962,261,280,0,1,1,1,1,1,1,1,1,1,1
LSCE_10012,12,5,6434469.844,1936963.603,193.9873962,280,312,0,1,1,1,1,1,1,1,1,1,1
LSCE_10013,13,1,6435639.687,1937406.949,194.3580322,0,25,0,1,1,1,1,1,1,1,1,1,1
LSCE_10013,13,2,6435639.687,1937406.949,194.3580322,25,60,1,1,1,1,1,1,1,1,1,1,1
LSCE_10013,13,3,6435639.687,1937406.949,194.3580322,60,150,0,1,1,1,1,1,1,1,1,1,1
LSCE_10013,13,4,6435639.687,1937406.949,194.3580322,150,170,0,1,1,1,1,1,1,1,1,1,1
LSCE_10013,13,5,6435639.687,1937406.949,194.3580322,170,175,1,1,1,1,1,1,1,1,1,1,1
LSCE_10013,13,6,6435639.687,1937406.949,194.3580322,175,205,0,1,1,1,1,1,1,1,1,1,1
LSCE_10013,13,7,6435639.687,1937406.949,194.3580322,205,210,1,1,1,1,1,1,1,1,1,1,1
LSCE_10013,13,8,6435639.687,1937406.949,194.3580322,210,250,0,1,1,1,1,1,1,1,1,1,1
LSCE_10013,13,9,6435639.687,1937406.949,194.3580322,250,255,1,1,1,1,1,1,1,1,1,1,1
LSCE_10013,13,10,6435639.687,1937406.949,194.3580322,255,305,0,1,1,1,1,1,1,1,1,1,1
LSCE_10013,13,11,6435639.687,1937406.949,194.3580322,305,340,0,1,1,1,1,1,1,1,1,1,1
LSCE_10013,13,12,6435639.687,1937406.949,194.3580322,340,345,0,1,1,1,1,1,1,1,1,1,1
LSCE_10013,13,13,6435639.687,1937406.949,194.3580322,345,445,0,1,1,1,1,1,1,1,1,1,1
LSCE_10014,14,1,6436833.517,1937548.323,185.9698029,0,6,0,1,1,1,1,1,1,1,1,1,1
LSCE_10014,14,2,6436833.517,1937548.323,185.9698029,6,14,0,1,1,1,1,1,1,1,1,1,1
LSCE_10014,14,3,6436833.517,1937548.323,185.9698029,14,28,1,1,1,1,1,1,1,1,1,1,1
LSCE_10014,14,4,6436833.517,1937548.323,185.9698029,28,32,0,1,1,1,1,1,1,1,1,1,1
LSCE_10014,14,5,6436833.517,1937548.323,185.9698029,32,67,1,1,1,1,1,1,1,1,1,1,1
LSCE_10014,14,6,6436833.517,1937548.323,185.9698029,67,74,0,1,1,1,1,1,1,1,1,1,1
LSCE_10014,14,7,6436833.517,1937548.323,185.9698029,74,103,1,1,1,1,1,1,1,1,1,1,1
LSCE_10014,14,8,6436833.517,1937548.323,185.9698029,103,134,0,1,1,1,1,1,1,1,1,1,1
LSCE_10014,14,9,6436833.517,1937548.323,185.9698029,134,158,1,1,1,1,1,1,1,1,1,1,1
LSCE_10014,14,10,6436833.517,1937548.323,185.9698029,158,172,0,1,1,1,1,1,1,1,1,1,1
LSCE_10014,14,11,6436833.517,1937548.323,185.9698029,172,186,1,1,1,1,1,1,1,1,1,1,1
LSCE_10014,14,12,6436833.517,1937548.323,185.9698029,186,223,0,1,1,1,1,1,1,1,1,1,1
LSCE_10014,14,13,6436833.517,1937548.323,185.9698029,223,257,1,1,1,1,1,1,1,1,1,1,1
LSCE_10014,14,14,6436833.517,1937548.323,185.9698029,257,265,0,1,1,1,1,1,1,1,1,1,1
LSCE_10014,14,15,6436833.517,1937548.323,185.9698029,265,282,1,1,1,1,1,1,1,1,1,1,1
LSCE_10014,14,16,6436833.517,1937548.323,185.9698029,282,334,0,1,1,1,1,1,1,1,1,1,1
LSCE_10014,14,17,6436833.517,1937548.323,185.9698029,334,358,1,1,1,1,1,1,1,1,1,1,1
LSCE_10014,14,18,6436833.517,1937548.323,185.9698029,358,392,1,1,1,1,1,1,1,1,1,1,1
LSCE_10014,14,19,6436833.517,1937548.323,185.9698029,392,418,0,1,1,1,1,1,1,1,1,1,1
LSCE_10014,14,20,6436833.517,1937548.323,185.9698029,418,454,0,1,1,1,1,1,1,1,1,1,1
LSCE_10014,14,21,6436833.517,1937548.323,185.9698029,454,483,1,1,1,1,1,1,1,1,1,1,1
LSCE_10015,15,1,6436692.251,1937877.131,188.3741608,0,9,0,1,1,1,1,1,1,1,1,1,1
LSCE_10015,15,2,6436692.251,1937877.131,188.3741608,9,13,1,1,1,1,1,1,1,1,1,1,1
LSCE_10015,15,3,6436692.251,1937877.131,188.3741608,13,29,1,1,1,1,1,1,1,1,1,1,1
LSCE_10015,15,4,6436692.251,1937877.131,188.3741608,29,34,0,1,1,1,1,1,1,1,1,1,1
LSCE_10015,15,5,6436692.251,1937877.131,188.3741608,34,48,1,1,1,1,1,1,1,1,1,1,1
LSCE_10015,15,6,6436692.251,1937877.131,188.3741608,48,53,0,1,1,1,1,1,1,1,1,1,1
LSCE_10015,15,7,6436692.251,1937877.131,188.3741608,53,90,1,1,1,1,1,1,1,1,1,1,1
LSCE_10015,15,8,6436692.251,1937877.131,188.3741608,90,105,0,1,1,1,1,1,1,1,1,1,1
LSCE_10015,15,9,6436692.251,1937877.131,188.3741608,105,113,0,1,1,1,1,1,1,1,1,1,1
LSCE_10015,15,10,6436692.251,1937877.131,188.3741608,113,121,1,1,1,1,1,1,1,1,1,1,1
LSCE_10015,15,11,6436692.251,1937877.131,188.3741608,121,125,1,1,1,1,1,1,1,1,1,1,1
LSCE_10015,15,12,6436692.251,1937877.131,188.3741608,125,129,0,1,1,1,1,1,1,1,1,1,1
LSCE_10015,15,13,6436692.251,1937877.131,188.3741608,129,133,1,1,1,1,1,1,1,1,1,1,1
LSCE_10015,15,14,6436692.251,1937877.131,188.3741608,133,161,0,1,1,1,1,1,1,1,1,1,1
LSCE_10015,15,15,6436692.251,1937877.131,188.3741608,161,250,1,1,1,1,1,1,1,1,1,1,1
LSCE_10015,15,16,6436692.251,1937877.131,188.3741608,250,265,0,1,1,1,1,1,1,1,1,1,1
LSCE_10016,16,1,6433300.089,1935675.766,199.1668854,0,6,0,1,1,1,1,1,1,1,1,1,1
LSCE_10017,17,1,6432586.03,1935200.761,202.2277069,0,6,0,1,1,1,1,1,1,1,1,1,1
LSCE_10017,17,2,6432586.03,1935200.761,202.2277069,6,15,1,1,1,1,1,1,1,1,1,1,1
LSCE_10017,17,3,6432586.03,1935200.761,202.2277069,15,22,0,1,1,1,1,1,1,1,1,1,1
LSCE_10017,17,4,6432586.03,1935200.761,202.2277069,22,35,0,1,1,1,1,1,1,1,1,1,1
LSCE_10017,17,5,6432586.03,1935200.761,202.2277069,35,72,1,1,1,1,1,1,1,1,1,1,1
LSCE_10017,17,6,6432586.03,1935200.761,202.2277069,72,80,0,1,1,1,1,1,1,1,1,1,1
LSCE_10017,17,7,6432586.03,1935200.761,202.2277069,80,95,0,1,1,1,1,1,1,1,1,1,1
LSCE_10018,18,1,6436870.532,1936611.828,181.8916779,0,8,0,1,1,1,1,1,1,1,1,1,1
LSCE_10018,18,2,6436870.532,1936611.828,181.8916779,8,55,0,1,1,1,1,1,1,1,1,1,1
LSCE_10018,18,3,6436870.532,1936611.828,181.8916779,55,88,1,1,1,1,1,1,1,1,1,1,1
LSCE_10018,18,4,6436870.532,1936611.828,181.8916779,88,130,1,1,1,1,1,1,1,1,1,1,1
LSCE_10018,18,5,6436870.532,1936611.828,181.8916779,130,152,0,1,1,1,1,1,1,1,1,1,1
LSCE_10018,18,6,6436870.532,1936611.828,181.8916779,152,190,0,1,1,1,1,1,1,1,1,1,1
LSCE_10018,18,7,6436870.532,1936611.828,181.8916779,190,230,1,1,1,1,1,1,1,1,1,1,1
LSCE_10018,18,8,6436870.532,1936611.828,181.8916779,230,290,0,1,1,1,1,1,1,1,1,1,1
LSCE_10018,18,9,6436870.532,1936611.828,181.8916779,290,445,0,1,1,1,1,1,1,1,1,1,1
LSCE_10018,18,10,6436870.532,1936611.828,181.8916779,445,475,0,1,1,1,1,1,1,1,1,1,1
LSCE_10018,18,11,6436870.532,1936611.828,181.8916779,475,520,0,1,1,1,1,1,1,1,1,1,1
LSCE_10018,18,12,6436870.532,1936611.828,181.8916779,520,565,0,1,1,1,1,1,1,1,1,1,1
LSCE_10018,18,13,6436870.532,1936611.828,181.8916779,565,585,0,1,1,1,1,1,1,1,1,1,1
LSCE_10018,18,14,6436870.532,1936611.828,181.8916779,585,610,0,1,1,1,1,1,1,1,1,1,1
LSCE_10019,19,1,6433487.493,1936756.833,196.6424866,0,13,0,1,1,1,1,1,1,1,1,1,1
LSCE_10019,19,2,6433487.493,1936756.833,196.6424866,13,21,1,1,1,1,1,1,1,1,1,1,1
LSCE_10019,19,3,6433487.493,1936756.833,196.6424866,21,32,0,1,1,1,1,1,1,1,1,1,1
LSCE_10019,19,4,6433487.493,1936756.833,196.6424866,32,35,1,1,1,1,1,1,1,1,1,1,1
LSCE_10019,19,5,6433487.493,1936756.833,196.6424866,35,45,0,1,1,1,1,1,1,1,1,1,1
LSCE_10019,19,6,6433487.493,1936756.833,196.6424866,45,49,1,1,1,1,1,1,1,1,1,1,1
LSCE_10019,19,7,6433487.493,1936756.833,196.6424866,49,82,0,1,1,1,1,1,1,1,1,1,1
LSCE_10019,19,8,6433487.493,1936756.833,196.6424866,82,87,1,1,1,1,1,1,1,1,1,1,1
LSCE_10019,19,9,6433487.493,1936756.833,196.6424866,87,121,0,1,1,1,1,1,1,1,1,1,1
LSCE_10019,19,10,6433487.493,1936756.833,196.6424866,121,126,1,1,1,1,1,1,1,1,1,1,1
LSCE_10019,19,11,6433487.493,1936756.833,196.6424866,126,360,0,1,1,1,1,1,1,1,1,1,1
LSCE_10019,19,12,6433487.493,1936756.833,196.6424866,360,490,1,1,1,1,1,1,1,1,1,1,1
LSCE_10020,20,1,6433829.369,1935488.883,194.2892609,0,7,0,1,1,1,1,1,1,1,1,1,1
LSCE_10020,20,2,6433829.369,1935488.883,194.2892609,7,15,1,1,1,1,1,1,1,1,1,1,1
LSCE_10020,20,3,6433829.369,1935488.883,194.2892609,15,40,0,1,1,1,1,1,1,1,1,1,1
LSCE_10020,20,4,6433829.369,1935488.883,194.2892609,40,50,1,1,1,1,1,1,1,1,1,1,1
LSCE_10020,20,5,6433829.369,1935488.883,194.2892609,50,130,0,1,1,1,1,1,1,1,1,1,1
LSCE_10020,20,6,6433829.369,1935488.883,194.2892609,130,240,0,1,1,1,1,1,1,1,1,1,1
LSCE_10021,21,1,6438175.922,1942577.487,186.760025,0,4,0,1,1,1,1,1,1,1,1,1,1
LSCE_10021,21,2,6438175.922,1942577.487,186.760025,4,21,1,1,1,1,1,1,1,1,1,1,1
LSCE_10021,21,3,6438175.922,1942577.487,186.760025,21,60,1,1,1,1,1,1,1,1,1,1,1
LSCE_10021,21,4,6438175.922,1942577.487,186.760025,60,83,0,1,1,1,1,1,1,1,1,1,1
LSCE_10021,21,5,6438175.922,1942577.487,186.760025,83,91,1,1,1,1,1,1,1,1,1,1,1
LSCE_10021,21,6,6438175.922,1942577.487,186.760025,91,141,0,1,1,1,1,1,1,1,1,1,1
LSCE_10021,21,7,6438175.922,1942577.487,186.760025,141,153,0,1,1,1,1,1,1,1,1,1,1
LSCE_10021,21,8,6438175.922,1942577.487,186.760025,153,187,0,1,1,1,1,1,1,1,1,1,1
LSCE_10021,21,9,6438175.922,1942577.487,186.760025,187,199,0,1,1,1,1,1,1,1,1,1,1
LSCE_10021,21,10,6438175.922,1942577.487,186.760025,199,265,0,1,1,1,1,1,1,1,1,1,1
LSCE_10021,21,11,6438175.922,1942577.487,186.760025,265,341,0,1,1,1,1,1,1,1,1,1,1
LSCE_10021,21,12,6438175.922,1942577.487,186.760025,341,359,1,1,1,1,1,1,1,1,1,1,1
LSCE_10021,21,13,6438175.922,1942577.487,186.760025,359,364,0,1,1,1,1,1,1,1,1,1,1
LSCE_10021,21,14,6438175.922,1942577.487,186.760025,364,376,1,1,1,1,1,1,1,1,1,1,1
LSCE_10021,21,15,6438175.922,1942577.487,186.760025,376,468,0,1,1,1,1,1,1,1,1,1,1
LSCE_10021,21,16,6438175.922,1942577.487,186.760025,468,524,0,1,1,1,1,1,1,1,1,1,1
LSCE_10021,21,17,6438175.922,1942577.487,186.760025,524,556,1,1,1,1,1,1,1,1,1,1,1
LSCE_10022,22,1,6439169.173,1943087.018,216.2130127,0,7,0,1,1,1,1,1,1,1,1,1,1
LSCE_10022,22,2,6439169.173,1943087.018,216.2130127,7,15,0,1,1,1,1,1,1,1,1,1,1
LSCE_10022,22,3,6439169.173,1943087.018,216.2130127,15,25,0,1,1,1,1,1,1,1,1,1,1
LSCE_10022,22,4,6439169.173,1943087.018,216.2130127,25,30,1,1,1,1,1,1,1,1,1,1,1
LSCE_10022,22,5,6439169.173,1943087.018,216.2130127,30,75,1,1,1,1,1,1,1,1,1,1,1
LSCE_10023,23,1,6440149.86,1942263.368,180.3602905,0,25,1,1,1,1,1,1,1,1,1,1,1
LSCE_10023,23,2,6440149.86,1942263.368,180.3602905,25,47,0,1,1,1,1,1,1,1,1,1,1
LSCE_10023,23,3,6440149.86,1942263.368,180.3602905,47,53,0,1,1,1,1,1,1,1,1,1,1
LSCE_10023,23,4,6440149.86,1942263.368,180.3602905,53,57,1,1,1,1,1,1,1,1,1,1,1
LSCE_10023,23,5,6440149.86,1942263.368,180.3602905,57,64,0,1,1,1,1,1,1,1,1,1,1
LSCE_10023,23,6,6440149.86,1942263.368,180.3602905,64,79,1,1,1,1,1,1,1,1,1,1,1
LSCE_10023,23,7,6440149.86,1942263.368,180.3602905,79,83,0,1,1,1,1,1,1,1,1,1,1
LSCE_10023,23,8,6440149.86,1942263.368,180.3602905,83,88,1,1,1,1,1,1,1,1,1,1,1
LSCE_10023,23,9,6440149.86,1942263.368,180.3602905,88,101,0,1,1,1,1,1,1,1,1,1,1
LSCE_10023,23,10,6440149.86,1942263.368,180.3602905,101,122,1,1,1,1,1,1,1,1,1,1,1
LSCE_10023,23,11,6440149.86,1942263.368,180.3602905,122,140,0,1,1,1,1,1,1,1,1,1,1
LSCE_10023,23,12,6440149.86,1942263.368,180.3602905,140,151,1,1,1,1,1,1,1,1,1,1,1
LSCE_10023,23,13,6440149.86,1942263.368,180.3602905,151,162,0,1,1,1,1,1,1,1,1,1,1
LSCE_10023,23,14,6440149.86,1942263.368,180.3602905,162,180,1,1,1,1,1,1,1,1,1,1,1
LSCE_10023,23,15,6440149.86,1942263.368,180.3602905,180,222,1,1,1,1,1,1,1,1,1,1,1
LSCE_10023,23,16,6440149.86,1942263.368,180.3602905,222,235,0,1,1,1,1,1,1,1,1,1,1
LSCE_10023,23,17,6440149.86,1942263.368,180.3602905,235,345,0,1,1,1,1,1,1,1,1,1,1
LSCE_10023,23,18,6440149.86,1942263.368,180.3602905,257,266,0,1,1,1,1,1,1,1,1,1,1
LSCE_10023,23,19,6440149.86,1942263.368,180.3602905,257,345,0,1,1,1,1,1,1,1,1,1,1
LSCE_10024,24,1,6454810.885,1931438.127,309.579071,0,5,0,1,1,1,1,1,1,1,1,1,1
LSCE_10024,24,2,6454810.885,1931438.127,309.579071,5,40,0,1,1,1,1,1,1,1,1,1,1
LSCE_10024,24,3,6454810.885,1931438.127,309.579071,40,70,0,1,1,1,1,1,1,1,1,1,1
LSCE_10024,24,4,6454810.885,1931438.127,309.579071,70,73,1,1,1,1,1,1,1,1,1,1,1
LSCE_10024,24,5,6454810.885,1931438.127,309.579071,73,110,0,1,1,1,1,1,1,1,1,1,1
LSCE_10024,24,6,6454810.885,1931438.127,309.579071,110,112,1,1,1,1,1,1,1,1,1,1,1
LSCE_10025,25,1,6453359.989,1930252.154,139.4498444,0,4,0,1,1,1,1,1,1,1,1,1,1
LSCE_10025,25,2,6453359.989,1930252.154,139.4498444,4,42,0,1,1,1,1,1,1,1,1,1,1
LSCE_10026,26,1,6450034.382,1930445.022,144.8394318,0,10,0,1,1,1,1,1,1,1,1,1,1
LSCE_10026,26,2,6450034.382,1930445.022,144.8394318,10,20,1,1,1,1,1,1,1,1,1,1,1
LSCE_10026,26,3,6450034.382,1930445.022,144.8394318,20,30,0,1,1,1,1,1,1,1,1,1,1
LSCE_10026,26,4,6450034.382,1930445.022,144.8394318,30,40,1,1,1,1,1,1,1,1,1,1,1
LSCE_10026,26,5,6450034.382,1930445.022,144.8394318,40,100,1,1,1,1,1,1,1,1,1,1,1
LSCE_10026,26,6,6450034.382,1930445.022,144.8394318,100,110,0,1,1,1,1,1,1,1,1,1,1
LSCE_10026,26,7,6450034.382,1930445.022,144.8394318,110,120,1,1,1,1,1,1,1,1,1,1,1
LSCE_10027,27,1,6450684.421,1929650.507,147.4528656,0,4,0,1,1,1,1,1,1,1,1,1,1
LSCE_10027,27,2,6450684.421,1929650.507,147.4528656,4,12,0,1,1,1,1,1,1,1,1,1,1
LSCE_10027,27,3,6450684.421,1929650.507,147.4528656,12,19,1,1,1,1,1,1,1,1,1,1,1
LSCE_10027,27,4,6450684.421,1929650.507,147.4528656,19,58,0,1,1,1,1,1,1,1,1,1,1
LSCE_10027,27,5,6450684.421,1929650.507,147.4528656,58,76,1,1,1,1,1,1,1,1,1,1,1
LSCE_10027,27,6,6450684.421,1929650.507,147.4528656,76,78,1,1,1,1,1,1,1,1,1,1,1
LSCE_10027,27,7,6450684.421,1929650.507,147.4528656,78,79,1,1,1,1,1,1,1,1,1,1,1
LSCE_10027,27,8,6450684.421,1929650.507,147.4528656,79,87,0,1,1,1,1,1,1,1,1,1,1
LSCE_10027,27,9,6450684.421,1929650.507,147.4528656,87,88,1,1,1,1,1,1,1,1,1,1,1
LSCE_10027,27,10,6450684.421,1929650.507,147.4528656,88,102,0,1,1,1,1,1,1,1,1,1,1
LSCE_10027,27,11,6450684.421,1929650.507,147.4528656,102,103,1,1,1,1,1,1,1,1,1,1,1
LSCE_10027,27,12,6450684.421,1929650.507,147.4528656,103,157,1,1,1,1,1,1,1,1,1,1,1
LSCE_10028,28,1,6452161.282,1929076.489,136.4493561,0,10,0,1,1,1,1,1,1,1,1,1,1
LSCE_10028,28,2,6452161.282,1929076.489,136.4493561,10,45,0,1,1,1,1,1,1,1,1,1,1
LSCE_10028,28,3,6452161.282,1929076.489,136.4493561,45,80,1,1,1,1,1,1,1,1,1,1,1
LSCE_10028,28,4,6452161.282,1929076.489,136.4493561,80,100,1,1,1,1,1,1,1,1,1,1,1
LSCE_10028,28,5,6452161.282,1929076.489,136.4493561,100,135,0,1,1,1,1,1,1,1,1,1,1
LSCE_10028,28,6,6452161.282,1929076.489,136.4493561,135,145,0,1,1,1,1,1,1,1,1,1,1
LSCE_10028,28,7,6452161.282,1929076.489,136.4493561,145,150,0,1,1,1,1,1,1,1,1,1,1
LSCE_10028,28,8,6452161.282,1929076.489,136.4493561,150,196,0,1,1,1,1,1,1,1,1,1,1
LSCE_10028,28,9,6452161.282,1929076.489,136.4493561,196,205,0,1,1,1,1,1,1,1,1,1,1
LSCE_10029,29,1,6452580.304,1930121.391,139.313324,0,5,0,1,1,1,1,1,1,1,1,1,1
LSCE_10029,29,2,6452580.304,1930121.391,139.313324,5,20,0,1,1,1,1,1,1,1,1,1,1
LSCE_10029,29,3,6452580.304,1930121.391,139.313324,20,50,0,1,1,1,1,1,1,1,1,1,1
LSCE_10029,29,4,6452580.304,1930121.391,139.313324,50,65,1,1,1,1,1,1,1,1,1,1,1
LSCE_10029,29,5,6452580.304,1930121.391,139.313324,65,227,0,1,1,1,1,1,1,1,1,1,1
LSCE_10029,29,6,6452580.304,1930121.391,139.313324,227,232,1,1,1,1,1,1,1,1,1,1,1
LSCE_10030,30,1,6454434.63,1929418.459,140.6718292,0,12,0,1,1,1,1,1,1,1,1,1,1
LSCE_10030,30,2,6454434.63,1929418.459,140.6718292,12,19,1,1,1,1,1,1,1,1,1,1,1
LSCE_10030,30,3,6454434.63,1929418.459,140.6718292,19,36,0,1,1,1,1,1,1,1,1,1,1
LSCE_10030,30,4,6454434.63,1929418.459,140.6718292,36,42,1,1,1,1,1,1,1,1,1,1,1
LSCE_10030,30,5,6454434.63,1929418.459,140.6718292,42,78,1,1,1,1,1,1,1,1,1,1,1
LSCE_10030,30,6,6454434.63,1929418.459,140.6718292,78,96,0,1,1,1,1,1,1,1,1,1,1
LSCE_10030,30,7,6454434.63,1929418.459,140.6718292,96,101,1,1,1,1,1,1,1,1,1,1,1
LSCE_10030,30,8,6454434.63,1929418.459,140.6718292,101,107,0,1,1,1,1,1,1,1,1,1,1
LSCE_10030,30,9,6454434.63,1929418.459,140.6718292,107,115,1,1,1,1,1,1,1,1,1,1,1
LSCE_10030,30,10,6454434.63,1929418.459,140.6718292,115,121,0,1,1,1,1,1,1,1,1,1,1
LSCE_10030,30,11,6454434.63,1929418.459,140.6718292,121,145,1,1,1,1,1,1,1,1,1,1,1
LSCE_10030,30,12,6454434.63,1929418.459,140.6718292,145,170,0,1,1,1,1,1,1,1,1,1,1
LSCE_10030,30,13,6454434.63,1929418.459,140.6718292,170,185,0,1,1,1,1,1,1,1,1,1,1
LSCE_10031,31,1,6449117.415,1930420.566,143.8563538,0,4,0,1,1,1,1,1,1,1,1,1,1
LSCE_10031,31,2,6449117.415,1930420.566,143.8563538,4,6,0,1,1,1,1,1,1,1,1,1,1
LSCE_10031,31,3,6449117.415,1930420.566,143.8563538,6,32,0,1,1,1,1,1,1,1,1,1,1
LSCE_10031,31,4,6449117.415,1930420.566,143.8563538,32,40,0,1,1,1,1,1,1,1,1,1,1
LSCE_10031,31,5,6449117.415,1930420.566,143.8563538,40,95,0,1,1,1,1,1,1,1,1,1,1
LSCE_10031,31,6,6449117.415,1930420.566,143.8563538,95,105,1,1,1,1,1,1,1,1,1,1,1
LSCE_10031,31,7,6449117.415,1930420.566,143.8563538,105,355,0,1,1,1,1,1,1,1,1,1,1
LSCE_10032,32,1,6444709.193,1928252.355,128.5284271,0,18,0,1,1,1,1,1,1,1,1,1,1
LSCE_10032,32,2,6444709.193,1928252.355,128.5284271,18,25,1,1,1,1,1,1,1,1,1,1,1
LSCE_10032,32,3,6444709.193,1928252.355,128.5284271,25,45,1,1,1,1,1,1,1,1,1,1,1
LSCE_10032,32,4,6444709.193,1928252.355,128.5284271,45,85,1,1,1,1,1,1,1,1,1,1,1
LSCE_10032,32,5,6444709.193,1928252.355,128.5284271,85,93,0,1,1,1,1,1,1,1,1,1,1
LSCE_10032,32,6,6444709.193,1928252.355,128.5284271,93,110,1,1,1,1,1,1,1,1,1,1,1
LSCE_10032,32,7,6444709.193,1928252.355,128.5284271,110,122,0,1,1,1,1,1,1,1,1,1,1
LSCE_10032,32,8,6444709.193,1928252.355,128.5284271,122,124,1,1,1,1,1,1,1,1,1,1,1
LSCE_10032,32,9,6444709.193,1928252.355,128.5284271,124,135,0,1,1,1,1,1,1,1,1,1,1
LSCE_10032,32,10,6444709.193,1928252.355,128.5284271,135,160,1,1,1,1,1,1,1,1,1,1,1
LSCE_10032,32,11,6444709.193,1928252.355,128.5284271,160,210,1,1,1,1,1,1,1,1,1,1,1
LSCE_10032,32,12,6444709.193,1928252.355,128.5284271,210,235,0,1,1,1,1,1,1,1,1,1,1
LSCE_10032,32,13,6444709.193,1928252.355,128.5284271,235,240,1,1,1,1,1,1,1,1,1,1,1
LSCE_10032,32,14,6444709.193,1928252.355,128.5284271,240,250,0,1,1,1,1,1,1,1,1,1,1
LSCE_10033,33,1,6446718.203,1927122.082,141.0942535,0,12,0,1,1,1,1,1,1,1,1,1,1
LSCE_10033,33,2,6446718.203,1927122.082,141.0942535,12,18,0,1,1,1,1,1,1,1,1,1,1
LSCE_10033,33,3,6446718.203,1927122.082,141.0942535,18,52,1,1,1,1,1,1,1,1,1,1,1
LSCE_10033,33,4,6446718.203,1927122.082,141.0942535,52,87,1,1,1,1,1,1,1,1,1,1,1
LSCE_10033,33,5,6446718.203,1927122.082,141.0942535,87,97,0,1,1,1,1,1,1,1,1,1,1
LSCE_10033,33,6,6446718.203,1927122.082,141.0942535,97,124,1,1,1,1,1,1,1,1,1,1,1
LSCE_10033,33,7,6446718.203,1927122.082,141.0942535,124,143,0,1,1,1,1,1,1,1,1,1,1
LSCE_10033,33,8,6446718.203,1927122.082,141.0942535,143,160,1,1,1,1,1,1,1,1,1,1,1
LSCE_10033,33,9,6446718.203,1927122.082,141.0942535,160,163,0,1,1,1,1,1,1,1,1,1,1
LSCE_10033,33,10,6446718.203,1927122.082,141.0942535,163,211,1,1,1,1,1,1,1,1,1,1,1
LSCE_10034,34,1,6446945.944,1927528.234,140.7546539,0,19,0,1,1,1,1,1,1,1,1,1,1
LSCE_10034,34,2,6446945.944,1927528.234,140.7546539,19,82,1,1,1,1,1,1,1,1,1,1,1
LSCE_10034,34,3,6446945.944,1927528.234,140.7546539,82,120,0,1,1,1,1,1,1,1,1,1,1
LSCE_10034,34,4,6446945.944,1927528.234,140.7546539,120,153,1,1,1,1,1,1,1,1,1,1,1
LSCE_10034,34,5,6446945.944,1927528.234,140.7546539,153,161,0,1,1,1,1,1,1,1,1,1,1
LSCE_10034,34,6,6446945.944,1927528.234,140.7546539,161,192,1,1,1,1,1,1,1,1,1,1,1
LSCE_10034,34,7,6446945.944,1927528.234,140.7546539,192,196,0,1,1,1,1,1,1,1,1,1,1
LSCE_10034,34,8,6446945.944,1927528.234,140.7546539,196,263,1,1,1,1,1,1,1,1,1,1,1
LSCE_10034,34,9,6446945.944,1927528.234,140.7546539,263,313,1,1,1,1,1,1,1,1,1,1,1
LSCE_10034,34,10,6446945.944,1927528.234,140.7546539,313,354,0,1,1,1,1,1,1,1,1,1,1
LSCE_10034,34,11,6446945.944,1927528.234,140.7546539,354,386,1,1,1,1,1,1,1,1,1,1,1
LSCE_10035,35,1,6445243.963,1927064.539,142.8364258,0,35,0,1,1,1,1,1,1,1,1,1,1
LSCE_10035,35,2,6445243.963,1927064.539,142.8364258,35,110,1,1,1,1,1,1,1,1,1,1,1
LSCE_10035,35,3,6445243.963,1927064.539,142.8364258,110,150,0,1,1,1,1,1,1,1,1,1,1
LSCE_10035,35,4,6445243.963,1927064.539,142.8364258,150,173,1,1,1,1,1,1,1,1,1,1,1
LSCE_10035,35,5,6445243.963,1927064.539,142.8364258,173,193,0,1,1,1,1,1,1,1,1,1,1
LSCE_10035,35,6,6445243.963,1927064.539,142.8364258,193,260,0,1,1,1,1,1,1,1,1,1,1
LSCE_10036,36,1,6448425.947,1926547.926,135.0652466,0,6,0,1,1,1,1,1,1,1,1,1,1
LSCE_10036,36,2,6448425.947,1926547.926,135.0652466,6,38,0,1,1,1,1,1,1,1,1,1,1
LSCE_10036,36,3,6448425.947,1926547.926,135.0652466,38,60,1,1,1,1,1,1,1,1,1,1,1
LSCE_10036,36,4,6448425.947,1926547.926,135.0652466,60,96,0,1,1,1,1,1,1,1,1,1,1
LSCE_10036,36,5,6448425.947,1926547.926,135.0652466,96,106,1,1,1,1,1,1,1,1,1,1,1
LSCE_10036,36,6,6448425.947,1926547.926,135.0652466,106,112,0,1,1,1,1,1,1,1,1,1,1
LSCE_10036,36,7,6448425.947,1926547.926,135.0652466,112,130,1,1,1,1,1,1,1,1,1,1,1
LSCE_10036,36,8,6448425.947,1926547.926,135.0652466,130,154,0,1,1,1,1,1,1,1,1,1,1
LSCE_10036,36,9,6448425.947,1926547.926,135.0652466,154,231,1,1,1,1,1,1,1,1,1,1,1
LSCE_10036,36,10,6448425.947,1926547.926,135.0652466,231,242,0,1,1,1,1,1,1,1,1,1,1
LSCE_10036,36,11,6448425.947,1926547.926,135.0652466,242,256,0,1,1,1,1,1,1,1,1,1,1
LSCE_10036,36,12,6448425.947,1926547.926,135.0652466,256,277,1,1,1,1,1,1,1,1,1,1,1
LSCE_10036,36,13,6448425.947,1926547.926,135.0652466,277,284,0,1,1,1,1,1,1,1,1,1,1
LSCE_10036,36,14,6448425.947,1926547.926,135.0652466,284,312,1,1,1,1,1,1,1,1,1,1,1
LSCE_10036,36,15,6448425.947,1926547.926,135.0652466,312,322,0,1,1,1,1,1,1,1,1,1,1
LSCE_10036,36,16,6448425.947,1926547.926,135.0652466,322,368,1,1,1,1,1,1,1,1,1,1,1
LSCE_10037,37,1,6448899.083,1927017.853,134.7913818,0,6,0,1,1,1,1,1,1,1,1,1,1
LSCE_10037,37,2,6448899.083,1927017.853,134.7913818,6,18,0,1,1,1,1,1,1,1,1,1,1
LSCE_10037,37,3,6448899.083,1927017.853,134.7913818,18,34,1,1,1,1,1,1,1,1,1,1,1
LSCE_10037,37,4,6448899.083,1927017.853,134.7913818,34,41,0,1,1,1,1,1,1,1,1,1,1
LSCE_10037,37,5,6448899.083,1927017.853,134.7913818,41,92,1,1,1,1,1,1,1,1,1,1,1
LSCE_10037,37,6,6448899.083,1927017.853,134.7913818,92,98,0,1,1,1,1,1,1,1,1,1,1
LSCE_10037,37,7,6448899.083,1927017.853,134.7913818,98,115,1,1,1,1,1,1,1,1,1,1,1
LSCE_10037,37,8,6448899.083,1927017.853,134.7913818,115,142,0,1,1,1,1,1,1,1,1,1,1
LSCE_10037,37,9,6448899.083,1927017.853,134.7913818,142,163,1,1,1,1,1,1,1,1,1,1,1
LSCE_10037,37,10,6448899.083,1927017.853,134.7913818,163,166,0,1,1,1,1,1,1,1,1,1,1
LSCE_10037,37,11,6448899.083,1927017.853,134.7913818,166,195,1,1,1,1,1,1,1,1,1,1,1
LSCE_10037,37,12,6448899.083,1927017.853,134.7913818,195,200,0,1,1,1,1,1,1,1,1,1,1
LSCE_10037,37,13,6448899.083,1927017.853,134.7913818,200,209,1,1,1,1,1,1,1,1,1,1,1
LSCE_10037,37,14,6448899.083,1927017.853,134.7913818,209,264,0,1,1,1,1,1,1,1,1,1,1
LSCE_10037,37,15,6448899.083,1927017.853,134.7913818,264,292,0,1,1,1,1,1,1,1,1,1,1
LSCE_10037,37,16,6448899.083,1927017.853,134.7913818,292,338,1,1,1,1,1,1,1,1,1,1,1
LSCE_10037,37,17,6448899.083,1927017.853,134.7913818,338,350,0,1,1,1,1,1,1,1,1,1,1
LSCE_10037,37,18,6448899.083,1927017.853,134.7913818,350,390,1,1,1,1,1,1,1,1,1,1,1
LSCE_10038,38,1,6443532.444,1926279.788,149.5527496,0,6,0,1,1,1,1,1,1,1,1,1,1
LSCE_10038,38,2,6443532.444,1926279.788,149.5527496,6,8,1,1,1,1,1,1,1,1,1,1,1
LSCE_10038,38,3,6443532.444,1926279.788,149.5527496,8,25,0,1,1,1,1,1,1,1,1,1,1
LSCE_10038,38,4,6443532.444,1926279.788,149.5527496,25,48,1,1,1,1,1,1,1,1,1,1,1
LSCE_10038,38,5,6443532.444,1926279.788,149.5527496,48,85,0,1,1,1,1,1,1,1,1,1,1
LSCE_10038,38,6,6443532.444,1926279.788,149.5527496,85,125,1,1,1,1,1,1,1,1,1,1,1
LSCE_10038,38,7,6443532.444,1926279.788,149.5527496,125,149,0,1,1,1,1,1,1,1,1,1,1
LSCE_10038,38,8,6443532.444,1926279.788,149.5527496,149,318,0,1,1,1,1,1,1,1,1,1,1
LSCE_10038,38,9,6443532.444,1926279.788,149.5527496,318,327,0,1,1,1,1,1,1,1,1,1,1
LSCE_10038,38,10,6443532.444,1926279.788,149.5527496,327,409,0,1,1,1,1,1,1,1,1,1,1
LSCE_10038,38,11,6443532.444,1926279.788,149.5527496,409,431,1,1,1,1,1,1,1,1,1,1,1
LSCE_10038,38,12,6443532.444,1926279.788,149.5527496,431,461,0,1,1,1,1,1,1,1,1,1,1
LSCE_10039,39,1,6438468.114,1923161.451,300.5694275,0,7,0,1,1,1,1,1,1,1,1,1,1
LSCE_10039,39,2,6438468.114,1923161.451,300.5694275,7,16,0,1,1,1,1,1,1,1,1,1,1
LSCE_10039,39,3,6438468.114,1923161.451,300.5694275,16,70,1,1,1,1,1,1,1,1,1,1,1
LSCE_10039,39,4,6438468.114,1923161.451,300.5694275,70,105,0,1,1,1,1,1,1,1,1,1,1
LSCE_10040,40,1,6443287.911,1925659.237,149.872818,0,5,0,1,1,1,1,1,1,1,1,1,1
LSCE_10040,40,2,6443287.911,1925659.237,149.872818,5,21,0,1,1,1,1,1,1,1,1,1,1
LSCE_10040,40,3,6443287.911,1925659.237,149.872818,21,28,0,1,1,1,1,1,1,1,1,1,1
LSCE_10040,40,4,6443287.911,1925659.237,149.872818,28,32,1,1,1,1,1,1,1,1,1,1,1
LSCE_10040,40,5,6443287.911,1925659.237,149.872818,32,42,0,1,1,1,1,1,1,1,1,1,1
LSCE_10040,40,6,6443287.911,1925659.237,149.872818,42,53,0,1,1,1,1,1,1,1,1,1,1
LSCE_10040,40,7,6443287.911,1925659.237,149.872818,53,61,0,1,1,1,1,1,1,1,1,1,1
LSCE_10040,40,8,6443287.911,1925659.237,149.872818,61,82,0,1,1,1,1,1,1,1,1,1,1
LSCE_10040,40,9,6443287.911,1925659.237,149.872818,82,146,0,1,1,1,1,1,1,1,1,1,1
LSCE_10040,40,10,6443287.911,1925659.237,149.872818,146,178,0,1,1,1,1,1,1,1,1,1,1
LSCE_10040,40,11,6443287.911,1925659.237,149.872818,178,186,1,1,1,1,1,1,1,1,1,1,1
LSCE_10040,40,12,6443287.911,1925659.237,149.872818,186,245,0,1,1,1,1,1,1,1,1,1,1
LSCE_10041,41,1,6442468.441,1925074.82,156.8800812,0,1,0,1,1,1,1,1,1,1,1,1,1
LSCE_10041,41,2,6442468.441,1925074.82,156.8800812,1,13,0,1,1,1,1,1,1,1,1,1,1
LSCE_10041,41,3,6442468.441,1925074.82,156.8800812,13,21,0,1,1,1,1,1,1,1,1,1,1
LSCE_10041,41,4,6442468.441,1925074.82,156.8800812,21,177,0,1,1,1,1,1,1,1,1,1,1
LSCE_10041,41,5,6442468.441,1925074.82,156.8800812,177,201,1,1,1,1,1,1,1,1,1,1,1
LSCE_10041,41,6,6442468.441,1925074.82,156.8800812,201,239,0,1,1,1,1,1,1,1,1,1,1
LSCE_10042,42,1,6442981.35,1925444.308,151.0470428,0,19,0,1,1,1,1,1,1,1,1,1,1
LSCE_10042,42,2,6442981.35,1925444.308,151.0470428,19,23,0,1,1,1,1,1,1,1,1,1,1
LSCE_10042,42,3,6442981.35,1925444.308,151.0470428,23,25,0,1,1,1,1,1,1,1,1,1,1
LSCE_10042,42,4,6442981.35,1925444.308,151.0470428,25,53,0,1,1,1,1,1,1,1,1,1,1
LSCE_10042,42,5,6442981.35,1925444.308,151.0470428,53,70,0,1,1,1,1,1,1,1,1,1,1
LSCE_10042,42,6,6442981.35,1925444.308,151.0470428,70,80,0,1,1,1,1,1,1,1,1,1,1
LSCE_10042,42,7,6442981.35,1925444.308,151.0470428,80,83,0,1,1,1,1,1,1,1,1,1,1
LSCE_10042,42,8,6442981.35,1925444.308,151.0470428,83,90,0,1,1,1,1,1,1,1,1,1,1
LSCE_10042,42,9,6442981.35,1925444.308,151.0470428,90,96,0,1,1,1,1,1,1,1,1,1,1
LSCE_10042,42,10,6442981.35,1925444.308,151.0470428,96,110,0,1,1,1,1,1,1,1,1,1,1
LSCE_10042,42,11,6442981.35,1925444.308,151.0470428,110,122,0,1,1,1,1,1,1,1,1,1,1
LSCE_10042,42,12,6442981.35,1925444.308,151.0470428,122,142,0,1,1,1,1,1,1,1,1,1,1
LSCE_10042,42,13,6442981.35,1925444.308,151.0470428,142,170,0,1,1,1,1,1,1,1,1,1,1
LSCE_10042,42,14,6442981.35,1925444.308,151.0470428,170,195,0,1,1,1,1,1,1,1,1,1,1
LSCE_10042,42,15,6442981.35,1925444.308,151.0470428,195,220,0,1,1,1,1,1,1,1,1,1,1
LSCE_10042,42,16,6442981.35,1925444.308,151.0470428,220,230,0,1,1,1,1,1,1,1,1,1,1
LSCE_10042,42,17,6442981.35,1925444.308,151.0470428,230,243,0,1,1,1,1,1,1,1,1,1,1
LSCE_10042,42,18,6442981.35,1925444.308,151.0470428,243,375,1,1,1,1,1,1,1,1,1,1,1
LSCE_10043,43,1,6442129.558,1925121.533,161.1029968,0,15,0,1,1,1,1,1,1,1,1,1,1
LSCE_10043,43,2,6442129.558,1925121.533,161.1029968,15,18,1,1,1,1,1,1,1,1,1,1,1
LSCE_10043,43,3,6442129.558,1925121.533,161.1029968,18,32,0,1,1,1,1,1,1,1,1,1,1
LSCE_10043,43,4,6442129.558,1925121.533,161.1029968,32,45,1,1,1,1,1,1,1,1,1,1,1
LSCE_10043,43,5,6442129.558,1925121.533,161.1029968,45,78,0,1,1,1,1,1,1,1,1,1,1
LSCE_10043,43,6,6442129.558,1925121.533,161.1029968,78,87,1,1,1,1,1,1,1,1,1,1,1
LSCE_10043,43,7,6442129.558,1925121.533,161.1029968,87,119,0,1,1,1,1,1,1,1,1,1,1
LSCE_10043,43,8,6442129.558,1925121.533,161.1029968,119,128,0,1,1,1,1,1,1,1,1,1,1
LSCE_10043,43,9,6442129.558,1925121.533,161.1029968,128,320,0,1,1,1,1,1,1,1,1,1,1
LSCE_10044,44,1,6439398.428,1924079.907,214.0865631,0,60,0,1,1,1,1,1,1,1,1,1,1
LSCE_10045,45,1,6441057.489,1924301.603,171.5566559,0,7,0,1,1,1,1,1,1,1,1,1,1
LSCE_10045,45,2,6441057.489,1924301.603,171.5566559,7,11,0,1,1,1,1,1,1,1,1,1,1
LSCE_10045,45,3,6441057.489,1924301.603,171.5566559,11,14,1,1,1,1,1,1,1,1,1,1,1
LSCE_10045,45,4,6441057.489,1924301.603,171.5566559,14,20,0,1,1,1,1,1,1,1,1,1,1
LSCE_10045,45,5,6441057.489,1924301.603,171.5566559,20,25,1,1,1,1,1,1,1,1,1,1,1
LSCE_10045,45,6,6441057.489,1924301.603,171.5566559,25,30,0,1,1,1,1,1,1,1,1,1,1
LSCE_10045,45,7,6441057.489,1924301.603,171.5566559,30,66,1,1,1,1,1,1,1,1,1,1,1
LSCE_10045,45,8,6441057.489,1924301.603,171.5566559,66,76,0,1,1,1,1,1,1,1,1,1,1
LSCE_10045,45,9,6441057.489,1924301.603,171.5566559,76,94,0,1,1,1,1,1,1,1,1,1,1
LSCE_10045,45,10,6441057.489,1924301.603,171.5566559,94,120,0,1,1,1,1,1,1,1,1,1,1
LSCE_10045,45,11,6441057.489,1924301.603,171.5566559,120,135,0,1,1,1,1,1,1,1,1,1,1
LSCE_10045,45,12,6441057.489,1924301.603,171.5566559,135,146,0,1,1,1,1,1,1,1,1,1,1
LSCE_10045,45,13,6441057.489,1924301.603,171.5566559,146,178,0,1,1,1,1,1,1,1,1,1,1
LSCE_10045,45,14,6441057.489,1924301.603,171.5566559,178,200,0,1,1,1,1,1,1,1,1,1,1
LSCE_10045,45,15,6441057.489,1924301.603,171.5566559,200,280,0,1,1,1,1,1,1,1,1,1,1
LSCE_10046,46,1,6441258.503,1923920.464,166.5770111,0,21,0,1,1,1,1,1,1,1,1,1,1
LSCE_10046,46,2,6441258.503,1923920.464,166.5770111,21,70,0,1,1,1,1,1,1,1,1,1,1
LSCE_10047,47,1,6440253.834,1922952.395,197.6383667,0,10,0,1,1,1,1,1,1,1,1,1,1
LSCE_10047,47,2,6440253.834,1922952.395,197.6383667,10,100,0,1,1,1,1,1,1,1,1,1,1
LSCE_10048,48,1,6439211.553,1923016.276,246.5830536,0,4,0,1,1,1,1,1,1,1,1,1,1
LSCE_10048,48,2,6439211.553,1923016.276,246.5830536,4,80,0,1,1,1,1,1,1,1,1,1,1
LSCE_10048,48,3,6439211.553,1923016.276,246.5830536,80,118,0,1,1,1,1,1,1,1,1,1,1
LSCE_10049,49,1,6439186.28,1922941.008,249.1340637,0,20,0,1,1,1,1,1,1,1,1,1,1
LSCE_10049,49,2,6439186.28,1922941.008,249.1340637,20,30,0,1,1,1,1,1,1,1,1,1,1
LSCE_10050,50,1,6445653.455,1924938.063,135.9574585,0,15,0,1,1,1,1,1,1,1,1,1,1
LSCE_10050,50,2,6445653.455,1924938.063,135.9574585,15,20,0,1,1,1,1,1,1,1,1,1,1
LSCE_10050,50,3,6445653.455,1924938.063,135.9574585,20,37,0,1,1,1,1,1,1,1,1,1,1
LSCE_10050,50,4,6445653.455,1924938.063,135.9574585,37,40,0,1,1,1,1,1,1,1,1,1,1
LSCE_10050,50,5,6445653.455,1924938.063,135.9574585,40,80,0,1,1,1,1,1,1,1,1,1,1
LSCE_10050,50,6,6445653.455,1924938.063,135.9574585,80,84,1,1,1,1,1,1,1,1,1,1,1
LSCE_10050,50,7,6445653.455,1924938.063,135.9574585,84,172,0,1,1,1,1,1,1,1,1,1,1
LSCE_10050,50,8,6445653.455,1924938.063,135.9574585,172,190,1,1,1,1,1,1,1,1,1,1,1
LSCE_10050,50,9,6445653.455,1924938.063,135.9574585,190,217,0,1,1,1,1,1,1,1,1,1,1
LSCE_10051,51,1,6444669.73,1925270.596,139.0899811,0,12,0,1,1,1,1,1,1,1,1,1,1
LSCE_10051,51,2,6444669.73,1925270.596,139.0899811,12,18,1,1,1,1,1,1,1,1,1,1,1
LSCE_10051,51,3,6444669.73,1925270.596,139.0899811,18,25,0,1,1,1,1,1,1,1,1,1,1
LSCE_10051,51,4,6444669.73,1925270.596,139.0899811,25,47,1,1,1,1,1,1,1,1,1,1,1
LSCE_10051,51,5,6444669.73,1925270.596,139.0899811,47,80,0,1,1,1,1,1,1,1,1,1,1
LSCE_10051,51,6,6444669.73,1925270.596,139.0899811,80,83,1,1,1,1,1,1,1,1,1,1,1
LSCE_10051,51,7,6444669.73,1925270.596,139.0899811,83,140,0,1,1,1,1,1,1,1,1,1,1
LSCE_10051,51,8,6444669.73,1925270.596,139.0899811,140,150,1,1,1,1,1,1,1,1,1,1,1
LSCE_10051,51,9,6444669.73,1925270.596,139.0899811,150,190,0,1,1,1,1,1,1,1,1,1,1
LSCE_10052,52,1,6461806.328,1923120.085,234.0928192,0,3,0,1,1,1,1,1,1,1,1,1,1
LSCE_10053,53,1,6461469.679,1922199.632,211.0454254,0,10,0,1,1,1,1,1,1,1,1,1,1
LSCE_10053,53,2,6461469.679,1922199.632,211.0454254,10,20,1,1,1,1,1,1,1,1,1,1,1
LSCE_10054,54,1,6453798.561,1921036.862,112.4535294,0,34,0,1,1,1,1,1,1,1,1,1,1
LSCE_10054,54,2,6453798.561,1921036.862,112.4535294,34,71,1,1,1,1,1,1,1,1,1,1,1
LSCE_10054,54,3,6453798.561,1921036.862,112.4535294,71,110,0,1,1,1,1,1,1,1,1,1,1
LSCE_10054,54,4,6453798.561,1921036.862,112.4535294,110,114,1,1,1,1,1,1,1,1,1,1,1
LSCE_10054,54,5,6453798.561,1921036.862,112.4535294,114,130,0,1,1,1,1,1,1,1,1,1,1
LSCE_10054,54,6,6453798.561,1921036.862,112.4535294,130,151,1,1,1,1,1,1,1,1,1,1,1
LSCE_10054,54,7,6453798.561,1921036.862,112.4535294,151,154,0,1,1,1,1,1,1,1,1,1,1
LSCE_10054,54,8,6453798.561,1921036.862,112.4535294,154,173,1,1,1,1,1,1,1,1,1,1,1
LSCE_10054,54,9,6453798.561,1921036.862,112.4535294,173,187,0,1,1,1,1,1,1,1,1,1,1
LSCE_10054,54,10,6453798.561,1921036.862,112.4535294,187,373,1,1,1,1,1,1,1,1,1,1,1
LSCE_10054,54,11,6453798.561,1921036.862,112.4535294,373,383,1,1,1,1,1,1,1,1,1,1,1
LSCE_10056,55,1,6455776.888,1922059.742,116.6220398,0,60,0,1,1,1,1,1,1,1,1,1,1
LSCE_10056,55,2,6455776.888,1922059.742,116.6220398,60,80,1,1,1,1,1,1,1,1,1,1,1
LSCE_10056,55,3,6455776.888,1922059.742,116.6220398,80,90,0,1,1,1,1,1,1,1,1,1,1
LSCE_10056,55,4,6455776.888,1922059.742,116.6220398,90,105,1,1,1,1,1,1,1,1,1,1,1
LSCE_10056,55,5,6455776.888,1922059.742,116.6220398,105,115,0,1,1,1,1,1,1,1,1,1,1
LSCE_10056,55,6,6455776.888,1922059.742,116.6220398,115,128,1,1,1,1,1,1,1,1,1,1,1
LSCE_10057,56,1,6456954.582,1920821.125,129.5067139,0,4,0,1,1,1,1,1,1,1,1,1,1
LSCE_10057,56,2,6456954.582,1920821.125,129.5067139,4,12,1,1,1,1,1,1,1,1,1,1,1
LSCE_10057,56,3,6456954.582,1920821.125,129.5067139,12,92,1,1,1,1,1,1,1,1,1,1,1
LSCE_10057,56,4,6456954.582,1920821.125,129.5067139,92,95,1,1,1,1,1,1,1,1,1,1,1
LSCE_10057,56,5,6456954.582,1920821.125,129.5067139,95,112,0,1,1,1,1,1,1,1,1,1,1
LSCE_10057,56,6,6456954.582,1920821.125,129.5067139,112,128,1,1,1,1,1,1,1,1,1,1,1
LSCE_10057,56,7,6456954.582,1920821.125,129.5067139,128,155,1,1,1,1,1,1,1,1,1,1,1
LSCE_10057,56,8,6456954.582,1920821.125,129.5067139,155,162,0,1,1,1,1,1,1,1,1,1,1
LSCE_10057,56,9,6456954.582,1920821.125,129.5067139,162,172,1,1,1,1,1,1,1,1,1,1,1
LSCE_10057,56,10,6456954.582,1920821.125,129.5067139,172,190,1,1,1,1,1,1,1,1,1,1,1
LSCE_10057,56,11,6456954.582,1920821.125,129.5067139,190,206,0,1,1,1,1,1,1,1,1,1,1
LSCE_10057,56,12,6456954.582,1920821.125,129.5067139,206,247,1,1,1,1,1,1,1,1,1,1,1
LSCE_10057,56,13,6456954.582,1920821.125,129.5067139,247,276,1,1,1,1,1,1,1,1,1,1,1
LSCE_10058,57,1,6458842.571,1921408.674,162.3204193,183,238,1,1,1,1,1,1,1,1,1,1,1
LSCE_10059,58,1,6460267.165,1920634.296,171.3726654,0,14,0,1,1,1,1,1,1,1,1,1,1
LSCE_10059,58,2,6460267.165,1920634.296,171.3726654,14,30,1,1,1,1,1,1,1,1,1,1,1
LSCE_10060,59,1,6455565.787,1918896.942,114.2197418,0,10,0,1,1,1,1,1,1,1,1,1,1
LSCE_10060,59,2,6455565.787,1918896.942,114.2197418,10,15,1,1,1,1,1,1,1,1,1,1,1
LSCE_10060,59,3,6455565.787,1918896.942,114.2197418,15,40,1,1,1,1,1,1,1,1,1,1,1
LSCE_10060,59,4,6455565.787,1918896.942,114.2197418,40,55,0,1,1,1,1,1,1,1,1,1,1
LSCE_10060,59,5,6455565.787,1918896.942,114.2197418,55,80,1,1,1,1,1,1,1,1,1,1,1
LSCE_10060,59,6,6455565.787,1918896.942,114.2197418,80,150,1,1,1,1,1,1,1,1,1,1,1
LSCE_10060,59,7,6455565.787,1918896.942,114.2197418,150,165,0,1,1,1,1,1,1,1,1,1,1
LSCE_10061,60,1,6454047.512,1919658.855,112.3919449,0,25,0,1,1,1,1,1,1,1,1,1,1
LSCE_10061,60,2,6454047.512,1919658.855,112.3919449,25,28,1,1,1,1,1,1,1,1,1,1,1
LSCE_10061,60,3,6454047.512,1919658.855,112.3919449,28,45,0,1,1,1,1,1,1,1,1,1,1
LSCE_10061,60,4,6454047.512,1919658.855,112.3919449,45,66,1,1,1,1,1,1,1,1,1,1,1
LSCE_10061,60,5,6454047.512,1919658.855,112.3919449,66,71,0,1,1,1,1,1,1,1,1,1,1
LSCE_10061,60,6,6454047.512,1919658.855,112.3919449,71,94,0,1,1,1,1,1,1,1,1,1,1
LSCE_10061,60,7,6454047.512,1919658.855,112.3919449,94,100,1,1,1,1,1,1,1,1,1,1,1
LSCE_10061,60,8,6454047.512,1919658.855,112.3919449,100,126,0,1,1,1,1,1,1,1,1,1,1
LSCE_10061,60,9,6454047.512,1919658.855,112.3919449,126,140,1,1,1,1,1,1,1,1,1,1,1
LSCE_10061,60,10,6454047.512,1919658.855,112.3919449,140,179,0,1,1,1,1,1,1,1,1,1,1
LSCE_10061,60,11,6454047.512,1919658.855,112.3919449,179,181,1,1,1,1,1,1,1,1,1,1,1
LSCE_10061,60,12,6454047.512,1919658.855,112.3919449,181,191,0,1,1,1,1,1,1,1,1,1,1
LSCE_10061,60,13,6454047.512,1919658.855,112.3919449,191,200,0,1,1,1,1,1,1,1,1,1,1
LSCE_10061,60,14,6454047.512,1919658.855,112.3919449,200,210,1,1,1,1,1,1,1,1,1,1,1
LSCE_10061,60,15,6454047.512,1919658.855,112.3919449,210,225,1,1,1,1,1,1,1,1,1,1,1
LSCE_10061,60,16,6454047.512,1919658.855,112.3919449,225,229,0,1,1,1,1,1,1,1,1,1,1
LSCE_10061,60,17,6454047.512,1919658.855,112.3919449,229,298,1,1,1,1,1,1,1,1,1,1,1
LSCE_10061,60,18,6454047.512,1919658.855,112.3919449,298,319,0,1,1,1,1,1,1,1,1,1,1
LSCE_10061,60,19,6454047.512,1919658.855,112.3919449,319,341,1,1,1,1,1,1,1,1,1,1,1
LSCE_10061,60,20,6454047.512,1919658.855,112.3919449,341,350,1,1,1,1,1,1,1,1,1,1,1
LSCE_10061,60,21,6454047.512,1919658.855,112.3919449,350,401,1,1,1,1,1,1,1,1,1,1,1
LSCE_10062,61,1,6449914.747,1918517.8,128.9730835,0,7,0,1,1,1,1,1,1,1,1,1,1
LSCE_10063,62,1,6453153.55,1918851.893,115.5844116,0,107,0,1,1,1,1,1,1,1,1,1,1
LSCE_10063,62,2,6453153.55,1918851.893,115.5844116,107,130,1,1,1,1,1,1,1,1,1,1,1
LSCE_10063,62,3,6453153.55,1918851.893,115.5844116,130,155,0,1,1,1,1,1,1,1,1,1,1
LSCE_10063,62,4,6453153.55,1918851.893,115.5844116,155,210,1,1,1,1,1,1,1,1,1,1,1
LSCE_10063,62,5,6453153.55,1918851.893,115.5844116,210,225,0,1,1,1,1,1,1,1,1,1,1
LSCE_10063,62,6,6453153.55,1918851.893,115.5844116,225,238,1,1,1,1,1,1,1,1,1,1,1
LSCE_10063,62,7,6453153.55,1918851.893,115.5844116,238,240,0,1,1,1,1,1,1,1,1,1,1
LSCE_10063,62,8,6453153.55,1918851.893,115.5844116,240,247,0,1,1,1,1,1,1,1,1,1,1
LSCE_10064,63,1,6451954.513,1918607.453,118.6144943,0,40,0,1,1,1,1,1,1,1,1,1,1
LSCE_10064,63,2,6451954.513,1918607.453,118.6144943,40,45,1,1,1,1,1,1,1,1,1,1,1
LSCE_10064,63,3,6451954.513,1918607.453,118.6144943,45,116,0,1,1,1,1,1,1,1,1,1,1
LSCE_10065,64,1,6449219.968,1918696.692,129.9972992,0,30,0,1,1,1,1,1,1,1,1,1,1
LSCE_10065,64,2,6449219.968,1918696.692,129.9972992,30,60,0,1,1,1,1,1,1,1,1,1,1
LSCE_10066,65,1,6446897.099,1916382.608,170.0812836,0,10,0,1,1,1,1,1,1,1,1,1,1
LSCE_10066,65,2,6446897.099,1916382.608,170.0812836,10,30,0,1,1,1,1,1,1,1,1,1,1
LSCE_10066,65,3,6446897.099,1916382.608,170.0812836,30,40,0,1,1,1,1,1,1,1,1,1,1
LSCE_10066,65,4,6446897.099,1916382.608,170.0812836,40,50,0,1,1,1,1,1,1,1,1,1,1
LSCE_10067,66,1,6447367.612,1916663.873,163.8165588,0,4,0,1,1,1,1,1,1,1,1,1,1
LSCE_10067,66,2,6447367.612,1916663.873,163.8165588,4,7,0,1,1,1,1,1,1,1,1,1,1
LSCE_10067,66,3,6447367.612,1916663.873,163.8165588,7,11,1,1,1,1,1,1,1,1,1,1,1
LSCE_10067,66,4,6447367.612,1916663.873,163.8165588,11,13,0,1,1,1,1,1,1,1,1,1,1
LSCE_10067,66,5,6447367.612,1916663.873,163.8165588,13,18,0,1,1,1,1,1,1,1,1,1,1
LSCE_10067,66,6,6447367.612,1916663.873,163.8165588,18,19,1,1,1,1,1,1,1,1,1,1,1
LSCE_10067,66,7,6447367.612,1916663.873,163.8165588,19,31,0,1,1,1,1,1,1,1,1,1,1
LSCE_10067,66,8,6447367.612,1916663.873,163.8165588,31,37,1,1,1,1,1,1,1,1,1,1,1
LSCE_10067,66,9,6447367.612,1916663.873,163.8165588,37,54,0,1,1,1,1,1,1,1,1,1,1
LSCE_10067,66,10,6447367.612,1916663.873,163.8165588,54,57,1,1,1,1,1,1,1,1,1,1,1
LSCE_10067,66,11,6447367.612,1916663.873,163.8165588,57,65,0,1,1,1,1,1,1,1,1,1,1
LSCE_10067,66,12,6447367.612,1916663.873,163.8165588,65,78,1,1,1,1,1,1,1,1,1,1,1
LSCE_10067,66,13,6447367.612,1916663.873,163.8165588,78,88,0,1,1,1,1,1,1,1,1,1,1
LSCE_10067,66,14,6447367.612,1916663.873,163.8165588,88,95,1,1,1,1,1,1,1,1,1,1,1
LSCE_10067,66,15,6447367.612,1916663.873,163.8165588,95,97,0,1,1,1,1,1,1,1,1,1,1
LSCE_10067,66,16,6447367.612,1916663.873,163.8165588,97,105,0,1,1,1,1,1,1,1,1,1,1
LSCE_10067,66,17,6447367.612,1916663.873,163.8165588,105,118,0,1,1,1,1,1,1,1,1,1,1
LSCE_10067,66,18,6447367.612,1916663.873,163.8165588,118,130,0,1,1,1,1,1,1,1,1,1,1
LSCE_10067,66,19,6447367.612,1916663.873,163.8165588,130,134,1,1,1,1,1,1,1,1,1,1,1
LSCE_10067,66,20,6447367.612,1916663.873,163.8165588,134,143,0,1,1,1,1,1,1,1,1,1,1
LSCE_10067,66,21,6447367.612,1916663.873,163.8165588,143,150,1,1,1,1,1,1,1,1,1,1,1
LSCE_10067,66,22,6447367.612,1916663.873,163.8165588,150,196,0,1,1,1,1,1,1,1,1,1,1
LSCE_10067,66,23,6447367.612,1916663.873,163.8165588,196,203,0,1,1,1,1,1,1,1,1,1,1
LSCE_10067,66,24,6447367.612,1916663.873,163.8165588,203,221,0,1,1,1,1,1,1,1,1,1,1
LSCE_10067,66,25,6447367.612,1916663.873,163.8165588,221,231,1,1,1,1,1,1,1,1,1,1,1
LSCE_10067,66,26,6447367.612,1916663.873,163.8165588,231,234,0,1,1,1,1,1,1,1,1,1,1
LSCE_10067,66,27,6447367.612,1916663.873,163.8165588,234,240,0,1,1,1,1,1,1,1,1,1,1
LSCE_10067,66,28,6447367.612,1916663.873,163.8165588,240,244,0,1,1,1,1,1,1,1,1,1,1
LSCE_10067,66,29,6447367.612,1916663.873,163.8165588,244,245,0,1,1,1,1,1,1,1,1,1,1
LSCE_10067,66,30,6447367.612,1916663.873,163.8165588,245,246,0,1,1,1,1,1,1,1,1,1,1
LSCE_10068,67,1,6449503.464,1916410.581,140.5652008,0,13,0,1,1,1,1,1,1,1,1,1,1
LSCE_10068,67,2,6449503.464,1916410.581,140.5652008,13,17,1,1,1,1,1,1,1,1,1,1,1
LSCE_10068,67,3,6449503.464,1916410.581,140.5652008,17,27,0,1,1,1,1,1,1,1,1,1,1
LSCE_10068,67,4,6449503.464,1916410.581,140.5652008,27,30,1,1,1,1,1,1,1,1,1,1,1
LSCE_10068,67,5,6449503.464,1916410.581,140.5652008,30,94,0,1,1,1,1,1,1,1,1,1,1
LSCE_10068,67,6,6449503.464,1916410.581,140.5652008,94,108,0,1,1,1,1,1,1,1,1,1,1
LSCE_10068,67,7,6449503.464,1916410.581,140.5652008,108,205,0,1,1,1,1,1,1,1,1,1,1
LSCE_10069,68,1,6444007.416,1913889.556,257.2649536,0,20,0,1,1,1,1,1,1,1,1,1,1
LSCE_10070,69,1,6447271.257,1915273.114,173.785965,0,6,0,1,1,1,1,1,1,1,1,1,1
LSCE_10070,69,2,6447271.257,1915273.114,173.785965,6,10,1,1,1,1,1,1,1,1,1,1,1
LSCE_10070,69,3,6447271.257,1915273.114,173.785965,10,16,0,1,1,1,1,1,1,1,1,1,1
LSCE_10070,69,4,6447271.257,1915273.114,173.785965,16,22,1,1,1,1,1,1,1,1,1,1,1
LSCE_10070,69,5,6447271.257,1915273.114,173.785965,22,27,1,1,1,1,1,1,1,1,1,1,1
LSCE_10070,69,6,6447271.257,1915273.114,173.785965,27,30,1,1,1,1,1,1,1,1,1,1,1
LSCE_10070,69,7,6447271.257,1915273.114,173.785965,30,42,0,1,1,1,1,1,1,1,1,1,1
LSCE_10070,69,8,6447271.257,1915273.114,173.785965,42,76,0,1,1,1,1,1,1,1,1,1,1
LSCE_10070,69,9,6447271.257,1915273.114,173.785965,76,80,0,1,1,1,1,1,1,1,1,1,1
LSCE_10070,69,10,6447271.257,1915273.114,173.785965,80,84,0,1,1,1,1,1,1,1,1,1,1
LSCE_10070,69,11,6447271.257,1915273.114,173.785965,84,87,1,1,1,1,1,1,1,1,1,1,1
LSCE_10070,69,12,6447271.257,1915273.114,173.785965,87,98,0,1,1,1,1,1,1,1,1,1,1
LSCE_10070,69,13,6447271.257,1915273.114,173.785965,98,102,0,1,1,1,1,1,1,1,1,1,1
LSCE_10070,69,14,6447271.257,1915273.114,173.785965,102,105,1,1,1,1,1,1,1,1,1,1,1
LSCE_10070,69,15,6447271.257,1915273.114,173.785965,105,111,0,1,1,1,1,1,1,1,1,1,1
LSCE_10070,69,16,6447271.257,1915273.114,173.785965,111,113,1,1,1,1,1,1,1,1,1,1,1
LSCE_10070,69,17,6447271.257,1915273.114,173.785965,113,120,0,1,1,1,1,1,1,1,1,1,1
LSCE_10070,69,18,6447271.257,1915273.114,173.785965,120,123,1,1,1,1,1,1,1,1,1,1,1
LSCE_10070,69,19,6447271.257,1915273.114,173.785965,123,132,0,1,1,1,1,1,1,1,1,1,1
LSCE_10070,69,20,6447271.257,1915273.114,173.785965,132,138,0,1,1,1,1,1,1,1,1,1,1
LSCE_10070,69,21,6447271.257,1915273.114,173.785965,138,142,0,1,1,1,1,1,1,1,1,1,1
LSCE_10070,69,22,6447271.257,1915273.114,173.785965,142,149,0,1,1,1,1,1,1,1,1,1,1
LSCE_10070,69,23,6447271.257,1915273.114,173.785965,149,155,0,1,1,1,1,1,1,1,1,1,1
LSCE_10070,69,24,6447271.257,1915273.114,173.785965,155,162,0,1,1,1,1,1,1,1,1,1,1
LSCE_10070,69,25,6447271.257,1915273.114,173.785965,162,186,0,1,1,1,1,1,1,1,1,1,1
LSCE_10070,69,26,6447271.257,1915273.114,173.785965,186,194,1,1,1,1,1,1,1,1,1,1,1
LSCE_10070,69,27,6447271.257,1915273.114,173.785965,194,201,0,1,1,1,1,1,1,1,1,1,1
LSCE_10070,69,28,6447271.257,1915273.114,173.785965,201,213,0,1,1,1,1,1,1,1,1,1,1
LSCE_10070,69,29,6447271.257,1915273.114,173.785965,213,226,1,1,1,1,1,1,1,1,1,1,1
LSCE_10070,69,30,6447271.257,1915273.114,173.785965,226,229,0,1,1,1,1,1,1,1,1,1,1
LSCE_10070,69,31,6447271.257,1915273.114,173.785965,229,238,0,1,1,1,1,1,1,1,1,1,1
LSCE_10070,69,32,6447271.257,1915273.114,173.785965,238,244,1,1,1,1,1,1,1,1,1,1,1
LSCE_10071,70,1,6445533.042,1915278.624,215.5954285,0,2,0,1,1,1,1,1,1,1,1,1,1
LSCE_10071,70,2,6445533.042,1915278.624,215.5954285,2,14,0,1,1,1,1,1,1,1,1,1,1
LSCE_10071,70,3,6445533.042,1915278.624,215.5954285,14,22,0,1,1,1,1,1,1,1,1,1,1
LSCE_10071,70,4,6445533.042,1915278.624,215.5954285,22,34,0,1,1,1,1,1,1,1,1,1,1
LSCE_10071,70,5,6445533.042,1915278.624,215.5954285,34,68,0,1,1,1,1,1,1,1,1,1,1
LSCE_10071,70,6,6445533.042,1915278.624,215.5954285,68,83,1,1,1,1,1,1,1,1,1,1,1
LSCE_10071,70,7,6445533.042,1915278.624,215.5954285,83,85,0,1,1,1,1,1,1,1,1,1,1
LSCE_10071,70,8,6445533.042,1915278.624,215.5954285,85,113,1,1,1,1,1,1,1,1,1,1,1
LSCE_10071,70,9,6445533.042,1915278.624,215.5954285,113,115,0,1,1,1,1,1,1,1,1,1,1
LSCE_10072,71,1,6446256.032,1915502.296,184.5046844,3,19,1,1,1,1,1,1,1,1,1,1,1
LSCE_10072,71,2,6446256.032,1915502.296,184.5046844,19,75,0,1,1,1,1,1,1,1,1,1,1
LSCE_10073,72,1,6444413.522,1914994.116,222.2391052,0,2,0,1,1,1,1,1,1,1,1,1,1
LSCE_10073,72,2,6444413.522,1914994.116,222.2391052,2,4,1,1,1,1,1,1,1,1,1,1,1
LSCE_10073,72,3,6444413.522,1914994.116,222.2391052,4,20,1,1,1,1,1,1,1,1,1,1,1
LSCE_10074,73,1,6476411.984,1897212.651,102.1265869,0,3,1,1,1,1,1,1,1,1,1,1,1
LSCE_10076,74,1,6476056.949,1896921.74,71.2301025,0,2,0,1,1,1,1,1,1,1,1,1,1
LSCE_10076,74,2,6476056.949,1896921.74,71.2301025,2,8,1,1,1,1,1,1,1,1,1,1,1
LSCE_10076,74,3,6476056.949,1896921.74,71.2301025,8,31,1,1,1,1,1,1,1,1,1,1,1
LSCE_10076,74,4,6476056.949,1896921.74,71.2301025,31,64,1,1,1,1,1,1,1,1,1,1,1
LSCE_10076,74,5,6476056.949,1896921.74,71.2301025,64,154,1,1,1,1,1,1,1,1,1,1,1
LSCE_10076,74,6,6476056.949,1896921.74,71.2301025,154,176,1,1,1,1,1,1,1,1,1,1,1
LSCE_10077,75,1,6475756.788,1897275.986,74.0271378,0,1,0,1,1,1,1,1,1,1,1,1,1
LSCE_10077,75,2,6475756.788,1897275.986,74.0271378,1,17,0,1,1,1,1,1,1,1,1,1,1
LSCE_10077,75,3,6475756.788,1897275.986,74.0271378,17,61,1,1,1,1,1,1,1,1,1,1,1
LSCE_10077,75,4,6475756.788,1897275.986,74.0271378,61,69,1,1,1,1,1,1,1,1,1,1,1
LSCE_10077,75,5,6475756.788,1897275.986,74.0271378,69,81,1,1,1,1,1,1,1,1,1,1,1
LSCE_10077,75,6,6475756.788,1897275.986,74.0271378,81,92,1,1,1,1,1,1,1,1,1,1,1
LSCE_10077,75,7,6475756.788,1897275.986,74.0271378,92,118,1,1,1,1,1,1,1,1,1,1,1
LSCE_10077,75,8,6475756.788,1897275.986,74.0271378,118,136,1,1,1,1,1,1,1,1,1,1,1
LSCE_10077,75,9,6475756.788,1897275.986,74.0271378,136,162,1,1,1,1,1,1,1,1,1,1,1
LSCE_10077,75,10,6475756.788,1897275.986,74.0271378,162,198,1,1,1,1,1,1,1,1,1,1,1
LSCE_10078,76,1,6475428.471,1896656.867,61.4745483,0,93,0,1,1,1,1,1,1,1,1,1,1
LSCE_10079,77,1,6474161.039,1897202.268,46.6267281,0,8,0,1,1,1,1,1,1,1,1,1,1
LSCE_10079,77,2,6474161.039,1897202.268,46.6267281,8,18,0,1,1,1,1,1,1,1,1,1,1
LSCE_10079,77,3,6474161.039,1897202.268,46.6267281,18,38,1,1,1,1,1,1,1,1,1,1,1
LSCE_10079,77,4,6474161.039,1897202.268,46.6267281,38,50,0,1,1,1,1,1,1,1,1,1,1
LSCE_10079,77,5,6474161.039,1897202.268,46.6267281,50,62,1,1,1,1,1,1,1,1,1,1,1
LSCE_10079,77,6,6474161.039,1897202.268,46.6267281,62,92,0,1,1,1,1,1,1,1,1,1,1
LSCE_10080,78,1,6472278.508,1897860.911,61.6237602,0,8,0,1,1,1,1,1,1,1,1,1,1
LSCE_10080,78,2,6472278.508,1897860.911,61.6237602,8,23,0,1,1,1,1,1,1,1,1,1,1
LSCE_10080,78,3,6472278.508,1897860.911,61.6237602,23,29,1,1,1,1,1,1,1,1,1,1,1
LSCE_10080,78,4,6472278.508,1897860.911,61.6237602,29,46,0,1,1,1,1,1,1,1,1,1,1
LSCE_10080,78,5,6472278.508,1897860.911,61.6237602,46,57,1,1,1,1,1,1,1,1,1,1,1
LSCE_10080,78,6,6472278.508,1897860.911,61.6237602,57,74,0,1,1,1,1,1,1,1,1,1,1
LSCE_10080,78,7,6472278.508,1897860.911,61.6237602,74,93,1,1,1,1,1,1,1,1,1,1,1
LSCE_10080,78,8,6472278.508,1897860.911,61.6237602,93,96,0,1,1,1,1,1,1,1,1,1,1
LSCE_10080,78,9,6472278.508,1897860.911,61.6237602,96,108,0,1,1,1,1,1,1,1,1,1,1
LSCE_10080,78,10,6472278.508,1897860.911,61.6237602,108,124,1,1,1,1,1,1,1,1,1,1,1
LSCE_10080,78,11,6472278.508,1897860.911,61.6237602,124,128,0,1,1,1,1,1,1,1,1,1,1
LSCE_10080,78,12,6472278.508,1897860.911,61.6237602,128,134,1,1,1,1,1,1,1,1,1,1,1
LSCE_10080,78,13,6472278.508,1897860.911,61.6237602,134,137,0,1,1,1,1,1,1,1,1,1,1
LSCE_10080,78,14,6472278.508,1897860.911,61.6237602,137,158,0,1,1,1,1,1,1,1,1,1,1
LSCE_10080,78,15,6472278.508,1897860.911,61.6237602,158,170,1,1,1,1,1,1,1,1,1,1,1
LSCE_10080,78,16,6472278.508,1897860.911,61.6237602,170,195,0,1,1,1,1,1,1,1,1,1,1
LSCE_10080,78,17,6472278.508,1897860.911,61.6237602,195,202,1,1,1,1,1,1,1,1,1,1,1
LSCE_10080,78,18,6472278.508,1897860.911,61.6237602,202,224,1,1,1,1,1,1,1,1,1,1,1
LSCE_10080,78,19,6472278.508,1897860.911,61.6237602,224,232,1,1,1,1,1,1,1,1,1,1,1
LSCE_10080,78,20,6472278.508,1897860.911,61.6237602,232,236,0,1,1,1,1,1,1,1,1,1,1
LSCE_10080,78,21,6472278.508,1897860.911,61.6237602,236,243,1,1,1,1,1,1,1,1,1,1,1
LSCE_10080,78,22,6472278.508,1897860.911,61.6237602,243,253,0,1,1,1,1,1,1,1,1,1,1
LSCE_10080,78,23,6472278.508,1897860.911,61.6237602,253,264,1,1,1,1,1,1,1,1,1,1,1
LSCE_10080,78,24,6472278.508,1897860.911,61.6237602,264,300,0,1,1,1,1,1,1,1,1,1,1
LSCE_10081,79,1,6471497.871,1896546.35,72.6744461,0,21,0,1,1,1,1,1,1,1,1,1,1
LSCE_10081,79,2,6471497.871,1896546.35,72.6744461,21,33,0,1,1,1,1,1,1,1,1,1,1
LSCE_10081,79,3,6471497.871,1896546.35,72.6744461,33,48,0,1,1,1,1,1,1,1,1,1,1
LSCE_10081,79,4,6471497.871,1896546.35,72.6744461,48,63,0,1,1,1,1,1,1,1,1,1,1
LSCE_10081,79,5,6471497.871,1896546.35,72.6744461,63,83,1,1,1,1,1,1,1,1,1,1,1
LSCE_10081,79,6,6471497.871,1896546.35,72.6744461,83,95,0,1,1,1,1,1,1,1,1,1,1
LSCE_10081,79,7,6471497.871,1896546.35,72.6744461,95,103,0,1,1,1,1,1,1,1,1,1,1
LSCE_10081,79,8,6471497.871,1896546.35,72.6744461,103,143,0,1,1,1,1,1,1,1,1,1,1
LSCE_10081,79,9,6471497.871,1896546.35,72.6744461,143,203,1,1,1,1,1,1,1,1,1,1,1
LSCE_10081,79,10,6471497.871,1896546.35,72.6744461,203,210,0,1,1,1,1,1,1,1,1,1,1
LSCE_10082,80,1,6474367.818,1896366.139,53.5780411,0,6,0,1,1,1,1,1,1,1,1,1,1
LSCE_10082,80,2,6474367.818,1896366.139,53.5780411,6,16,0,1,1,1,1,1,1,1,1,1,1
LSCE_10082,80,3,6474367.818,1896366.139,53.5780411,16,32,0,1,1,1,1,1,1,1,1,1,1
LSCE_10082,80,4,6474367.818,1896366.139,53.5780411,32,80,0,1,1,1,1,1,1,1,1,1,1
LSCE_10082,80,5,6474367.818,1896366.139,53.5780411,80,126,0,1,1,1,1,1,1,1,1,1,1
LSCE_10082,80,6,6474367.818,1896366.139,53.5780411,126,148,0,1,1,1,1,1,1,1,1,1,1
LSCE_10082,80,7,6474367.818,1896366.139,53.5780411,148,172,0,1,1,1,1,1,1,1,1,1,1
LSCE_10082,80,8,6474367.818,1896366.139,53.5780411,172,174,1,1,1,1,1,1,1,1,1,1,1
LSCE_10082,80,9,6474367.818,1896366.139,53.5780411,174,180,0,1,1,1,1,1,1,1,1,1,1
LSCE_10082,80,10,6474367.818,1896366.139,53.5780411,180,200,0,1,1,1,1,1,1,1,1,1,1
LSCE_10083,81,1,6474379.206,1895828.567,54.3319435,0,25,0,1,1,1,1,1,1,1,1,1,1
LSCE_10083,81,2,6474379.206,1895828.567,54.3319435,25,55,1,1,1,1,1,1,1,1,1,1,1
LSCE_10083,81,3,6474379.206,1895828.567,54.3319435,55,180,1,1,1,1,1,1,1,1,1,1,1
LSCE_10084,82,1,6474124.101,1895680.107,54.2978973,0,1,0,1,1,1,1,1,1,1,1,1,1
LSCE_10084,82,2,6474124.101,1895680.107,54.2978973,1,16,0,1,1,1,1,1,1,1,1,1,1
LSCE_10084,82,3,6474124.101,1895680.107,54.2978973,16,20,1,1,1,1,1,1,1,1,1,1,1
LSCE_10084,82,4,6474124.101,1895680.107,54.2978973,20,23,0,1,1,1,1,1,1,1,1,1,1
LSCE_10084,82,5,6474124.101,1895680.107,54.2978973,23,53,1,1,1,1,1,1,1,1,1,1,1
LSCE_10084,82,6,6474124.101,1895680.107,54.2978973,53,56,0,1,1,1,1,1,1,1,1,1,1
LSCE_10084,82,7,6474124.101,1895680.107,54.2978973,56,70,1,1,1,1,1,1,1,1,1,1,1
LSCE_10085,83,1,6470403.085,1897329.878,70.4478226,0,25,0,1,1,1,1,1,1,1,1,1,1
LSCE_10085,83,2,6470403.085,1897329.878,70.4478226,25,50,1,1,1,1,1,1,1,1,1,1,1
LSCE_10085,83,3,6470403.085,1897329.878,70.4478226,50,80,0,1,1,1,1,1,1,1,1,1,1
LSCE_10085,83,4,6470403.085,1897329.878,70.4478226,80,100,1,1,1,1,1,1,1,1,1,1,1
LSCE_10085,83,5,6470403.085,1897329.878,70.4478226,100,107,0,1,1,1,1,1,1,1,1,1,1
LSCE_10085,83,6,6470403.085,1897329.878,70.4478226,107,115,1,1,1,1,1,1,1,1,1,1,1
LSCE_10085,83,7,6470403.085,1897329.878,70.4478226,115,130,0,1,1,1,1,1,1,1,1,1,1
LSCE_10085,83,8,6470403.085,1897329.878,70.4478226,130,190,1,1,1,1,1,1,1,1,1,1,1
LSCE_10085,83,9,6470403.085,1897329.878,70.4478226,190,260,0,1,1,1,1,1,1,1,1,1,1
LSCE_10086,84,1,6466369.637,1895809.65,88.4693146,0,30,0,1,1,1,1,1,1,1,1,1,1
LSCE_10086,84,2,6466369.637,1895809.65,88.4693146,30,45,1,1,1,1,1,1,1,1,1,1,1
LSCE_10086,84,3,6466369.637,1895809.65,88.4693146,45,130,0,1,1,1,1,1,1,1,1,1,1
LSCE_10086,84,4,6466369.637,1895809.65,88.4693146,130,170,1,1,1,1,1,1,1,1,1,1,1
LSCE_10086,84,5,6466369.637,1895809.65,88.4693146,170,180,0,1,1,1,1,1,1,1,1,1,1
LSCE_10086,84,6,6466369.637,1895809.65,88.4693146,180,185,1,1,1,1,1,1,1,1,1,1,1
LSCE_10086,84,7,6466369.637,1895809.65,88.4693146,185,200,0,1,1,1,1,1,1,1,1,1,1
LSCE_10087,85,1,6465874.02,1895530.682,93.4692307,0,5,0,1,1,1,1,1,1,1,1,1,1
LSCE_10087,85,2,6465874.02,1895530.682,93.4692307,5,25,0,1,1,1,1,1,1,1,1,1,1
LSCE_10087,85,3,6465874.02,1895530.682,93.4692307,25,30,1,1,1,1,1,1,1,1,1,1,1
LSCE_10087,85,4,6465874.02,1895530.682,93.4692307,30,90,0,1,1,1,1,1,1,1,1,1,1
LSCE_10087,85,5,6465874.02,1895530.682,93.4692307,90,92,0,1,1,1,1,1,1,1,1,1,1
LSCE_10087,85,6,6465874.02,1895530.682,93.4692307,92,120,1,1,1,1,1,1,1,1,1,1,1
LSCE_10087,85,7,6465874.02,1895530.682,93.4692307,120,150,0,1,1,1,1,1,1,1,1,1,1
LSCE_10087,85,8,6465874.02,1895530.682,93.4692307,150,175,1,1,1,1,1,1,1,1,1,1,1
LSCE_10088,86,1,6469308.115,1896506.312,78.9080353,0,5,0,1,1,1,1,1,1,1,1,1,1
LSCE_10088,86,2,6469308.115,1896506.312,78.9080353,5,15,0,1,1,1,1,1,1,1,1,1,1
LSCE_10088,86,3,6469308.115,1896506.312,78.9080353,15,21,1,1,1,1,1,1,1,1,1,1,1
LSCE_10088,86,4,6469308.115,1896506.312,78.9080353,21,42,0,1,1,1,1,1,1,1,1,1,1
LSCE_10088,86,5,6469308.115,1896506.312,78.9080353,42,46,1,1,1,1,1,1,1,1,1,1,1
LSCE_10088,86,6,6469308.115,1896506.312,78.9080353,46,56,0,1,1,1,1,1,1,1,1,1,1
LSCE_10088,86,7,6469308.115,1896506.312,78.9080353,56,59,1,1,1,1,1,1,1,1,1,1,1
LSCE_10088,86,8,6469308.115,1896506.312,78.9080353,59,85,0,1,1,1,1,1,1,1,1,1,1
LSCE_10088,86,9,6469308.115,1896506.312,78.9080353,85,95,1,1,1,1,1,1,1,1,1,1,1
LSCE_10088,86,10,6469308.115,1896506.312,78.9080353,95,100,0,1,1,1,1,1,1,1,1,1,1
LSCE_10088,86,11,6469308.115,1896506.312,78.9080353,100,122,1,1,1,1,1,1,1,1,1,1,1
LSCE_10088,86,12,6469308.115,1896506.312,78.9080353,122,145,0,1,1,1,1,1,1,1,1,1,1
LSCE_10088,86,13,6469308.115,1896506.312,78.9080353,145,176,1,1,1,1,1,1,1,1,1,1,1
LSCE_10088,86,14,6469308.115,1896506.312,78.9080353,176,189,0,1,1,1,1,1,1,1,1,1,1
LSCE_10088,86,15,6469308.115,1896506.312,78.9080353,189,197,1,1,1,1,1,1,1,1,1,1,1
LSCE_10088,86,16,6469308.115,1896506.312,78.9080353,197,203,0,1,1,1,1,1,1,1,1,1,1
LSCE_10089,87,1,6468917.375,1896036.447,85.069931,0,5,0,1,1,1,1,1,1,1,1,1,1
LSCE_10089,87,2,6468917.375,1896036.447,85.069931,5,9,1,1,1,1,1,1,1,1,1,1,1
LSCE_10089,87,3,6468917.375,1896036.447,85.069931,9,125,0,1,1,1,1,1,1,1,1,1,1
LSCE_10089,87,4,6468917.375,1896036.447,85.069931,125,160,1,1,1,1,1,1,1,1,1,1,1
LSCE_10089,87,5,6468917.375,1896036.447,85.069931,160,340,0,1,1,1,1,1,1,1,1,1,1
LSCE_10090,88,1,6470564.791,1896183.592,76.2226028,0,4,0,1,1,1,1,1,1,1,1,1,1
LSCE_10090,88,2,6470564.791,1896183.592,76.2226028,4,26,1,1,1,1,1,1,1,1,1,1,1
LSCE_10090,88,3,6470564.791,1896183.592,76.2226028,26,84,0,1,1,1,1,1,1,1,1,1,1
LSCE_10090,88,4,6470564.791,1896183.592,76.2226028,84,93,1,1,1,1,1,1,1,1,1,1,1
LSCE_10090,88,5,6470564.791,1896183.592,76.2226028,93,107,0,1,1,1,1,1,1,1,1,1,1
LSCE_10090,88,6,6470564.791,1896183.592,76.2226028,107,124,1,1,1,1,1,1,1,1,1,1,1
LSCE_10090,88,7,6470564.791,1896183.592,76.2226028,124,137,0,1,1,1,1,1,1,1,1,1,1
LSCE_10090,88,8,6470564.791,1896183.592,76.2226028,137,144,1,1,1,1,1,1,1,1,1,1,1
LSCE_10090,88,9,6470564.791,1896183.592,76.2226028,144,147,0,1,1,1,1,1,1,1,1,1,1
LSCE_10090,88,10,6470564.791,1896183.592,76.2226028,147,153,1,1,1,1,1,1,1,1,1,1,1
LSCE_10090,88,11,6470564.791,1896183.592,76.2226028,153,162,0,1,1,1,1,1,1,1,1,1,1
LSCE_10090,88,12,6470564.791,1896183.592,76.2226028,162,171,1,1,1,1,1,1,1,1,1,1,1
LSCE_10090,88,13,6470564.791,1896183.592,76.2226028,171,176,0,1,1,1,1,1,1,1,1,1,1
LSCE_10090,88,14,6470564.791,1896183.592,76.2226028,176,180,1,1,1,1,1,1,1,1,1,1,1
LSCE_10090,88,15,6470564.791,1896183.592,76.2226028,180,185,0,1,1,1,1,1,1,1,1,1,1
LSCE_10090,88,16,6470564.791,1896183.592,76.2226028,185,190,1,1,1,1,1,1,1,1,1,1,1
LSCE_10090,88,17,6470564.791,1896183.592,76.2226028,190,207,0,1,1,1,1,1,1,1,1,1,1
LSCE_10090,88,18,6470564.791,1896183.592,76.2226028,207,235,1,1,1,1,1,1,1,1,1,1,1
LSCE_10090,88,19,6470564.791,1896183.592,76.2226028,235,297,0,1,1,1,1,1,1,1,1,1,1
LSCE_10091,89,1,6470037.635,1895074.317,75.9845657,0,5,0,1,1,1,1,1,1,1,1,1,1
LSCE_10091,89,2,6470037.635,1895074.317,75.9845657,5,22,1,1,1,1,1,1,1,1,1,1,1
LSCE_10091,89,3,6470037.635,1895074.317,75.9845657,22,32,0,1,1,1,1,1,1,1,1,1,1
LSCE_10091,89,4,6470037.635,1895074.317,75.9845657,32,36,1,1,1,1,1,1,1,1,1,1,1
LSCE_10091,89,5,6470037.635,1895074.317,75.9845657,36,42,0,1,1,1,1,1,1,1,1,1,1
LSCE_10091,89,6,6470037.635,1895074.317,75.9845657,42,47,1,1,1,1,1,1,1,1,1,1,1
LSCE_10091,89,7,6470037.635,1895074.317,75.9845657,47,65,0,1,1,1,1,1,1,1,1,1,1
LSCE_10091,89,8,6470037.635,1895074.317,75.9845657,65,75,0,1,1,1,1,1,1,1,1,1,1
LSCE_10091,89,9,6470037.635,1895074.317,75.9845657,75,87,0,1,1,1,1,1,1,1,1,1,1
LSCE_10091,89,10,6470037.635,1895074.317,75.9845657,87,96,1,1,1,1,1,1,1,1,1,1,1
LSCE_10091,89,11,6470037.635,1895074.317,75.9845657,96,100,0,1,1,1,1,1,1,1,1,1,1
LSCE_10091,89,12,6470037.635,1895074.317,75.9845657,100,117,1,1,1,1,1,1,1,1,1,1,1
LSCE_10091,89,13,6470037.635,1895074.317,75.9845657,117,120,0,1,1,1,1,1,1,1,1,1,1
LSCE_10091,89,14,6470037.635,1895074.317,75.9845657,120,135,1,1,1,1,1,1,1,1,1,1,1
LSCE_10091,89,15,6470037.635,1895074.317,75.9845657,135,140,1,1,1,1,1,1,1,1,1,1,1
LSCE_10091,89,16,6470037.635,1895074.317,75.9845657,140,163,0,1,1,1,1,1,1,1,1,1,1
LSCE_10091,89,17,6470037.635,1895074.317,75.9845657,163,168,1,1,1,1,1,1,1,1,1,1,1
LSCE_10091,89,18,6470037.635,1895074.317,75.9845657,168,184,0,1,1,1,1,1,1,1,1,1,1
LSCE_10091,89,19,6470037.635,1895074.317,75.9845657,184,190,1,1,1,1,1,1,1,1,1,1,1
LSCE_10091,89,20,6470037.635,1895074.317,75.9845657,190,200,0,1,1,1,1,1,1,1,1,1,1
LSCE_10091,89,21,6470037.635,1895074.317,75.9845657,200,206,1,1,1,1,1,1,1,1,1,1,1
LSCE_10091,89,22,6470037.635,1895074.317,75.9845657,206,232,0,1,1,1,1,1,1,1,1,1,1
LSCE_10091,89,23,6470037.635,1895074.317,75.9845657,232,236,1,1,1,1,1,1,1,1,1,1,1
LSCE_10091,89,24,6470037.635,1895074.317,75.9845657,236,263,0,1,1,1,1,1,1,1,1,1,1
LSCE_10091,89,25,6470037.635,1895074.317,75.9845657,263,269,0,1,1,1,1,1,1,1,1,1,1
LSCE_10091,89,26,6470037.635,1895074.317,75.9845657,269,278,0,1,1,1,1,1,1,1,1,1,1
LSCE_10091,89,27,6470037.635,1895074.317,75.9845657,278,299,0,1,1,1,1,1,1,1,1,1,1
LSCE_10092,90,1,6466495.14,1895395.114,91.1145172,0,21,0,1,1,1,1,1,1,1,1,1,1
LSCE_10092,90,2,6466495.14,1895395.114,91.1145172,21,38,1,1,1,1,1,1,1,1,1,1,1
LSCE_10092,90,3,6466495.14,1895395.114,91.1145172,38,49,0,1,1,1,1,1,1,1,1,1,1
LSCE_10092,90,4,6466495.14,1895395.114,91.1145172,49,62,0,1,1,1,1,1,1,1,1,1,1
LSCE_10092,90,5,6466495.14,1895395.114,91.1145172,62,66,1,1,1,1,1,1,1,1,1,1,1
LSCE_10092,90,6,6466495.14,1895395.114,91.1145172,66,68,0,1,1,1,1,1,1,1,1,1,1
LSCE_10092,90,7,6466495.14,1895395.114,91.1145172,68,79,0,1,1,1,1,1,1,1,1,1,1
LSCE_10092,90,8,6466495.14,1895395.114,91.1145172,79,93,1,1,1,1,1,1,1,1,1,1,1
LSCE_10092,90,9,6466495.14,1895395.114,91.1145172,93,114,0,1,1,1,1,1,1,1,1,1,1
LSCE_10092,90,10,6466495.14,1895395.114,91.1145172,114,125,1,1,1,1,1,1,1,1,1,1,1
LSCE_10092,90,11,6466495.14,1895395.114,91.1145172,125,133,0,1,1,1,1,1,1,1,1,1,1
LSCE_10092,90,12,6466495.14,1895395.114,91.1145172,133,157,1,1,1,1,1,1,1,1,1,1,1
LSCE_10092,90,13,6466495.14,1895395.114,91.1145172,157,160,0,1,1,1,1,1,1,1,1,1,1
LSCE_10092,90,14,6466495.14,1895395.114,91.1145172,160,174,1,1,1,1,1,1,1,1,1,1,1
LSCE_10092,90,15,6466495.14,1895395.114,91.1145172,174,179,0,1,1,1,1,1,1,1,1,1,1
LSCE_10092,90,16,6466495.14,1895395.114,91.1145172,179,210,0,1,1,1,1,1,1,1,1,1,1
LSCE_10092,90,17,6466495.14,1895395.114,91.1145172,210,217,1,1,1,1,1,1,1,1,1,1,1
LSCE_10092,90,18,6466495.14,1895395.114,91.1145172,217,238,0,1,1,1,1,1,1,1,1,1,1
LSCE_10092,90,19,6466495.14,1895395.114,91.1145172,238,248,1,1,1,1,1,1,1,1,1,1,1
LSCE_10092,90,20,6466495.14,1895395.114,91.1145172,248,256,0,1,1,1,1,1,1,1,1,1,1
LSCE_10093,91,1,6465591.726,1897742.315,80.4682617,0,3,0,1,1,1,1,1,1,1,1,1,1
LSCE_10093,91,2,6465591.726,1897742.315,80.4682617,3,15,0,1,1,1,1,1,1,1,1,1,1
LSCE_10093,91,3,6465591.726,1897742.315,80.4682617,15,25,1,1,1,1,1,1,1,1,1,1,1
LSCE_10093,91,4,6465591.726,1897742.315,80.4682617,25,40,0,1,1,1,1,1,1,1,1,1,1
LSCE_10093,91,5,6465591.726,1897742.315,80.4682617,40,43,1,1,1,1,1,1,1,1,1,1,1
LSCE_10093,91,6,6465591.726,1897742.315,80.4682617,43,82,0,1,1,1,1,1,1,1,1,1,1
LSCE_10093,91,7,6465591.726,1897742.315,80.4682617,82,98,1,1,1,1,1,1,1,1,1,1,1
LSCE_10093,91,8,6465591.726,1897742.315,80.4682617,98,140,0,1,1,1,1,1,1,1,1,1,1
LSCE_10093,91,9,6465591.726,1897742.315,80.4682617,140,158,1,1,1,1,1,1,1,1,1,1,1
LSCE_10093,91,10,6465591.726,1897742.315,80.4682617,158,172,0,1,1,1,1,1,1,1,1,1,1
LSCE_10093,91,11,6465591.726,1897742.315,80.4682617,172,204,1,1,1,1,1,1,1,1,1,1,1
LSCE_10093,91,12,6465591.726,1897742.315,80.4682617,204,240,0,1,1,1,1,1,1,1,1,1,1
LSCE_10093,91,13,6465591.726,1897742.315,80.4682617,240,248,1,1,1,1,1,1,1,1,1,1,1
LSCE_10093,91,14,6465591.726,1897742.315,80.4682617,248,288,0,1,1,1,1,1,1,1,1,1,1
LSCE_10093,91,15,6465591.726,1897742.315,80.4682617,288,304,1,1,1,1,1,1,1,1,1,1,1
LSCE_10093,91,16,6465591.726,1897742.315,80.4682617,304,320,0,1,1,1,1,1,1,1,1,1,1
LSCE_10093,91,17,6465591.726,1897742.315,80.4682617,320,328,0,1,1,1,1,1,1,1,1,1,1
LSCE_10093,91,18,6465591.726,1897742.315,80.4682617,328,335,1,1,1,1,1,1,1,1,1,1,1
LSCE_10093,91,19,6465591.726,1897742.315,80.4682617,335,340,0,1,1,1,1,1,1,1,1,1,1
LSCE_10093,91,20,6465591.726,1897742.315,80.4682617,340,354,1,1,1,1,1,1,1,1,1,1,1
LSCE_10093,91,21,6465591.726,1897742.315,80.4682617,354,381,0,1,1,1,1,1,1,1,1,1,1
LSCE_10093,91,22,6465591.726,1897742.315,80.4682617,381,395,1,1,1,1,1,1,1,1,1,1,1
LSCE_10093,91,23,6465591.726,1897742.315,80.4682617,395,408,1,1,1,1,1,1,1,1,1,1,1
LSCE_10093,91,24,6465591.726,1897742.315,80.4682617,408,414,1,1,1,1,1,1,1,1,1,1,1
LSCE_10093,91,25,6465591.726,1897742.315,80.4682617,414,422,1,1,1,1,1,1,1,1,1,1,1
LSCE_10093,91,26,6465591.726,1897742.315,80.4682617,422,434,1,1,1,1,1,1,1,1,1,1,1
LSCE_10093,91,27,6465591.726,1897742.315,80.4682617,434,442,0,1,1,1,1,1,1,1,1,1,1
LSCE_10093,91,28,6465591.726,1897742.315,80.4682617,442,458,1,1,1,1,1,1,1,1,1,1,1
LSCE_10093,91,29,6465591.726,1897742.315,80.4682617,458,479,1,1,1,1,1,1,1,1,1,1,1
LSCE_10093,91,30,6465591.726,1897742.315,80.4682617,479,520,0,1,1,1,1,1,1,1,1,1,1
LSCE_10093,91,31,6465591.726,1897742.315,80.4682617,520,525,1,1,1,1,1,1,1,1,1,1,1
LSCE_10093,91,32,6465591.726,1897742.315,80.4682617,525,545,1,1,1,1,1,1,1,1,1,1,1
LSCE_10093,91,33,6465591.726,1897742.315,80.4682617,545,565,0,1,1,1,1,1,1,1,1,1,1
LSCE_10093,91,34,6465591.726,1897742.315,80.4682617,565,605,1,1,1,1,1,1,1,1,1,1,1
LSCE_10093,91,35,6465591.726,1897742.315,80.4682617,605,620,1,1,1,1,1,1,1,1,1,1,1
LSCE_10093,91,36,6465591.726,1897742.315,80.4682617,620,630,1,1,1,1,1,1,1,1,1,1,1
LSCE_10093,91,37,6465591.726,1897742.315,80.4682617,630,650,0,1,1,1,1,1,1,1,1,1,1
LSCE_10093,91,38,6465591.726,1897742.315,80.4682617,650,694,1,1,1,1,1,1,1,1,1,1,1
LSCE_10093,91,39,6465591.726,1897742.315,80.4682617,694,702,1,1,1,1,1,1,1,1,1,1,1
LSCE_10093,91,40,6465591.726,1897742.315,80.4682617,702,730,0,1,1,1,1,1,1,1,1,1,1
LSCE_10094,92,1,6462457.641,1895510.689,102.8008118,0,5,0,1,1,1,1,1,1,1,1,1,1
LSCE_10094,92,2,6462457.641,1895510.689,102.8008118,5,32,0,1,1,1,1,1,1,1,1,1,1
LSCE_10094,92,3,6462457.641,1895510.689,102.8008118,32,138,0,1,1,1,1,1,1,1,1,1,1
LSCE_10094,92,4,6462457.641,1895510.689,102.8008118,138,530,0,1,1,1,1,1,1,1,1,1,1
LSCE_10094,92,5,6462457.641,1895510.689,102.8008118,530,550,0,1,1,1,1,1,1,1,1,1,1
LSCE_10095,93,1,6462137.624,1895727.142,106.5227127,0,3,0,1,1,1,1,1,1,1,1,1,1
LSCE_10096,94,1,6462622.604,1895988.963,99.8318939,0,10,0,1,1,1,1,1,1,1,1,1,1
LSCE_10097,95,1,6465511.383,1895937.354,85.4168549,0,2,0,1,1,1,1,1,1,1,1,1,1
LSCE_10097,95,2,6465511.383,1895937.354,85.4168549,2,20,0,1,1,1,1,1,1,1,1,1,1
LSCE_10097,95,3,6465511.383,1895937.354,85.4168549,20,40,0,1,1,1,1,1,1,1,1,1,1
LSCE_10097,95,4,6465511.383,1895937.354,85.4168549,40,50,0,1,1,1,1,1,1,1,1,1,1
LSCE_10097,95,5,6465511.383,1895937.354,85.4168549,50,70,1,1,1,1,1,1,1,1,1,1,1
LSCE_10097,95,6,6465511.383,1895937.354,85.4168549,70,110,0,1,1,1,1,1,1,1,1,1,1
LSCE_10097,95,7,6465511.383,1895937.354,85.4168549,110,130,0,1,1,1,1,1,1,1,1,1,1
LSCE_10097,95,8,6465511.383,1895937.354,85.4168549,130,150,0,1,1,1,1,1,1,1,1,1,1
LSCE_10097,95,9,6465511.383,1895937.354,85.4168549,150,170,0,1,1,1,1,1,1,1,1,1,1
LSCE_10097,95,10,6465511.383,1895937.354,85.4168549,170,190,0,1,1,1,1,1,1,1,1,1,1
LSCE_10097,95,11,6465511.383,1895937.354,85.4168549,190,210,0,1,1,1,1,1,1,1,1,1,1
LSCE_10098,96,1,6464400.501,1896054.738,96.1364365,0,4,0,1,1,1,1,1,1,1,1,1,1
LSCE_10098,96,2,6464400.501,1896054.738,96.1364365,4,23,0,1,1,1,1,1,1,1,1,1,1
LSCE_10098,96,3,6464400.501,1896054.738,96.1364365,23,51,1,1,1,1,1,1,1,1,1,1,1
LSCE_10098,96,4,6464400.501,1896054.738,96.1364365,51,76,0,1,1,1,1,1,1,1,1,1,1
LSCE_10098,96,5,6464400.501,1896054.738,96.1364365,76,87,1,1,1,1,1,1,1,1,1,1,1
LSCE_10098,96,6,6464400.501,1896054.738,96.1364365,87,92,0,1,1,1,1,1,1,1,1,1,1
LSCE_10098,96,7,6464400.501,1896054.738,96.1364365,92,204,0,1,1,1,1,1,1,1,1,1,1
LSCE_10098,96,8,6464400.501,1896054.738,96.1364365,204,215,0,1,1,1,1,1,1,1,1,1,1
LSCE_10098,96,9,6464400.501,1896054.738,96.1364365,215,233,1,1,1,1,1,1,1,1,1,1,1
LSCE_10098,96,10,6464400.501,1896054.738,96.1364365,233,241,0,1,1,1,1,1,1,1,1,1,1
LSCE_10098,96,11,6464400.501,1896054.738,96.1364365,241,257,1,1,1,1,1,1,1,1,1,1,1
LSCE_10098,96,12,6464400.501,1896054.738,96.1364365,257,273,0,1,1,1,1,1,1,1,1,1,1
LSCE_10098,96,13,6464400.501,1896054.738,96.1364365,273,384,1,1,1,1,1,1,1,1,1,1,1
LSCE_10098,96,14,6464400.501,1896054.738,96.1364365,384,470,0,1,1,1,1,1,1,1,1,1,1
LSCE_10099,97,1,6464402.85,1895608.604,98.930687,0,4,0,1,1,1,1,1,1,1,1,1,1
LSCE_10099,97,2,6464402.85,1895608.604,98.930687,4,20,0,1,1,1,1,1,1,1,1,1,1
LSCE_10099,97,3,6464402.85,1895608.604,98.930687,20,40,0,1,1,1,1,1,1,1,1,1,1
LSCE_10099,97,4,6464402.85,1895608.604,98.930687,40,60,0,1,1,1,1,1,1,1,1,1,1
LSCE_10099,97,5,6464402.85,1895608.604,98.930687,60,67,0,1,1,1,1,1,1,1,1,1,1
LSCE_10099,97,6,6464402.85,1895608.604,98.930687,67,70,0,1,1,1,1,1,1,1,1,1,1
LSCE_10099,97,7,6464402.85,1895608.604,98.930687,70,90,0,1,1,1,1,1,1,1,1,1,1
LSCE_10099,97,8,6464402.85,1895608.604,98.930687,90,110,0,1,1,1,1,1,1,1,1,1,1
LSCE_10100,98,1,6463097.658,1895220.919,102.9403915,0,3,0,1,1,1,1,1,1,1,1,1,1
LSCE_10100,98,2,6463097.658,1895220.919,102.9403915,3,6,0,1,1,1,1,1,1,1,1,1,1
LSCE_10100,98,3,6463097.658,1895220.919,102.9403915,6,15,0,1,1,1,1,1,1,1,1,1,1
LSCE_10102,99,1,6490309.245,1887020.387,293.3531799,0,3,0,1,1,1,1,1,1,1,1,1,1
LSCE_10103,100,1,6488543.315,1886095.886,118.1658249,0,2,0,1,1,1,1,1,1,1,1,1,1
LSCE_10103,100,2,6488543.315,1886095.886,118.1658249,2,10,1,1,1,1,1,1,1,1,1,1,1
LSCE_10103,100,3,6488543.315,1886095.886,118.1658249,10,18,0,1,1,1,1,1,1,1,1,1,1
LSCE_10104,101,1,6487616.759,1885249.227,97.7285919,0,2,0,1,1,1,1,1,1,1,1,1,1
LSCE_10105,102,1,6487974.085,1885630.243,107.7266769,0,1,0,1,1,1,1,1,1,1,1,1,1
LSCE_10105,102,2,6487974.085,1885630.243,107.7266769,1,39,1,1,1,1,1,1,1,1,1,1,1
LSCE_10105,102,3,6487974.085,1885630.243,107.7266769,39,51,1,1,1,1,1,1,1,1,1,1,1
LSCE_10105,102,4,6487974.085,1885630.243,107.7266769,51,89,1,1,1,1,1,1,1,1,1,1,1
LSCE_10106,103,1,6489249.525,1885493.377,120.8208618,0,8,0,1,1,1,1,1,1,1,1,1,1
LSCE_10106,103,2,6489249.525,1885493.377,120.8208618,8,15,0,1,1,1,1,1,1,1,1,1,1
LSCE_10106,103,3,6489249.525,1885493.377,120.8208618,12,88,1,1,1,1,1,1,1,1,1,1,1
LSCE_10106,103,4,6489249.525,1885493.377,120.8208618,15,18,0,1,1,1,1,1,1,1,1,1,1
LSCE_10107,104,1,6485438.889,1886055.615,58.6662903,0,65,0,1,1,1,1,1,1,1,1,1,1
LSCE_10107,104,2,6485438.889,1886055.615,58.6662903,65,110,0,1,1,1,1,1,1,1,1,1,1
LSCE_10107,104,3,6485438.889,1886055.615,58.6662903,110,180,1,1,1,1,1,1,1,1,1,1,1
LSCE_10107,104,4,6485438.889,1886055.615,58.6662903,180,200,1,1,1,1,1,1,1,1,1,1,1
LSCE_10107,104,5,6485438.889,1886055.615,58.6662903,200,225,0,1,1,1,1,1,1,1,1,1,1
LSCE_10107,104,6,6485438.889,1886055.615,58.6662903,225,230,1,1,1,1,1,1,1,1,1,1,1
LSCE_10107,104,7,6485438.889,1886055.615,58.6662903,230,290,0,1,1,1,1,1,1,1,1,1,1
LSCE_10107,104,8,6485438.889,1886055.615,58.6662903,290,300,1,1,1,1,1,1,1,1,1,1,1
LSCE_10107,104,9,6485438.889,1886055.615,58.6662903,300,340,0,1,1,1,1,1,1,1,1,1,1
LSCE_10107,104,10,6485438.889,1886055.615,58.6662903,340,345,1,1,1,1,1,1,1,1,1,1,1
LSCE_10107,104,11,6485438.889,1886055.615,58.6662903,345,370,0,1,1,1,1,1,1,1,1,1,1
LSCE_10108,105,1,6481889.775,1886827.379,103.7950516,0,40,0,1,1,1,1,1,1,1,1,1,1
LSCE_10108,105,2,6481889.775,1886827.379,103.7950516,40,130,0,1,1,1,1,1,1,1,1,1,1
LSCE_10109,106,1,6481539.163,1884996.584,53.5635567,0,40,0,1,1,1,1,1,1,1,1,1,1
LSCE_10109,106,2,6481539.163,1884996.584,53.5635567,40,70,0,1,1,1,1,1,1,1,1,1,1
LSCE_10109,106,3,6481539.163,1884996.584,53.5635567,70,90,1,1,1,1,1,1,1,1,1,1,1
LSCE_10109,106,4,6481539.163,1884996.584,53.5635567,90,140,0,1,1,1,1,1,1,1,1,1,1
LSCE_10109,106,5,6481539.163,1884996.584,53.5635567,140,170,0,1,1,1,1,1,1,1,1,1,1
LSCE_10109,106,6,6481539.163,1884996.584,53.5635567,170,180,1,1,1,1,1,1,1,1,1,1,1
LSCE_10109,106,7,6481539.163,1884996.584,53.5635567,180,190,0,1,1,1,1,1,1,1,1,1,1
LSCE_10109,106,8,6481539.163,1884996.584,53.5635567,190,210,0,1,1,1,1,1,1,1,1,1,1
LSCE_10110,107,1,6482876.398,1885109.803,76.4123917,0,50,0,1,1,1,1,1,1,1,1,1,1
LSCE_10110,107,2,6482876.398,1885109.803,76.4123917,50,55,1,1,1,1,1,1,1,1,1,1,1
LSCE_10110,107,3,6482876.398,1885109.803,76.4123917,55,75,0,1,1,1,1,1,1,1,1,1,1
LSCE_10110,107,4,6482876.398,1885109.803,76.4123917,75,80,1,1,1,1,1,1,1,1,1,1,1
LSCE_10110,107,5,6482876.398,1885109.803,76.4123917,80,90,0,1,1,1,1,1,1,1,1,1,1
LSCE_10110,107,6,6482876.398,1885109.803,76.4123917,90,95,1,1,1,1,1,1,1,1,1,1,1
LSCE_10110,107,7,6482876.398,1885109.803,76.4123917,95,110,0,1,1,1,1,1,1,1,1,1,1
LSCE_10110,107,8,6482876.398,1885109.803,76.4123917,110,160,1,1,1,1,1,1,1,1,1,1,1
LSCE_10110,107,9,6482876.398,1885109.803,76.4123917,160,200,1,1,1,1,1,1,1,1,1,1,1
LSCE_10110,107,10,6482876.398,1885109.803,76.4123917,200,220,1,1,1,1,1,1,1,1,1,1,1
LSCE_10110,107,11,6482876.398,1885109.803,76.4123917,220,300,0,1,1,1,1,1,1,1,1,1,1
LSCE_10111,108,1,6484559.206,1885768.677,55.0048599,0,3,0,1,1,1,1,1,1,1,1,1,1
LSCE_10111,108,2,6484559.206,1885768.677,55.0048599,3,21,0,1,1,1,1,1,1,1,1,1,1
LSCE_10111,108,3,6484559.206,1885768.677,55.0048599,21,93,1,1,1,1,1,1,1,1,1,1,1
LSCE_10111,108,4,6484559.206,1885768.677,55.0048599,93,116,1,1,1,1,1,1,1,1,1,1,1
LSCE_10111,108,5,6484559.206,1885768.677,55.0048599,116,170,1,1,1,1,1,1,1,1,1,1,1
LSCE_10111,108,6,6484559.206,1885768.677,55.0048599,170,250,1,1,1,1,1,1,1,1,1,1,1
LSCE_10112,109,1,6485953.368,1885433.548,86.5706253,0,20,0,1,1,1,1,1,1,1,1,1,1
LSCE_10112,109,2,6485953.368,1885433.548,86.5706253,20,140,0,1,1,1,1,1,1,1,1,1,1
LSCE_10113,110,1,6486558.058,1884952.169,76.7691956,0,2,0,1,1,1,1,1,1,1,1,1,1
LSCE_10113,110,2,6486558.058,1884952.169,76.7691956,2,8,0,1,1,1,1,1,1,1,1,1,1
LSCE_10113,110,3,6486558.058,1884952.169,76.7691956,8,72,1,1,1,1,1,1,1,1,1,1,1
LSCE_10113,110,4,6486558.058,1884952.169,76.7691956,72,184,1,1,1,1,1,1,1,1,1,1,1
LSCE_10114,111,1,6484522.94,1884853.956,48.9707222,0,15,0,1,1,1,1,1,1,1,1,1,1
LSCE_10114,111,2,6484522.94,1884853.956,48.9707222,15,60,1,1,1,1,1,1,1,1,1,1,1
LSCE_10114,111,3,6484522.94,1884853.956,48.9707222,60,270,1,1,1,1,1,1,1,1,1,1,1
LSCE_10114,111,4,6484522.94,1884853.956,48.9707222,270,300,0,1,1,1,1,1,1,1,1,1,1
LSCE_10115,112,1,6483847.616,1884722.673,38.6830864,0,15,0,1,1,1,1,1,1,1,1,1,1
LSCE_10115,112,2,6483847.616,1884722.673,38.6830864,15,16,1,1,1,1,1,1,1,1,1,1,1
LSCE_10116,113,1,6481749.625,1884522.437,52.800415,0,40,0,1,1,1,1,1,1,1,1,1,1
LSCE_10116,113,2,6481749.625,1884522.437,52.800415,40,60,1,1,1,1,1,1,1,1,1,1,1
LSCE_10116,113,3,6481749.625,1884522.437,52.800415,60,95,0,1,1,1,1,1,1,1,1,1,1
LSCE_10116,113,4,6481749.625,1884522.437,52.800415,95,100,1,1,1,1,1,1,1,1,1,1,1
LSCE_10116,113,5,6481749.625,1884522.437,52.800415,100,160,0,1,1,1,1,1,1,1,1,1,1
LSCE_10116,113,6,6481749.625,1884522.437,52.800415,160,180,1,1,1,1,1,1,1,1,1,1,1
LSCE_10116,113,7,6481749.625,1884522.437,52.800415,180,215,0,1,1,1,1,1,1,1,1,1,1
LSCE_10116,113,8,6481749.625,1884522.437,52.800415,215,240,1,1,1,1,1,1,1,1,1,1,1
LSCE_10116,113,9,6481749.625,1884522.437,52.800415,240,245,0,1,1,1,1,1,1,1,1,1,1
LSCE_10116,113,10,6481749.625,1884522.437,52.800415,245,255,1,1,1,1,1,1,1,1,1,1,1
LSCE_10116,113,11,6481749.625,1884522.437,52.800415,255,265,0,1,1,1,1,1,1,1,1,1,1
LSCE_10116,113,12,6481749.625,1884522.437,52.800415,265,300,1,1,1,1,1,1,1,1,1,1,1
LSCE_10116,113,13,6481749.625,1884522.437,52.800415,300,315,0,1,1,1,1,1,1,1,1,1,1
LSCE_10116,113,14,6481749.625,1884522.437,52.800415,315,350,1,1,1,1,1,1,1,1,1,1,1
LSCE_10116,113,15,6481749.625,1884522.437,52.800415,350,360,0,1,1,1,1,1,1,1,1,1,1
LSCE_10117,114,1,6482440.163,1884368.92,50.8900833,0,20,0,1,1,1,1,1,1,1,1,1,1
LSCE_10117,114,2,6482440.163,1884368.92,50.8900833,20,40,0,1,1,1,1,1,1,1,1,1,1
LSCE_10117,114,3,6482440.163,1884368.92,50.8900833,40,60,0,1,1,1,1,1,1,1,1,1,1
LSCE_10117,114,4,6482440.163,1884368.92,50.8900833,60,90,0,1,1,1,1,1,1,1,1,1,1
LSCE_10118,115,1,6481071.407,1883369.674,28.7536335,0,2,0,1,1,1,1,1,1,1,1,1,1
LSCE_10118,115,2,6481071.407,1883369.674,28.7536335,2,24,0,1,1,1,1,1,1,1,1,1,1
LSCE_10118,115,3,6481071.407,1883369.674,28.7536335,24,39,1,1,1,1,1,1,1,1,1,1,1
LSCE_10118,115,4,6481071.407,1883369.674,28.7536335,39,96,0,1,1,1,1,1,1,1,1,1,1
LSCE_10118,115,5,6481071.407,1883369.674,28.7536335,96,129,1,1,1,1,1,1,1,1,1,1,1
LSCE_10118,115,6,6481071.407,1883369.674,28.7536335,129,139,0,1,1,1,1,1,1,1,1,1,1
LSCE_10118,115,7,6481071.407,1883369.674,28.7536335,139,149,1,1,1,1,1,1,1,1,1,1,1
LSCE_10118,115,8,6481071.407,1883369.674,28.7536335,149,164,0,1,1,1,1,1,1,1,1,1,1
LSCE_10118,115,9,6481071.407,1883369.674,28.7536335,164,172,0,1,1,1,1,1,1,1,1,1,1
LSCE_10118,115,10,6481071.407,1883369.674,28.7536335,172,188,0,1,1,1,1,1,1,1,1,1,1
LSCE_10118,115,11,6481071.407,1883369.674,28.7536335,188,197,1,1,1,1,1,1,1,1,1,1,1
LSCE_10118,115,12,6481071.407,1883369.674,28.7536335,197,242,0,1,1,1,1,1,1,1,1,1,1
LSCE_10118,115,13,6481071.407,1883369.674,28.7536335,242,266,1,1,1,1,1,1,1,1,1,1,1
LSCE_10118,115,14,6481071.407,1883369.674,28.7536335,266,294,0,1,1,1,1,1,1,1,1,1,1
LSCE_10118,115,15,6481071.407,1883369.674,28.7536335,294,371,1,1,1,1,1,1,1,1,1,1,1
LSCE_10118,115,16,6481071.407,1883369.674,28.7536335,371,405,1,1,1,1,1,1,1,1,1,1,1
LSCE_10119,116,1,6478608.954,1886952.84,39.2750244,0,4,0,1,1,1,1,1,1,1,1,1,1
LSCE_10119,116,2,6478608.954,1886952.84,39.2750244,4,12,0,1,1,1,1,1,1,1,1,1,1
LSCE_10119,116,3,6478608.954,1886952.84,39.2750244,12,42,1,1,1,1,1,1,1,1,1,1,1
LSCE_10119,116,4,6478608.954,1886952.84,39.2750244,42,45,1,1,1,1,1,1,1,1,1,1,1
LSCE_10119,116,5,6478608.954,1886952.84,39.2750244,45,55,1,1,1,1,1,1,1,1,1,1,1
LSCE_10119,116,6,6478608.954,1886952.84,39.2750244,55,84,1,1,1,1,1,1,1,1,1,1,1
LSCE_10119,116,7,6478608.954,1886952.84,39.2750244,84,163,1,1,1,1,1,1,1,1,1,1,1
LSCE_10119,116,8,6478608.954,1886952.84,39.2750244,163,210,1,1,1,1,1,1,1,1,1,1,1
LSCE_10119,116,9,6478608.954,1886952.84,39.2750244,210,285,0,1,1,1,1,1,1,1,1,1,1
LSCE_10119,116,10,6478608.954,1886952.84,39.2750244,285,405,0,1,1,1,1,1,1,1,1,1,1
LSCE_10120,117,1,6477786.175,1886501.593,54.9133301,0,5,0,1,1,1,1,1,1,1,1,1,1
LSCE_10120,117,2,6477786.175,1886501.593,54.9133301,5,30,0,1,1,1,1,1,1,1,1,1,1
LSCE_10120,117,3,6477786.175,1886501.593,54.9133301,30,34,1,1,1,1,1,1,1,1,1,1,1
LSCE_10120,117,4,6477786.175,1886501.593,54.9133301,34,83,0,1,1,1,1,1,1,1,1,1,1
LSCE_10120,117,5,6477786.175,1886501.593,54.9133301,83,90,1,1,1,1,1,1,1,1,1,1,1
LSCE_10120,117,6,6477786.175,1886501.593,54.9133301,90,102,0,1,1,1,1,1,1,1,1,1,1
LSCE_10120,117,7,6477786.175,1886501.593,54.9133301,102,210,1,1,1,1,1,1,1,1,1,1,1
LSCE_10120,117,8,6477786.175,1886501.593,54.9133301,210,250,0,1,1,1,1,1,1,1,1,1,1
LSCE_10120,117,9,6477786.175,1886501.593,54.9133301,250,270,0,1,1,1,1,1,1,1,1,1,1
LSCE_10120,117,10,6477786.175,1886501.593,54.9133301,270,287,0,1,1,1,1,1,1,1,1,1,1
LSCE_10120,117,11,6477786.175,1886501.593,54.9133301,286,404,0,1,1,1,1,1,1,1,1,1,1
LSCE_10120,117,12,6477786.175,1886501.593,54.9133301,287,293,0,1,1,1,1,1,1,1,1,1,1
LSCE_10120,117,13,6477786.175,1886501.593,54.9133301,293,308,0,1,1,1,1,1,1,1,1,1,1
LSCE_10120,117,14,6477786.175,1886501.593,54.9133301,308,332,1,1,1,1,1,1,1,1,1,1,1
LSCE_10120,117,15,6477786.175,1886501.593,54.9133301,332,347,0,1,1,1,1,1,1,1,1,1,1
LSCE_10120,117,16,6477786.175,1886501.593,54.9133301,347,354,1,1,1,1,1,1,1,1,1,1,1
LSCE_10120,117,17,6477786.175,1886501.593,54.9133301,354,357,0,1,1,1,1,1,1,1,1,1,1
LSCE_10120,117,18,6477786.175,1886501.593,54.9133301,357,361,1,1,1,1,1,1,1,1,1,1,1
LSCE_10120,117,19,6477786.175,1886501.593,54.9133301,361,373,0,1,1,1,1,1,1,1,1,1,1
LSCE_10120,117,20,6477786.175,1886501.593,54.9133301,373,386,1,1,1,1,1,1,1,1,1,1,1
LSCE_10120,117,21,6477786.175,1886501.593,54.9133301,404,410,0,1,1,1,1,1,1,1,1,1,1
LSCE_10120,117,22,6477786.175,1886501.593,54.9133301,410,465,1,1,1,1,1,1,1,1,1,1,1
LSCE_10121,118,1,6475756.464,1884650.482,54.8221931,0,2,0,1,1,1,1,1,1,1,1,1,1
LSCE_10121,118,2,6475756.464,1884650.482,54.8221931,2,38,0,1,1,1,1,1,1,1,1,1,1
LSCE_10121,118,3,6475756.464,1884650.482,54.8221931,38,95,1,1,1,1,1,1,1,1,1,1,1
LSCE_10121,118,4,6475756.464,1884650.482,54.8221931,95,120,0,1,1,1,1,1,1,1,1,1,1
LSCE_10121,118,5,6475756.464,1884650.482,54.8221931,120,123,1,1,1,1,1,1,1,1,1,1,1
LSCE_10121,118,6,6475756.464,1884650.482,54.8221931,123,130,1,1,1,1,1,1,1,1,1,1,1
LSCE_10121,118,7,6475756.464,1884650.482,54.8221931,130,240,0,1,1,1,1,1,1,1,1,1,1
LSCE_10121,118,8,6475756.464,1884650.482,54.8221931,240,250,0,1,1,1,1,1,1,1,1,1,1
LSCE_10121,118,9,6475756.464,1884650.482,54.8221931,250,275,0,1,1,1,1,1,1,1,1,1,1
LSCE_10121,118,10,6475756.464,1884650.482,54.8221931,275,320,0,1,1,1,1,1,1,1,1,1,1
LSCE_10121,118,11,6475756.464,1884650.482,54.8221931,320,325,1,1,1,1,1,1,1,1,1,1,1
LSCE_10121,118,12,6475756.464,1884650.482,54.8221931,325,330,1,1,1,1,1,1,1,1,1,1,1
LSCE_10121,118,13,6475756.464,1884650.482,54.8221931,330,345,0,1,1,1,1,1,1,1,1,1,1
LSCE_10122,119,1,6480480.854,1884354.117,21.9934216,0,2,0,1,1,1,1,1,1,1,1,1,1
LSCE_10122,119,2,6480480.854,1884354.117,21.9934216,2,21,0,1,1,1,1,1,1,1,1,1,1
LSCE_10122,119,3,6480480.854,1884354.117,21.9934216,21,47,1,1,1,1,1,1,1,1,1,1,1
LSCE_10122,119,4,6480480.854,1884354.117,21.9934216,47,77,0,1,1,1,1,1,1,1,1,1,1
LSCE_10122,119,5,6480480.854,1884354.117,21.9934216,77,83,1,1,1,1,1,1,1,1,1,1,1
LSCE_10122,119,6,6480480.854,1884354.117,21.9934216,83,103,0,1,1,1,1,1,1,1,1,1,1
LSCE_10122,119,7,6480480.854,1884354.117,21.9934216,103,119,0,1,1,1,1,1,1,1,1,1,1
LSCE_10122,119,8,6480480.854,1884354.117,21.9934216,119,139,0,1,1,1,1,1,1,1,1,1,1
LSCE_10122,119,9,6480480.854,1884354.117,21.9934216,139,164,0,1,1,1,1,1,1,1,1,1,1
LSCE_10122,119,10,6480480.854,1884354.117,21.9934216,164,192,0,1,1,1,1,1,1,1,1,1,1
LSCE_10122,119,11,6480480.854,1884354.117,21.9934216,192,202,0,1,1,1,1,1,1,1,1,1,1
LSCE_10122,119,12,6480480.854,1884354.117,21.9934216,202,211,0,1,1,1,1,1,1,1,1,1,1
LSCE_10122,119,13,6480480.854,1884354.117,21.9934216,211,237,1,1,1,1,1,1,1,1,1,1,1
LSCE_10122,119,14,6480480.854,1884354.117,21.9934216,237,251,0,1,1,1,1,1,1,1,1,1,1
LSCE_10122,119,15,6480480.854,1884354.117,21.9934216,251,263,0,1,1,1,1,1,1,1,1,1,1
LSCE_10122,119,16,6480480.854,1884354.117,21.9934216,263,287,0,1,1,1,1,1,1,1,1,1,1
LSCE_10122,119,17,6480480.854,1884354.117,21.9934216,287,291,0,1,1,1,1,1,1,1,1,1,1
LSCE_10122,119,18,6480480.854,1884354.117,21.9934216,291,309,0,1,1,1,1,1,1,1,1,1,1
LSCE_10122,119,19,6480480.854,1884354.117,21.9934216,309,322,0,1,1,1,1,1,1,1,1,1,1
LSCE_10122,119,20,6480480.854,1884354.117,21.9934216,322,329,1,1,1,1,1,1,1,1,1,1,1
LSCE_10122,119,21,6480480.854,1884354.117,21.9934216,329,334,0,1,1,1,1,1,1,1,1,1,1
LSCE_10122,119,22,6480480.854,1884354.117,21.9934216,334,365,1,1,1,1,1,1,1,1,1,1,1
LSCE_10123,120,1,6478463.176,1884296.474,40.3169556,0,10,0,1,1,1,1,1,1,1,1,1,1
LSCE_10123,120,2,6478463.176,1884296.474,40.3169556,10,18,0,1,1,1,1,1,1,1,1,1,1
LSCE_10123,120,3,6478463.176,1884296.474,40.3169556,18,25,0,1,1,1,1,1,1,1,1,1,1
LSCE_10123,120,4,6478463.176,1884296.474,40.3169556,25,40,0,1,1,1,1,1,1,1,1,1,1
LSCE_10123,120,5,6478463.176,1884296.474,40.3169556,40,135,0,1,1,1,1,1,1,1,1,1,1
LSCE_10123,120,6,6478463.176,1884296.474,40.3169556,135,147,1,1,1,1,1,1,1,1,1,1,1
LSCE_10123,120,7,6478463.176,1884296.474,40.3169556,147,170,0,1,1,1,1,1,1,1,1,1,1
LSCE_10124,121,1,6478857.455,1882601.918,30.9026089,0,5,0,1,1,1,1,1,1,1,1,1,1
LSCE_10124,121,2,6478857.455,1882601.918,30.9026089,5,15,1,1,1,1,1,1,1,1,1,1,1
LSCE_10124,121,3,6478857.455,1882601.918,30.9026089,15,40,0,1,1,1,1,1,1,1,1,1,1
LSCE_10124,121,4,6478857.455,1882601.918,30.9026089,40,50,1,1,1,1,1,1,1,1,1,1,1
LSCE_10124,121,5,6478857.455,1882601.918,30.9026089,50,55,0,1,1,1,1,1,1,1,1,1,1
LSCE_10124,121,6,6478857.455,1882601.918,30.9026089,55,65,0,1,1,1,1,1,1,1,1,1,1
LSCE_10124,121,7,6478857.455,1882601.918,30.9026089,65,80,1,1,1,1,1,1,1,1,1,1,1
LSCE_10124,121,8,6478857.455,1882601.918,30.9026089,80,90,0,1,1,1,1,1,1,1,1,1,1
LSCE_10124,121,9,6478857.455,1882601.918,30.9026089,90,117,0,1,1,1,1,1,1,1,1,1,1
LSCE_10124,121,10,6478857.455,1882601.918,30.9026089,117,167,1,1,1,1,1,1,1,1,1,1,1
LSCE_10124,121,11,6478857.455,1882601.918,30.9026089,167,175,1,1,1,1,1,1,1,1,1,1,1
LSCE_10124,121,12,6478857.455,1882601.918,30.9026089,175,245,0,1,1,1,1,1,1,1,1,1,1
LSCE_10124,121,13,6478857.455,1882601.918,30.9026089,245,300,0,1,1,1,1,1,1,1,1,1,1
LSCE_10124,121,14,6478857.455,1882601.918,30.9026089,300,315,1,1,1,1,1,1,1,1,1,1,1
LSCE_10124,121,15,6478857.455,1882601.918,30.9026089,315,370,0,1,1,1,1,1,1,1,1,1,1
LSCE_10124,121,16,6478857.455,1882601.918,30.9026089,370,395,0,1,1,1,1,1,1,1,1,1,1
LSCE_10125,122,1,6475208.994,1886586.471,54.6937828,0,2,0,1,1,1,1,1,1,1,1,1,1
LSCE_10125,122,2,6475208.994,1886586.471,54.6937828,2,20,0,1,1,1,1,1,1,1,1,1,1
LSCE_10125,122,3,6475208.994,1886586.471,54.6937828,20,30,1,1,1,1,1,1,1,1,1,1,1
LSCE_10125,122,4,6475208.994,1886586.471,54.6937828,30,50,0,1,1,1,1,1,1,1,1,1,1
LSCE_10125,122,5,6475208.994,1886586.471,54.6937828,50,70,0,1,1,1,1,1,1,1,1,1,1
LSCE_10125,122,6,6475208.994,1886586.471,54.6937828,70,90,0,1,1,1,1,1,1,1,1,1,1
LSCE_10125,122,7,6475208.994,1886586.471,54.6937828,90,130,1,1,1,1,1,1,1,1,1,1,1
LSCE_10125,122,8,6475208.994,1886586.471,54.6937828,130,170,0,1,1,1,1,1,1,1,1,1,1
LSCE_10125,122,9,6475208.994,1886586.471,54.6937828,170,230,0,1,1,1,1,1,1,1,1,1,1
LSCE_10125,122,10,6475208.994,1886586.471,54.6937828,230,270,0,1,1,1,1,1,1,1,1,1,1
LSCE_10125,122,11,6475208.994,1886586.471,54.6937828,270,290,0,1,1,1,1,1,1,1,1,1,1
LSCE_10125,122,12,6475208.994,1886586.471,54.6937828,290,310,0,1,1,1,1,1,1,1,1,1,1
LSCE_10125,122,13,6475208.994,1886586.471,54.6937828,310,350,0,1,1,1,1,1,1,1,1,1,1
LSCE_10125,122,14,6475208.994,1886586.471,54.6937828,350,370,0,1,1,1,1,1,1,1,1,1,1
LSCE_10125,122,15,6475208.994,1886586.471,54.6937828,370,390,0,1,1,1,1,1,1,1,1,1,1
LSCE_10125,122,16,6475208.994,1886586.471,54.6937828,390,410,0,1,1,1,1,1,1,1,1,1,1
LSCE_10125,122,17,6475208.994,1886586.471,54.6937828,410,430,0,1,1,1,1,1,1,1,1,1,1
LSCE_10125,122,18,6475208.994,1886586.471,54.6937828,430,470,0,1,1,1,1,1,1,1,1,1,1
LSCE_10126,123,1,6473062.966,1885225.804,65.2148743,0,3,0,1,1,1,1,1,1,1,1,1,1
LSCE_10126,123,2,6473062.966,1885225.804,65.2148743,3,9,0,1,1,1,1,1,1,1,1,1,1
LSCE_10126,123,3,6473062.966,1885225.804,65.2148743,9,12,1,1,1,1,1,1,1,1,1,1,1
LSCE_10126,123,4,6473062.966,1885225.804,65.2148743,12,61,0,1,1,1,1,1,1,1,1,1,1
LSCE_10126,123,5,6473062.966,1885225.804,65.2148743,61,63,1,1,1,1,1,1,1,1,1,1,1
LSCE_10126,123,6,6473062.966,1885225.804,65.2148743,63,80,0,1,1,1,1,1,1,1,1,1,1
LSCE_10126,123,7,6473062.966,1885225.804,65.2148743,80,82,1,1,1,1,1,1,1,1,1,1,1
LSCE_10126,123,8,6473062.966,1885225.804,65.2148743,82,129,0,1,1,1,1,1,1,1,1,1,1
LSCE_10127,124,1,6474500.303,1885655.793,62.9116173,0,26,0,1,1,1,1,1,1,1,1,1,1
LSCE_10127,124,2,6474500.303,1885655.793,62.9116173,26,62,0,1,1,1,1,1,1,1,1,1,1
LSCE_10127,124,3,6474500.303,1885655.793,62.9116173,62,140,0,1,1,1,1,1,1,1,1,1,1
LSCE_10127,124,4,6474500.303,1885655.793,62.9116173,140,142,1,1,1,1,1,1,1,1,1,1,1
LSCE_10127,124,5,6474500.303,1885655.793,62.9116173,142,190,0,1,1,1,1,1,1,1,1,1,1
LSCE_10127,124,6,6474500.303,1885655.793,62.9116173,190,192,1,1,1,1,1,1,1,1,1,1,1
LSCE_10127,124,7,6474500.303,1885655.793,62.9116173,192,221,0,1,1,1,1,1,1,1,1,1,1
LSCE_10127,124,8,6474500.303,1885655.793,62.9116173,221,230,1,1,1,1,1,1,1,1,1,1,1
LSCE_10127,124,9,6474500.303,1885655.793,62.9116173,230,270,0,1,1,1,1,1,1,1,1,1,1
LSCE_10127,124,10,6474500.303,1885655.793,62.9116173,270,308,1,1,1,1,1,1,1,1,1,1,1
LSCE_10128,125,1,6474855.059,1884347.554,60.0773201,0,30,0,1,1,1,1,1,1,1,1,1,1
LSCE_10128,125,2,6474855.059,1884347.554,60.0773201,30,40,1,1,1,1,1,1,1,1,1,1,1
LSCE_10128,125,3,6474855.059,1884347.554,60.0773201,40,65,0,1,1,1,1,1,1,1,1,1,1
LSCE_10128,125,4,6474855.059,1884347.554,60.0773201,65,80,1,1,1,1,1,1,1,1,1,1,1
LSCE_10128,125,5,6474855.059,1884347.554,60.0773201,80,150,1,1,1,1,1,1,1,1,1,1,1
LSCE_10128,125,6,6474855.059,1884347.554,60.0773201,150,205,0,1,1,1,1,1,1,1,1,1,1
LSCE_10128,125,7,6474855.059,1884347.554,60.0773201,205,225,1,1,1,1,1,1,1,1,1,1,1
LSCE_10128,125,8,6474855.059,1884347.554,60.0773201,225,260,0,1,1,1,1,1,1,1,1,1,1
LSCE_10128,125,9,6474855.059,1884347.554,60.0773201,260,275,1,1,1,1,1,1,1,1,1,1,1
LSCE_10128,125,10,6474855.059,1884347.554,60.0773201,275,300,0,1,1,1,1,1,1,1,1,1,1
LSCE_10129,126,1,6476973.024,1885023.431,47.7290115,0,1,0,1,1,1,1,1,1,1,1,1,1
LSCE_10129,126,2,6476973.024,1885023.431,47.7290115,1,17,1,1,1,1,1,1,1,1,1,1,1
LSCE_10129,126,3,6476973.024,1885023.431,47.7290115,17,24,1,1,1,1,1,1,1,1,1,1,1
LSCE_10129,126,4,6476973.024,1885023.431,47.7290115,24,32,0,1,1,1,1,1,1,1,1,1,1
LSCE_10129,126,5,6476973.024,1885023.431,47.7290115,32,43,1,1,1,1,1,1,1,1,1,1,1
LSCE_10129,126,6,6476973.024,1885023.431,47.7290115,43,49,0,1,1,1,1,1,1,1,1,1,1
LSCE_10129,126,7,6476973.024,1885023.431,47.7290115,49,84,1,1,1,1,1,1,1,1,1,1,1
LSCE_10129,126,8,6476973.024,1885023.431,47.7290115,84,93,0,1,1,1,1,1,1,1,1,1,1
LSCE_10129,126,9,6476973.024,1885023.431,47.7290115,93,126,0,1,1,1,1,1,1,1,1,1,1
LSCE_10129,126,10,6476973.024,1885023.431,47.7290115,126,143,0,1,1,1,1,1,1,1,1,1,1
LSCE_10129,126,11,6476973.024,1885023.431,47.7290115,143,148,1,1,1,1,1,1,1,1,1,1,1
LSCE_10129,126,12,6476973.024,1885023.431,47.7290115,148,164,0,1,1,1,1,1,1,1,1,1,1
LSCE_10129,126,13,6476973.024,1885023.431,47.7290115,164,187,0,1,1,1,1,1,1,1,1,1,1
LSCE_10129,126,14,6476973.024,1885023.431,47.7290115,187,259,0,1,1,1,1,1,1,1,1,1,1
LSCE_10129,126,15,6476973.024,1885023.431,47.7290115,259,269,0,1,1,1,1,1,1,1,1,1,1
LSCE_10129,126,16,6476973.024,1885023.431,47.7290115,269,308,0,1,1,1,1,1,1,1,1,1,1
LSCE_10129,126,17,6476973.024,1885023.431,47.7290115,308,338,1,1,1,1,1,1,1,1,1,1,1
LSCE_10129,126,18,6476973.024,1885023.431,47.7290115,338,372,1,1,1,1,1,1,1,1,1,1,1
LSCE_10129,126,19,6476973.024,1885023.431,47.7290115,372,383,0,1,1,1,1,1,1,1,1,1,1
LSCE_10130,127,1,6473838.4,1884494.448,62.7832031,0,2,1,1,1,1,1,1,1,1,1,1,1
LSCE_10130,127,2,6473838.4,1884494.448,62.7832031,2,35,0,1,1,1,1,1,1,1,1,1,1
LSCE_10130,127,3,6473838.4,1884494.448,62.7832031,35,36,1,1,1,1,1,1,1,1,1,1,1
LSCE_10130,127,4,6473838.4,1884494.448,62.7832031,36,55,0,1,1,1,1,1,1,1,1,1,1
LSCE_10130,127,5,6473838.4,1884494.448,62.7832031,55,57,1,1,1,1,1,1,1,1,1,1,1
LSCE_10130,127,6,6473838.4,1884494.448,62.7832031,57,82,0,1,1,1,1,1,1,1,1,1,1
LSCE_10130,127,7,6473838.4,1884494.448,62.7832031,87,93,0,1,1,1,1,1,1,1,1,1,1
LSCE_10131,128,1,6471248.062,1884123.46,72.0467224,0,8,0,1,1,1,1,1,1,1,1,1,1
LSCE_10131,128,2,6471248.062,1884123.46,72.0467224,8,15,1,1,1,1,1,1,1,1,1,1,1
LSCE_10131,128,3,6471248.062,1884123.46,72.0467224,15,30,0,1,1,1,1,1,1,1,1,1,1
LSCE_10131,128,4,6471248.062,1884123.46,72.0467224,30,40,0,1,1,1,1,1,1,1,1,1,1
LSCE_10131,128,5,6471248.062,1884123.46,72.0467224,40,95,0,1,1,1,1,1,1,1,1,1,1
LSCE_10131,128,6,6471248.062,1884123.46,72.0467224,95,134,0,1,1,1,1,1,1,1,1,1,1
LSCE_10131,128,7,6471248.062,1884123.46,72.0467224,134,179,1,1,1,1,1,1,1,1,1,1,1
LSCE_10132,129,1,6472400.209,1884423.219,67.5161209,0,1,0,1,1,1,1,1,1,1,1,1,1
LSCE_10132,129,2,6472400.209,1884423.219,67.5161209,1,12,0,1,1,1,1,1,1,1,1,1,1
LSCE_10132,129,3,6472400.209,1884423.219,67.5161209,12,16,1,1,1,1,1,1,1,1,1,1,1
LSCE_10132,129,4,6472400.209,1884423.219,67.5161209,16,60,0,1,1,1,1,1,1,1,1,1,1
LSCE_10132,129,5,6472400.209,1884423.219,67.5161209,60,68,1,1,1,1,1,1,1,1,1,1,1
LSCE_10132,129,6,6472400.209,1884423.219,67.5161209,68,141,0,1,1,1,1,1,1,1,1,1,1
LSCE_10132,129,7,6472400.209,1884423.219,67.5161209,141,145,1,1,1,1,1,1,1,1,1,1,1
LSCE_10132,129,8,6472400.209,1884423.219,67.5161209,145,167,0,1,1,1,1,1,1,1,1,1,1
LSCE_10132,129,9,6472400.209,1884423.219,67.5161209,167,175,1,1,1,1,1,1,1,1,1,1,1
LSCE_10132,129,10,6472400.209,1884423.219,67.5161209,175,180,0,1,1,1,1,1,1,1,1,1,1
LSCE_10133,130,1,6468199.714,1886679.129,91.7282104,0,3,0,1,1,1,1,1,1,1,1,1,1
LSCE_10133,130,2,6468199.714,1886679.129,91.7282104,3,23,0,1,1,1,1,1,1,1,1,1,1
LSCE_10133,130,3,6468199.714,1886679.129,91.7282104,23,41,1,1,1,1,1,1,1,1,1,1,1
LSCE_10133,130,4,6468199.714,1886679.129,91.7282104,41,44,0,1,1,1,1,1,1,1,1,1,1
LSCE_10133,130,5,6468199.714,1886679.129,91.7282104,44,53,1,1,1,1,1,1,1,1,1,1,1
LSCE_10133,130,6,6468199.714,1886679.129,91.7282104,53,68,0,1,1,1,1,1,1,1,1,1,1
LSCE_10133,130,7,6468199.714,1886679.129,91.7282104,68,71,1,1,1,1,1,1,1,1,1,1,1
LSCE_10133,130,8,6468199.714,1886679.129,91.7282104,71,84,0,1,1,1,1,1,1,1,1,1,1
LSCE_10133,130,9,6468199.714,1886679.129,91.7282104,84,93,1,1,1,1,1,1,1,1,1,1,1
LSCE_10133,130,10,6468199.714,1886679.129,91.7282104,93,102,0,1,1,1,1,1,1,1,1,1,1
LSCE_10133,130,11,6468199.714,1886679.129,91.7282104,102,121,1,1,1,1,1,1,1,1,1,1,1
LSCE_10133,130,12,6468199.714,1886679.129,91.7282104,121,137,0,1,1,1,1,1,1,1,1,1,1
LSCE_10133,130,13,6468199.714,1886679.129,91.7282104,137,142,1,1,1,1,1,1,1,1,1,1,1
LSCE_10133,130,14,6468199.714,1886679.129,91.7282104,142,191,0,1,1,1,1,1,1,1,1,1,1
LSCE_10133,130,15,6468199.714,1886679.129,91.7282104,191,252,0,1,1,1,1,1,1,1,1,1,1
LSCE_10133,130,16,6468199.714,1886679.129,91.7282104,252,294,1,1,1,1,1,1,1,1,1,1,1
LSCE_10133,130,17,6468199.714,1886679.129,91.7282104,294,299,0,1,1,1,1,1,1,1,1,1,1
LSCE_10133,130,18,6468199.714,1886679.129,91.7282104,299,327,1,1,1,1,1,1,1,1,1,1,1
LSCE_10133,130,19,6468199.714,1886679.129,91.7282104,327,353,0,1,1,1,1,1,1,1,1,1,1
LSCE_10133,130,20,6468199.714,1886679.129,91.7282104,352,359,1,1,1,1,1,1,1,1,1,1,1
LSCE_10133,130,21,6468199.714,1886679.129,91.7282104,359,400,0,1,1,1,1,1,1,1,1,1,1
LSCE_10133,130,22,6468199.714,1886679.129,91.7282104,400,405,1,1,1,1,1,1,1,1,1,1,1
LSCE_10134,131,1,6466176.349,1885154.341,99.769104,0,78,0,1,1,1,1,1,1,1,1,1,1
LSCE_10134,131,2,6466176.349,1885154.341,99.769104,78,91,1,1,1,1,1,1,1,1,1,1,1
LSCE_10134,131,3,6466176.349,1885154.341,99.769104,91,113,0,1,1,1,1,1,1,1,1,1,1
LSCE_10134,131,4,6466176.349,1885154.341,99.769104,113,141,0,1,1,1,1,1,1,1,1,1,1
LSCE_10134,131,5,6466176.349,1885154.341,99.769104,141,147,0,1,1,1,1,1,1,1,1,1,1
LSCE_10134,131,6,6466176.349,1885154.341,99.769104,147,163,0,1,1,1,1,1,1,1,1,1,1
LSCE_10134,131,7,6466176.349,1885154.341,99.769104,163,171,0,1,1,1,1,1,1,1,1,1,1
LSCE_10134,131,8,6466176.349,1885154.341,99.769104,171,221,0,1,1,1,1,1,1,1,1,1,1
LSCE_10134,131,9,6466176.349,1885154.341,99.769104,221,232,0,1,1,1,1,1,1,1,1,1,1
LSCE_10134,131,10,6466176.349,1885154.341,99.769104,232,247,0,1,1,1,1,1,1,1,1,1,1
LSCE_10134,131,11,6466176.349,1885154.341,99.769104,247,266,0,1,1,1,1,1,1,1,1,1,1
LSCE_10134,131,12,6466176.349,1885154.341,99.769104,266,291,0,1,1,1,1,1,1,1,1,1,1
LSCE_10134,131,13,6466176.349,1885154.341,99.769104,298,316,0,1,1,1,1,1,1,1,1,1,1
LSCE_10134,131,14,6466176.349,1885154.341,99.769104,316,351,0,1,1,1,1,1,1,1,1,1,1
LSCE_10134,131,15,6466176.349,1885154.341,99.769104,351,363,0,1,1,1,1,1,1,1,1,1,1
LSCE_10135,132,1,6470547.102,1883822.536,71.8352509,1,10,0,1,1,1,1,1,1,1,1,1,1
LSCE_10135,132,2,6470547.102,1883822.536,71.8352509,10,50,0,1,1,1,1,1,1,1,1,1,1
LSCE_10135,132,3,6470547.102,1883822.536,71.8352509,50,90,0,1,1,1,1,1,1,1,1,1,1
LSCE_10135,132,4,6470547.102,1883822.536,71.8352509,90,105,0,1,1,1,1,1,1,1,1,1,1
LSCE_10135,132,5,6470547.102,1883822.536,71.8352509,105,115,1,1,1,1,1,1,1,1,1,1,1
LSCE_10135,132,6,6470547.102,1883822.536,71.8352509,115,135,0,1,1,1,1,1,1,1,1,1,1
LSCE_10135,132,7,6470547.102,1883822.536,71.8352509,135,160,0,1,1,1,1,1,1,1,1,1,1
LSCE_10135,132,8,6470547.102,1883822.536,71.8352509,160,190,0,1,1,1,1,1,1,1,1,1,1
LSCE_10135,132,9,6470547.102,1883822.536,71.8352509,190,205,1,1,1,1,1,1,1,1,1,1,1
LSCE_10135,132,10,6470547.102,1883822.536,71.8352509,205,225,0,1,1,1,1,1,1,1,1,1,1
LSCE_10136,133,1,6469252.596,1884485.173,80.7992706,0,5,0,1,1,1,1,1,1,1,1,1,1
LSCE_10136,133,2,6469252.596,1884485.173,80.7992706,5,25,1,1,1,1,1,1,1,1,1,1,1
LSCE_10136,133,3,6469252.596,1884485.173,80.7992706,25,55,0,1,1,1,1,1,1,1,1,1,1
LSCE_10136,133,4,6469252.596,1884485.173,80.7992706,55,70,1,1,1,1,1,1,1,1,1,1,1
LSCE_10136,133,5,6469252.596,1884485.173,80.7992706,70,80,0,1,1,1,1,1,1,1,1,1,1
LSCE_10136,133,6,6469252.596,1884485.173,80.7992706,80,85,0,1,1,1,1,1,1,1,1,1,1
LSCE_10136,133,7,6469252.596,1884485.173,80.7992706,85,90,1,1,1,1,1,1,1,1,1,1,1
LSCE_10136,133,8,6469252.596,1884485.173,80.7992706,90,95,1,1,1,1,1,1,1,1,1,1,1
LSCE_10136,133,9,6469252.596,1884485.173,80.7992706,95,115,1,1,1,1,1,1,1,1,1,1,1
LSCE_10136,133,10,6469252.596,1884485.173,80.7992706,115,125,0,1,1,1,1,1,1,1,1,1,1
LSCE_10136,133,11,6469252.596,1884485.173,80.7992706,125,140,1,1,1,1,1,1,1,1,1,1,1
LSCE_10136,133,12,6469252.596,1884485.173,80.7992706,140,150,0,1,1,1,1,1,1,1,1,1,1
LSCE_10136,133,13,6469252.596,1884485.173,80.7992706,150,155,0,1,1,1,1,1,1,1,1,1,1
LSCE_10136,133,14,6469252.596,1884485.173,80.7992706,155,165,1,1,1,1,1,1,1,1,1,1,1
LSCE_10136,133,15,6469252.596,1884485.173,80.7992706,165,175,0,1,1,1,1,1,1,1,1,1,1
LSCE_10136,133,16,6469252.596,1884485.173,80.7992706,175,190,0,1,1,1,1,1,1,1,1,1,1
LSCE_10136,133,17,6469252.596,1884485.173,80.7992706,190,195,1,1,1,1,1,1,1,1,1,1,1
LSCE_10136,133,18,6469252.596,1884485.173,80.7992706,195,200,0,1,1,1,1,1,1,1,1,1,1
LSCE_10136,133,19,6469252.596,1884485.173,80.7992706,200,210,1,1,1,1,1,1,1,1,1,1,1
LSCE_10136,133,20,6469252.596,1884485.173,80.7992706,210,230,0,1,1,1,1,1,1,1,1,1,1
LSCE_10136,133,21,6469252.596,1884485.173,80.7992706,230,240,1,1,1,1,1,1,1,1,1,1,1
LSCE_10137,134,1,6467979.248,1883753.703,86.0476151,0,5,0,1,1,1,1,1,1,1,1,1,1
LSCE_10137,134,2,6467979.248,1883753.703,86.0476151,5,24,0,1,1,1,1,1,1,1,1,1,1
LSCE_10137,134,3,6467979.248,1883753.703,86.0476151,24,28,0,1,1,1,1,1,1,1,1,1,1
LSCE_10137,134,4,6467979.248,1883753.703,86.0476151,28,40,0,1,1,1,1,1,1,1,1,1,1
LSCE_10137,134,5,6467979.248,1883753.703,86.0476151,40,44,1,1,1,1,1,1,1,1,1,1,1
LSCE_10137,134,6,6467979.248,1883753.703,86.0476151,44,56,0,1,1,1,1,1,1,1,1,1,1
LSCE_10137,134,7,6467979.248,1883753.703,86.0476151,56,94,0,1,1,1,1,1,1,1,1,1,1
LSCE_10137,134,8,6467979.248,1883753.703,86.0476151,94,135,0,1,1,1,1,1,1,1,1,1,1
LSCE_10137,134,9,6467979.248,1883753.703,86.0476151,135,155,0,1,1,1,1,1,1,1,1,1,1
LSCE_10137,134,10,6467979.248,1883753.703,86.0476151,155,180,0,1,1,1,1,1,1,1,1,1,1
LSCE_10138,135,1,6466149.161,1884701.396,99.1992722,0,8,0,1,1,1,1,1,1,1,1,1,1
LSCE_10138,135,2,6466149.161,1884701.396,99.1992722,8,9,1,1,1,1,1,1,1,1,1,1,1
LSCE_10138,135,3,6466149.161,1884701.396,99.1992722,9,30,0,1,1,1,1,1,1,1,1,1,1
LSCE_10138,135,4,6466149.161,1884701.396,99.1992722,30,115,0,1,1,1,1,1,1,1,1,1,1
LSCE_10138,135,5,6466149.161,1884701.396,99.1992722,115,130,0,1,1,1,1,1,1,1,1,1,1
LSCE_10138,135,6,6466149.161,1884701.396,99.1992722,130,215,1,1,1,1,1,1,1,1,1,1,1
LSCE_10138,135,7,6466149.161,1884701.396,99.1992722,215,225,1,1,1,1,1,1,1,1,1,1,1
LSCE_10138,135,8,6466149.161,1884701.396,99.1992722,225,285,0,1,1,1,1,1,1,1,1,1,1
LSCE_10138,135,9,6466149.161,1884701.396,99.1992722,285,315,1,1,1,1,1,1,1,1,1,1,1
LSCE_10138,135,10,6466149.161,1884701.396,99.1992722,315,470,0,1,1,1,1,1,1,1,1,1,1
LSCE_10138,135,11,6466149.161,1884701.396,99.1992722,470,475,1,1,1,1,1,1,1,1,1,1,1
LSCE_10138,135,12,6466149.161,1884701.396,99.1992722,475,510,0,1,1,1,1,1,1,1,1,1,1
LSCE_10139,136,1,6466994.653,1884274.037,90.0943527,0,7,0,1,1,1,1,1,1,1,1,1,1
LSCE_10139,136,2,6466994.653,1884274.037,90.0943527,7,24,0,1,1,1,1,1,1,1,1,1,1
LSCE_10139,136,3,6466994.653,1884274.037,90.0943527,24,57,1,1,1,1,1,1,1,1,1,1,1
LSCE_10139,136,4,6466994.653,1884274.037,90.0943527,57,64,1,1,1,1,1,1,1,1,1,1,1
LSCE_10139,136,5,6466994.653,1884274.037,90.0943527,64,98,0,1,1,1,1,1,1,1,1,1,1
LSCE_10139,136,6,6466994.653,1884274.037,90.0943527,98,102,1,1,1,1,1,1,1,1,1,1,1
LSCE_10139,136,7,6466994.653,1884274.037,90.0943527,102,106,0,1,1,1,1,1,1,1,1,1,1
LSCE_10139,136,8,6466994.653,1884274.037,90.0943527,106,123,1,1,1,1,1,1,1,1,1,1,1
LSCE_10139,136,9,6466994.653,1884274.037,90.0943527,123,127,0,1,1,1,1,1,1,1,1,1,1
LSCE_10139,136,10,6466994.653,1884274.037,90.0943527,127,166,0,1,1,1,1,1,1,1,1,1,1
LSCE_10139,136,11,6466994.653,1884274.037,90.0943527,166,168,0,1,1,1,1,1,1,1,1,1,1
LSCE_10139,136,12,6466994.653,1884274.037,90.0943527,168,205,0,1,1,1,1,1,1,1,1,1,1
LSCE_10139,136,13,6466994.653,1884274.037,90.0943527,205,214,0,1,1,1,1,1,1,1,1,1,1
LSCE_10139,136,14,6466994.653,1884274.037,90.0943527,214,225,0,1,1,1,1,1,1,1,1,1,1
LSCE_10140,137,1,6467045.113,1884267.299,89.3203735,0,40,0,1,1,1,1,1,1,1,1,1,1
LSCE_10140,137,2,6467045.113,1884267.299,89.3203735,40,55,0,1,1,1,1,1,1,1,1,1,1
LSCE_10140,137,3,6467045.113,1884267.299,89.3203735,55,175,0,1,1,1,1,1,1,1,1,1,1
LSCE_10140,137,4,6467045.113,1884267.299,89.3203735,175,210,0,1,1,1,1,1,1,1,1,1,1
LSCE_10140,137,5,6467045.113,1884267.299,89.3203735,210,270,0,1,1,1,1,1,1,1,1,1,1
LSCE_10140,137,6,6467045.113,1884267.299,89.3203735,270,490,0,1,1,1,1,1,1,1,1,1,1
LSCE_10140,137,7,6467045.113,1884267.299,89.3203735,490,500,0,1,1,1,1,1,1,1,1,1,1
LSCE_10141,138,1,6469282.03,1882997.013,79.8122864,0,10,0,1,1,1,1,1,1,1,1,1,1
LSCE_10141,138,2,6469282.03,1882997.013,79.8122864,10,40,0,1,1,1,1,1,1,1,1,1,1
LSCE_10141,138,3,6469282.03,1882997.013,79.8122864,40,70,1,1,1,1,1,1,1,1,1,1,1
LSCE_10141,138,4,6469282.03,1882997.013,79.8122864,70,85,0,1,1,1,1,1,1,1,1,1,1
LSCE_10141,138,5,6469282.03,1882997.013,79.8122864,85,90,1,1,1,1,1,1,1,1,1,1,1
LSCE_10141,138,6,6469282.03,1882997.013,79.8122864,90,100,0,1,1,1,1,1,1,1,1,1,1
LSCE_10141,138,7,6469282.03,1882997.013,79.8122864,100,155,1,1,1,1,1,1,1,1,1,1,1
LSCE_10141,138,8,6469282.03,1882997.013,79.8122864,155,160,0,1,1,1,1,1,1,1,1,1,1
LSCE_10141,138,9,6469282.03,1882997.013,79.8122864,160,175,1,1,1,1,1,1,1,1,1,1,1
LSCE_10141,138,10,6469282.03,1882997.013,79.8122864,175,180,0,1,1,1,1,1,1,1,1,1,1
LSCE_10141,138,11,6469282.03,1882997.013,79.8122864,180,185,1,1,1,1,1,1,1,1,1,1,1
LSCE_10141,138,12,6469282.03,1882997.013,79.8122864,185,195,0,1,1,1,1,1,1,1,1,1,1
LSCE_10141,138,13,6469282.03,1882997.013,79.8122864,195,260,1,1,1,1,1,1,1,1,1,1,1
LSCE_10141,138,14,6469282.03,1882997.013,79.8122864,260,350,0,1,1,1,1,1,1,1,1,1,1
LSCE_10142,139,1,6469689.842,1883292.745,76.2576523,0,15,0,1,1,1,1,1,1,1,1,1,1
LSCE_10142,139,2,6469689.842,1883292.745,76.2576523,15,80,0,1,1,1,1,1,1,1,1,1,1
LSCE_10142,139,3,6469689.842,1883292.745,76.2576523,80,130,0,1,1,1,1,1,1,1,1,1,1
LSCE_10142,139,4,6469689.842,1883292.745,76.2576523,130,140,1,1,1,1,1,1,1,1,1,1,1
LSCE_10142,139,5,6469689.842,1883292.745,76.2576523,140,160,0,1,1,1,1,1,1,1,1,1,1
LSCE_10142,139,6,6469689.842,1883292.745,76.2576523,160,170,1,1,1,1,1,1,1,1,1,1,1
LSCE_10142,139,7,6469689.842,1883292.745,76.2576523,170,260,0,1,1,1,1,1,1,1,1,1,1
LSCE_10142,139,8,6469689.842,1883292.745,76.2576523,260,267,1,1,1,1,1,1,1,1,1,1,1
LSCE_10142,139,9,6469689.842,1883292.745,76.2576523,267,280,0,1,1,1,1,1,1,1,1,1,1
LSCE_10142,139,10,6469689.842,1883292.745,76.2576523,280,300,1,1,1,1,1,1,1,1,1,1,1
LSCE_10142,139,11,6469689.842,1883292.745,76.2576523,300,385,0,1,1,1,1,1,1,1,1,1,1
LSCE_10142,139,12,6469689.842,1883292.745,76.2576523,385,390,1,1,1,1,1,1,1,1,1,1,1
LSCE_10142,139,13,6469689.842,1883292.745,76.2576523,390,490,0,1,1,1,1,1,1,1,1,1,1
LSCE_10142,139,14,6469689.842,1883292.745,76.2576523,490,515,0,1,1,1,1,1,1,1,1,1,1
LSCE_10142,139,15,6469689.842,1883292.745,76.2576523,515,530,0,1,1,1,1,1,1,1,1,1,1
LSCE_10143,140,1,6462161.389,1885804.131,158.8654327,0,12,0,1,1,1,1,1,1,1,1,1,1
LSCE_10143,140,2,6462161.389,1885804.131,158.8654327,12,20,1,1,1,1,1,1,1,1,1,1,1
LSCE_10143,140,3,6462161.389,1885804.131,158.8654327,20,55,0,1,1,1,1,1,1,1,1,1,1
LSCE_10143,140,4,6462161.389,1885804.131,158.8654327,55,105,0,1,1,1,1,1,1,1,1,1,1
LSCE_10143,140,5,6462161.389,1885804.131,158.8654327,105,138,0,1,1,1,1,1,1,1,1,1,1
LSCE_10143,140,6,6462161.389,1885804.131,158.8654327,138,155,0,1,1,1,1,1,1,1,1,1,1
LSCE_10143,140,7,6462161.389,1885804.131,158.8654327,155,178,1,1,1,1,1,1,1,1,1,1,1
LSCE_10143,140,8,6462161.389,1885804.131,158.8654327,178,285,0,1,1,1,1,1,1,1,1,1,1
LSCE_10143,140,9,6462161.389,1885804.131,158.8654327,285,330,1,1,1,1,1,1,1,1,1,1,1
LSCE_10143,140,10,6462161.389,1885804.131,158.8654327,330,360,0,1,1,1,1,1,1,1,1,1,1
LSCE_10143,140,11,6462161.389,1885804.131,158.8654327,360,375,1,1,1,1,1,1,1,1,1,1,1
LSCE_10143,140,12,6462161.389,1885804.131,158.8654327,375,390,0,1,1,1,1,1,1,1,1,1,1
LSCE_10143,140,13,6462161.389,1885804.131,158.8654327,390,410,1,1,1,1,1,1,1,1,1,1,1
LSCE_10144,141,1,6462710.687,1884977.892,142.9176178,0,5,0,1,1,1,1,1,1,1,1,1,1
LSCE_10144,141,2,6462710.687,1884977.892,142.9176178,5,190,0,1,1,1,1,1,1,1,1,1,1
LSCE_10144,141,3,6462710.687,1884977.892,142.9176178,190,200,1,1,1,1,1,1,1,1,1,1,1
LSCE_10144,141,4,6462710.687,1884977.892,142.9176178,200,245,0,1,1,1,1,1,1,1,1,1,1
LSCE_10144,141,5,6462710.687,1884977.892,142.9176178,245,285,1,1,1,1,1,1,1,1,1,1,1
LSCE_10144,141,6,6462710.687,1884977.892,142.9176178,285,300,0,1,1,1,1,1,1,1,1,1,1
LSCE_10144,141,7,6462710.687,1884977.892,142.9176178,300,345,1,1,1,1,1,1,1,1,1,1,1
LSCE_10144,141,8,6462710.687,1884977.892,142.9176178,345,350,0,1,1,1,1,1,1,1,1,1,1
LSCE_10145,142,1,6461415.183,1885314.978,185.5675049,0,12,0,1,1,1,1,1,1,1,1,1,1
LSCE_10145,142,2,6461415.183,1885314.978,185.5675049,12,180,0,1,1,1,1,1,1,1,1,1,1
LSCE_10146,143,1,6464486.799,1885363.8,119.6891632,0,30,0,1,1,1,1,1,1,1,1,1,1
LSCE_10146,143,2,6464486.799,1885363.8,119.6891632,30,33,1,1,1,1,1,1,1,1,1,1,1
LSCE_10146,143,3,6464486.799,1885363.8,119.6891632,33,50,0,1,1,1,1,1,1,1,1,1,1
LSCE_10146,143,4,6464486.799,1885363.8,119.6891632,50,70,0,1,1,1,1,1,1,1,1,1,1
LSCE_10146,143,5,6464486.799,1885363.8,119.6891632,70,95,0,1,1,1,1,1,1,1,1,1,1
LSCE_10146,143,6,6464486.799,1885363.8,119.6891632,95,105,0,1,1,1,1,1,1,1,1,1,1
LSCE_10146,143,7,6464486.799,1885363.8,119.6891632,105,115,0,1,1,1,1,1,1,1,1,1,1
LSCE_10146,143,8,6464486.799,1885363.8,119.6891632,115,122,1,1,1,1,1,1,1,1,1,1,1
LSCE_10146,143,9,6464486.799,1885363.8,119.6891632,122,128,0,1,1,1,1,1,1,1,1,1,1
LSCE_10146,143,10,6464486.799,1885363.8,119.6891632,128,130,1,1,1,1,1,1,1,1,1,1,1
LSCE_10146,143,11,6464486.799,1885363.8,119.6891632,130,158,0,1,1,1,1,1,1,1,1,1,1
LSCE_10146,143,12,6464486.799,1885363.8,119.6891632,158,175,1,1,1,1,1,1,1,1,1,1,1
LSCE_10146,143,13,6464486.799,1885363.8,119.6891632,175,305,0,1,1,1,1,1,1,1,1,1,1
LSCE_10146,143,14,6464486.799,1885363.8,119.6891632,305,320,1,1,1,1,1,1,1,1,1,1,1
LSCE_10146,143,15,6464486.799,1885363.8,119.6891632,320,465,0,1,1,1,1,1,1,1,1,1,1
LSCE_10146,143,16,6464486.799,1885363.8,119.6891632,465,470,1,1,1,1,1,1,1,1,1,1,1
LSCE_10146,143,17,6464486.799,1885363.8,119.6891632,470,500,0,1,1,1,1,1,1,1,1,1,1
LSCE_10147,144,1,6463518.943,1884505.767,130.8730011,0,90,0,1,1,1,1,1,1,1,1,1,1
LSCE_10147,144,2,6463518.943,1884505.767,130.8730011,90,110,1,1,1,1,1,1,1,1,1,1,1
LSCE_10147,144,3,6463518.943,1884505.767,130.8730011,110,130,0,1,1,1,1,1,1,1,1,1,1
LSCE_10147,144,4,6463518.943,1884505.767,130.8730011,130,140,1,1,1,1,1,1,1,1,1,1,1
LSCE_10147,144,5,6463518.943,1884505.767,130.8730011,140,150,0,1,1,1,1,1,1,1,1,1,1
LSCE_10147,144,6,6463518.943,1884505.767,130.8730011,150,160,1,1,1,1,1,1,1,1,1,1,1
LSCE_10147,144,7,6463518.943,1884505.767,130.8730011,160,190,0,1,1,1,1,1,1,1,1,1,1
LSCE_10147,144,8,6463518.943,1884505.767,130.8730011,190,200,1,1,1,1,1,1,1,1,1,1,1
LSCE_10147,144,9,6463518.943,1884505.767,130.8730011,200,230,0,1,1,1,1,1,1,1,1,1,1
LSCE_10147,144,10,6463518.943,1884505.767,130.8730011,230,240,1,1,1,1,1,1,1,1,1,1,1
LSCE_10147,144,11,6463518.943,1884505.767,130.8730011,240,280,0,1,1,1,1,1,1,1,1,1,1
LSCE_10147,144,12,6463518.943,1884505.767,130.8730011,280,290,1,1,1,1,1,1,1,1,1,1,1
LSCE_10147,144,13,6463518.943,1884505.767,130.8730011,290,300,0,1,1,1,1,1,1,1,1,1,1
LSCE_10147,144,14,6463518.943,1884505.767,130.8730011,300,390,1,1,1,1,1,1,1,1,1,1,1
LSCE_10147,144,15,6463518.943,1884505.767,130.8730011,390,420,0,1,1,1,1,1,1,1,1,1,1
LSCE_10147,144,16,6463518.943,1884505.767,130.8730011,420,470,1,1,1,1,1,1,1,1,1,1,1
LSCE_10147,144,17,6463518.943,1884505.767,130.8730011,470,500,1,1,1,1,1,1,1,1,1,1,1
LSCE_10147,144,18,6463518.943,1884505.767,130.8730011,500,550,1,1,1,1,1,1,1,1,1,1,1
LSCE_10147,144,19,6463518.943,1884505.767,130.8730011,550,560,0,1,1,1,1,1,1,1,1,1,1
LSCE_10148,145,1,6463898.453,1884815.718,127.2053833,0,90,0,1,1,1,1,1,1,1,1,1,1
LSCE_10148,145,2,6463898.453,1884815.718,127.2053833,90,140,1,1,1,1,1,1,1,1,1,1,1
LSCE_10148,145,3,6463898.453,1884815.718,127.2053833,140,210,0,1,1,1,1,1,1,1,1,1,1
LSCE_10148,145,4,6463898.453,1884815.718,127.2053833,210,250,0,1,1,1,1,1,1,1,1,1,1
LSCE_10148,145,5,6463898.453,1884815.718,127.2053833,250,305,1,1,1,1,1,1,1,1,1,1,1
LSCE_10148,145,6,6463898.453,1884815.718,127.2053833,305,310,1,1,1,1,1,1,1,1,1,1,1
LSCE_10148,145,7,6463898.453,1884815.718,127.2053833,310,318,0,1,1,1,1,1,1,1,1,1,1
LSCE_10148,145,8,6463898.453,1884815.718,127.2053833,318,330,1,1,1,1,1,1,1,1,1,1,1
LSCE_10148,145,9,6463898.453,1884815.718,127.2053833,330,370,0,1,1,1,1,1,1,1,1,1,1
LSCE_10148,145,10,6463898.453,1884815.718,127.2053833,370,430,1,1,1,1,1,1,1,1,1,1,1
LSCE_10148,145,11,6463898.453,1884815.718,127.2053833,430,460,0,1,1,1,1,1,1,1,1,1,1
LSCE_10148,145,12,6463898.453,1884815.718,127.2053833,460,570,1,1,1,1,1,1,1,1,1,1,1
LSCE_10148,145,13,6463898.453,1884815.718,127.2053833,570,590,1,1,1,1,1,1,1,1,1,1,1
LSCE_10148,145,14,6463898.453,1884815.718,127.2053833,590,600,0,1,1,1,1,1,1,1,1,1,1
LSCE_10149,146,1,6462209.546,1884743.807,166.5402679,0,40,0,1,1,1,1,1,1,1,1,1,1
LSCE_10149,146,2,6462209.546,1884743.807,166.5402679,40,175,0,1,1,1,1,1,1,1,1,1,1
LSCE_20001,147,1,6465668.276,1891796.623,110.1414566,0,21,0,1,1,1,1,1,1,1,1,1,1
LSCE_20001,147,2,6465668.276,1891796.623,110.1414566,21,23,1,1,1,1,1,1,1,1,1,1,1
LSCE_20001,147,3,6465668.276,1891796.623,110.1414566,23,106,0,1,1,1,1,1,1,1,1,1,1
LSCE_20001,147,4,6465668.276,1891796.623,110.1414566,106,115,1,1,1,1,1,1,1,1,1,1,1
LSCE_20001,147,5,6465668.276,1891796.623,110.1414566,115,150,0,1,1,1,1,1,1,1,1,1,1
LSCE_20001,147,6,6465668.276,1891796.623,110.1414566,150,200,1,1,1,1,1,1,1,1,1,1,1
LSCE_20002,148,1,6469876.382,1890483.42,93.2051163,0,20,1,1,1,1,1,1,1,1,1,1,1
LSCE_20002,148,2,6469876.382,1890483.42,93.2051163,20,25,1,1,1,1,1,1,1,1,1,1,1
LSCE_20002,148,3,6469876.382,1890483.42,93.2051163,25,60,1,1,1,1,1,1,1,1,1,1,1
LSCE_20002,148,4,6469876.382,1890483.42,93.2051163,60,90,0,1,1,1,1,1,1,1,1,1,1
LSCE_20002,148,5,6469876.382,1890483.42,93.2051163,90,240,1,1,1,1,1,1,1,1,1,1,1
LSCE_20002,148,6,6469876.382,1890483.42,93.2051163,240,390,0,1,1,1,1,1,1,1,1,1,1
LSCE_20002,148,7,6469876.382,1890483.42,93.2051163,390,400,0,1,1,1,1,1,1,1,1,1,1
LSCE_20002,148,8,6469876.382,1890483.42,93.2051163,400,520,0,1,1,1,1,1,1,1,1,1,1
LSCE_20002,148,9,6469876.382,1890483.42,93.2051163,520,620,0,1,1,1,1,1,1,1,1,1,1
LSCE_20003,149,1,6474205.803,1892002.65,54.1288948,0,12,0,1,1,1,1,1,1,1,1,1,1
LSCE_20003,149,2,6474205.803,1892002.65,54.1288948,12,30,0,1,1,1,1,1,1,1,1,1,1
LSCE_20003,149,3,6474205.803,1892002.65,54.1288948,30,60,0,1,1,1,1,1,1,1,1,1,1
LSCE_20003,149,4,6474205.803,1892002.65,54.1288948,60,100,1,1,1,1,1,1,1,1,1,1,1
LSCE_20003,149,5,6474205.803,1892002.65,54.1288948,100,135,1,1,1,1,1,1,1,1,1,1,1
LSCE_20003,149,6,6474205.803,1892002.65,54.1288948,135,170,0,1,1,1,1,1,1,1,1,1,1
LSCE_20003,149,7,6474205.803,1892002.65,54.1288948,170,180,1,1,1,1,1,1,1,1,1,1,1
LSCE_20003,149,8,6474205.803,1892002.65,54.1288948,180,190,0,1,1,1,1,1,1,1,1,1,1
LSCE_20003,149,9,6474205.803,1892002.65,54.1288948,190,300,1,1,1,1,1,1,1,1,1,1,1
LSCE_20005,150,1,6476070.29,1878759.266,45.8102913,0,2,0,1,1,1,1,1,1,1,1,1,1
LSCE_20005,150,2,6476070.29,1878759.266,45.8102913,2,10,1,1,1,1,1,1,1,1,1,1,1
LSCE_20005,150,3,6476070.29,1878759.266,45.8102913,10,15,0,1,1,1,1,1,1,1,1,1,1
LSCE_20005,150,4,6476070.29,1878759.266,45.8102913,15,60,1,1,1,1,1,1,1,1,1,1,1
LSCE_20005,150,5,6476070.29,1878759.266,45.8102913,60,80,0,1,1,1,1,1,1,1,1,1,1
LSCE_20005,150,6,6476070.29,1878759.266,45.8102913,80,90,1,1,1,1,1,1,1,1,1,1,1
LSCE_20005,150,7,6476070.29,1878759.266,45.8102913,90,115,0,1,1,1,1,1,1,1,1,1,1
LSCE_20005,150,8,6476070.29,1878759.266,45.8102913,115,120,1,1,1,1,1,1,1,1,1,1,1
LSCE_20005,150,9,6476070.29,1878759.266,45.8102913,120,130,0,1,1,1,1,1,1,1,1,1,1
LSCE_20005,150,10,6476070.29,1878759.266,45.8102913,130,132,1,1,1,1,1,1,1,1,1,1,1
LSCE_20005,150,11,6476070.29,1878759.266,45.8102913,132,145,0,1,1,1,1,1,1,1,1,1,1
LSCE_20005,150,12,6476070.29,1878759.266,45.8102913,145,147,0,1,1,1,1,1,1,1,1,1,1
LSCE_20005,150,13,6476070.29,1878759.266,45.8102913,147,231,0,1,1,1,1,1,1,1,1,1,1
LSCE_20005,150,14,6476070.29,1878759.266,45.8102913,231,235,1,1,1,1,1,1,1,1,1,1,1
LSCE_20005,150,15,6476070.29,1878759.266,45.8102913,235,255,0,1,1,1,1,1,1,1,1,1,1
LSCE_20005,150,16,6476070.29,1878759.266,45.8102913,255,315,0,1,1,1,1,1,1,1,1,1,1
LSCE_20005,150,17,6476070.29,1878759.266,45.8102913,315,325,0,1,1,1,1,1,1,1,1,1,1
LSCE_20005,150,18,6476070.29,1878759.266,45.8102913,325,330,0,1,1,1,1,1,1,1,1,1,1
LSCE_20005,150,19,6476070.29,1878759.266,45.8102913,330,340,0,1,1,1,1,1,1,1,1,1,1
LSCE_20005,150,20,6476070.29,1878759.266,45.8102913,340,360,0,1,1,1,1,1,1,1,1,1,1
LSCE_20005,150,21,6476070.29,1878759.266,45.8102913,360,375,0,1,1,1,1,1,1,1,1,1,1
LSCE_20006,151,1,6486232.402,1881766.842,66.3033295,0,5,0,1,1,1,1,1,1,1,1,1,1
LSCE_20006,151,2,6486232.402,1881766.842,66.3033295,5,10,1,1,1,1,1,1,1,1,1,1,1
LSCE_20006,151,3,6486232.402,1881766.842,66.3033295,10,15,0,1,1,1,1,1,1,1,1,1,1
LSCE_20006,151,4,6486232.402,1881766.842,66.3033295,15,35,0,1,1,1,1,1,1,1,1,1,1
LSCE_20006,151,5,6486232.402,1881766.842,66.3033295,35,50,0,1,1,1,1,1,1,1,1,1,1
LSCE_20006,151,6,6486232.402,1881766.842,66.3033295,50,65,0,1,1,1,1,1,1,1,1,1,1
LSCE_20006,151,7,6486232.402,1881766.842,66.3033295,65,130,0,1,1,1,1,1,1,1,1,1,1
LSCE_20007,152,1,6482604.661,1878965.177,22.1403103,0,8,0,1,1,1,1,1,1,1,1,1,1
LSCE_20007,152,2,6482604.661,1878965.177,22.1403103,8,22,0,1,1,1,1,1,1,1,1,1,1
LSCE_20007,152,3,6482604.661,1878965.177,22.1403103,22,29,1,1,1,1,1,1,1,1,1,1,1
LSCE_20007,152,4,6482604.661,1878965.177,22.1403103,29,65,0,1,1,1,1,1,1,1,1,1,1
LSCE_20007,152,5,6482604.661,1878965.177,22.1403103,65,87,1,1,1,1,1,1,1,1,1,1,1
LSCE_20007,152,6,6482604.661,1878965.177,22.1403103,87,98,0,1,1,1,1,1,1,1,1,1,1
LSCE_20007,152,7,6482604.661,1878965.177,22.1403103,98,114,1,1,1,1,1,1,1,1,1,1,1
LSCE_20007,152,8,6482604.661,1878965.177,22.1403103,114,123,0,1,1,1,1,1,1,1,1,1,1
LSCE_20007,152,9,6482604.661,1878965.177,22.1403103,123,134,1,1,1,1,1,1,1,1,1,1,1
LSCE_20007,152,10,6482604.661,1878965.177,22.1403103,134,138,0,1,1,1,1,1,1,1,1,1,1
LSCE_20007,152,11,6482604.661,1878965.177,22.1403103,138,152,1,1,1,1,1,1,1,1,1,1,1
LSCE_20007,152,12,6482604.661,1878965.177,22.1403103,152,158,0,1,1,1,1,1,1,1,1,1,1
LSCE_20007,152,13,6482604.661,1878965.177,22.1403103,158,168,0,1,1,1,1,1,1,1,1,1,1
LSCE_20007,152,14,6482604.661,1878965.177,22.1403103,168,184,0,1,1,1,1,1,1,1,1,1,1
LSCE_20007,152,15,6482604.661,1878965.177,22.1403103,184,218,0,1,1,1,1,1,1,1,1,1,1
LSCE_20007,152,16,6482604.661,1878965.177,22.1403103,218,270,0,1,1,1,1,1,1,1,1,1,1
LSCE_20007,152,17,6482604.661,1878965.177,22.1403103,270,292,1,1,1,1,1,1,1,1,1,1,1
LSCE_20007,152,18,6482604.661,1878965.177,22.1403103,292,298,0,1,1,1,1,1,1,1,1,1,1
LSCE_20007,152,19,6482604.661,1878965.177,22.1403103,298,314,1,1,1,1,1,1,1,1,1,1,1
LSCE_20007,152,20,6482604.661,1878965.177,22.1403103,314,331,0,1,1,1,1,1,1,1,1,1,1
LSCE_20008,153,1,6485087.212,1871305.178,136.660965,0,3,0,1,1,1,1,1,1,1,1,1,1
LSCE_20008,153,2,6485087.212,1871305.178,136.660965,3,20,0,1,1,1,1,1,1,1,1,1,1
LSCE_20012,154,1,6476220.901,1870925.67,43.999382,0,55,0,1,1,1,1,1,1,1,1,1,1
LSCE_20012,154,2,6476220.901,1870925.67,43.999382,55,57,0,1,1,1,1,1,1,1,1,1,1
LSCE_20012,154,3,6476220.901,1870925.67,43.999382,57,75,0,1,1,1,1,1,1,1,1,1,1
LSCE_20012,154,4,6476220.901,1870925.67,43.999382,75,80,0,1,1,1,1,1,1,1,1,1,1
LSCE_20012,154,5,6476220.901,1870925.67,43.999382,80,92,0,1,1,1,1,1,1,1,1,1,1
LSCE_20012,154,6,6476220.901,1870925.67,43.999382,92,100,0,1,1,1,1,1,1,1,1,1,1
LSCE_20012,154,7,6476220.901,1870925.67,43.999382,100,123,0,1,1,1,1,1,1,1,1,1,1
LSCE_20012,154,8,6476220.901,1870925.67,43.999382,123,127,0,1,1,1,1,1,1,1,1,1,1
LSCE_20012,154,9,6476220.901,1870925.67,43.999382,127,130,0,1,1,1,1,1,1,1,1,1,1
LSCE_20016,155,1,6429924.643,1947597.161,220.5488281,0,2,0,1,1,1,1,1,1,1,1,1,1
LSCE_20016,155,2,6429924.643,1947597.161,220.5488281,2,7,1,1,1,1,1,1,1,1,1,1,1
LSCE_20016,155,3,6429924.643,1947597.161,220.5488281,7,46,0,1,1,1,1,1,1,1,1,1,1
LSCE_20016,155,4,6429924.643,1947597.161,220.5488281,46,54,0,1,1,1,1,1,1,1,1,1,1
LSCE_20016,155,5,6429924.643,1947597.161,220.5488281,54,73,1,1,1,1,1,1,1,1,1,1,1
LSCE_20016,155,6,6429924.643,1947597.161,220.5488281,73,121,1,1,1,1,1,1,1,1,1,1,1
LSCE_20016,155,7,6429924.643,1947597.161,220.5488281,121,163,0,1,1,1,1,1,1,1,1,1,1
LSCE_20016,155,8,6429924.643,1947597.161,220.5488281,163,191,1,1,1,1,1,1,1,1,1,1,1
LSCE_20016,155,9,6429924.643,1947597.161,220.5488281,191,247,0,1,1,1,1,1,1,1,1,1,1
LSCE_20017,156,1,6462460.408,1919177.293,170.6282349,0,10,0,1,1,1,1,1,1,1,1,1,1
LSCE_20017,156,2,6462460.408,1919177.293,170.6282349,10,20,0,1,1,1,1,1,1,1,1,1,1
LSCE_20017,156,3,6462460.408,1919177.293,170.6282349,20,29,0,1,1,1,1,1,1,1,1,1,1
LSCE_20017,156,4,6462460.408,1919177.293,170.6282349,29,53,1,1,1,1,1,1,1,1,1,1,1
LSCE_20017,156,5,6462460.408,1919177.293,170.6282349,53,245,0,1,1,1,1,1,1,1,1,1,1
LSCE_20018,157,1,6464720.332,1916074.46,151.3901367,0,2,0,1,1,1,1,1,1,1,1,1,1
LSCE_20018,157,2,6464720.332,1916074.46,151.3901367,2,12,1,1,1,1,1,1,1,1,1,1,1
LSCE_20018,157,3,6464720.332,1916074.46,151.3901367,12,16,1,1,1,1,1,1,1,1,1,1,1
LSCE_20018,157,4,6464720.332,1916074.46,151.3901367,16,34,1,1,1,1,1,1,1,1,1,1,1
LSCE_20018,157,5,6464720.332,1916074.46,151.3901367,34,52,0,1,1,1,1,1,1,1,1,1,1
LSCE_20018,157,6,6464720.332,1916074.46,151.3901367,52,93,0,1,1,1,1,1,1,1,1,1,1
LSCE_20018,157,7,6464720.332,1916074.46,151.3901367,93,118,1,1,1,1,1,1,1,1,1,1,1
LSCE_20018,157,8,6464720.332,1916074.46,151.3901367,118,180,0,1,1,1,1,1,1,1,1,1,1
LSCE_20018,157,9,6464720.332,1916074.46,151.3901367,180,225,1,1,1,1,1,1,1,1,1,1,1
LSCE_20018,157,10,6464720.332,1916074.46,151.3901367,225,270,1,1,1,1,1,1,1,1,1,1,1
LSCE_20018,157,11,6464720.332,1916074.46,151.3901367,270,325,1,1,1,1,1,1,1,1,1,1,1
LSCE_20018,157,12,6464720.332,1916074.46,151.3901367,325,345,1,1,1,1,1,1,1,1,1,1,1
LSCE_20019,158,1,6462988.421,1914151.977,97.4428329,0,25,0,1,1,1,1,1,1,1,1,1,1
LSCE_20019,158,2,6462988.421,1914151.977,97.4428329,25,50,0,1,1,1,1,1,1,1,1,1,1
LSCE_20020,159,1,6463445.765,1911615.888,86.7181702,0,8,0,1,1,1,1,1,1,1,1,1,1
LSCE_20020,159,2,6463445.765,1911615.888,86.7181702,8,25,0,1,1,1,1,1,1,1,1,1,1
LSCE_20020,159,3,6463445.765,1911615.888,86.7181702,25,38,0,1,1,1,1,1,1,1,1,1,1
LSCE_20020,159,4,6463445.765,1911615.888,86.7181702,38,40,0,1,1,1,1,1,1,1,1,1,1
LSCE_20020,159,5,6463445.765,1911615.888,86.7181702,40,48,1,1,1,1,1,1,1,1,1,1,1
LSCE_20020,159,6,6463445.765,1911615.888,86.7181702,48,65,0,1,1,1,1,1,1,1,1,1,1
LSCE_20021,160,1,6469106.129,1910131.59,123.4772797,0,2,0,1,1,1,1,1,1,1,1,1,1
LSCE_20021,160,2,6469106.129,1910131.59,123.4772797,2,20,0,1,1,1,1,1,1,1,1,1,1
LSCE_20022,161,1,6457036.426,1908973.142,117.070816,0,20,0,1,1,1,1,1,1,1,1,1,1
LSCE_20023,162,1,6459372.1,1905762,88.0179596,0,70,1,1,1,1,1,1,1,1,1,1,1
LSCE_20023,162,2,6459372.1,1905762,88.0179596,70,100,1,1,1,1,1,1,1,1,1,1,1
LSCE_20023,162,3,6459372.1,1905762,88.0179596,100,115,0,1,1,1,1,1,1,1,1,1,1
LSCE_20023,162,4,6459372.1,1905762,88.0179596,115,130,0,1,1,1,1,1,1,1,1,1,1
LSCE_20023,162,5,6459372.1,1905762,88.0179596,130,175,1,1,1,1,1,1,1,1,1,1,1
LSCE_20023,162,6,6459372.1,1905762,88.0179596,175,205,0,1,1,1,1,1,1,1,1,1,1
LSCE_20023,162,7,6459372.1,1905762,88.0179596,205,250,1,1,1,1,1,1,1,1,1,1,1
LSCE_20023,162,8,6459372.1,1905762,88.0179596,250,295,0,1,1,1,1,1,1,1,1,1,1
LSCE_20023,162,9,6459372.1,1905762,88.0179596,295,565,1,1,1,1,1,1,1,1,1,1,1
LSCE_20023,162,10,6459372.1,1905762,88.0179596,565,580,1,1,1,1,1,1,1,1,1,1,1
LSCE_20023,162,11,6459372.1,1905762,88.0179596,580,595,1,1,1,1,1,1,1,1,1,1,1
LSCE_20023,162,12,6459372.1,1905762,88.0179596,595,670,1,1,1,1,1,1,1,1,1,1,1
LSCE_20024,163,1,6422488.938,1943752.32,405.4855652,0,3,0,1,1,1,1,1,1,1,1,1,1
LSCE_20024,163,2,6422488.938,1943752.32,405.4855652,3,55,0,1,1,1,1,1,1,1,1,1,1
LSCE_20025,164,1,6422815.211,1945271.005,354.2265015,0,22,0,1,1,1,1,1,1,1,1,1,1
LSCE_20025,164,2,6422815.211,1945271.005,354.2265015,22,25,1,1,1,1,1,1,1,1,1,1,1
LSCE_20026,165,1,6424648.488,1946859.033,311.7177429,0,4,0,1,1,1,1,1,1,1,1,1,1
LSCE_20026,165,2,6424648.488,1946859.033,311.7177429,4,8,0,1,1,1,1,1,1,1,1,1,1
LSCE_20026,165,3,6424648.488,1946859.033,311.7177429,8,12,0,1,1,1,1,1,1,1,1,1,1
LSCE_20026,165,4,6424648.488,1946859.033,311.7177429,12,14,0,1,1,1,1,1,1,1,1,1,1
LSCE_20026,165,5,6424648.488,1946859.033,311.7177429,14,50,0,1,1,1,1,1,1,1,1,1,1
LSCE_20026,165,6,6424648.488,1946859.033,311.7177429,50,65,1,1,1,1,1,1,1,1,1,1,1
LSCE_20026,165,7,6424648.488,1946859.033,311.7177429,65,80,0,1,1,1,1,1,1,1,1,1,1
LSCE_20026,165,8,6424648.488,1946859.033,311.7177429,80,85,1,1,1,1,1,1,1,1,1,1,1
LSCE_20026,165,9,6424648.488,1946859.033,311.7177429,85,90,0,1,1,1,1,1,1,1,1,1,1
LSCE_20026,165,10,6424648.488,1946859.033,311.7177429,90,100,1,1,1,1,1,1,1,1,1,1,1
LSCE_20026,165,11,6424648.488,1946859.033,311.7177429,100,118,0,1,1,1,1,1,1,1,1,1,1
LSCE_20026,165,12,6424648.488,1946859.033,311.7177429,118,122,0,1,1,1,1,1,1,1,1,1,1
LSCE_20027,166,1,6427432.783,1947418.409,249.0715637,0,40,1,1,1,1,1,1,1,1,1,1,1
LSCE_20027,166,2,6427432.783,1947418.409,249.0715637,40,65,1,1,1,1,1,1,1,1,1,1,1
LSCE_20027,166,3,6427432.783,1947418.409,249.0715637,65,85,1,1,1,1,1,1,1,1,1,1,1
LSCE_20027,166,4,6427432.783,1947418.409,249.0715637,85,100,0,1,1,1,1,1,1,1,1,1,1
LSCE_20027,166,5,6427432.783,1947418.409,249.0715637,100,140,0,1,1,1,1,1,1,1,1,1,1
LSCE_20027,166,6,6427432.783,1947418.409,249.0715637,140,210,0,1,1,1,1,1,1,1,1,1,1
LSCE_20027,166,7,6427432.783,1947418.409,249.0715637,210,260,1,1,1,1,1,1,1,1,1,1,1
LSCE_20027,166,8,6427432.783,1947418.409,249.0715637,260,280,1,1,1,1,1,1,1,1,1,1,1
LSCE_20027,166,9,6427432.783,1947418.409,249.0715637,280,310,0,1,1,1,1,1,1,1,1,1,1
LSCE_20027,166,10,6427432.783,1947418.409,249.0715637,310,360,1,1,1,1,1,1,1,1,1,1,1
LSCE_20027,166,11,6427432.783,1947418.409,249.0715637,360,410,1,1,1,1,1,1,1,1,1,1,1
LSCE_20027,166,12,6427432.783,1947418.409,249.0715637,410,422,0,1,1,1,1,1,1,1,1,1,1
LSCE_20028,167,1,6425832.958,1942325.194,271.747345,0,25,0,1,1,1,1,1,1,1,1,1,1
LSCE_20028,167,2,6425832.958,1942325.194,271.747345,25,40,1,1,1,1,1,1,1,1,1,1,1
LSCE_20028,167,3,6425832.958,1942325.194,271.747345,40,80,0,1,1,1,1,1,1,1,1,1,1
LSCE_20028,167,4,6425832.958,1942325.194,271.747345,80,85,1,1,1,1,1,1,1,1,1,1,1
LSCE_20028,167,5,6425832.958,1942325.194,271.747345,85,95,0,1,1,1,1,1,1,1,1,1,1
LSCE_20028,167,6,6425832.958,1942325.194,271.747345,95,115,1,1,1,1,1,1,1,1,1,1,1
LSCE_20028,167,7,6425832.958,1942325.194,271.747345,115,130,0,1,1,1,1,1,1,1,1,1,1
LSCE_20028,167,8,6425832.958,1942325.194,271.747345,130,210,1,1,1,1,1,1,1,1,1,1,1
LSCE_20028,167,9,6425832.958,1942325.194,271.747345,210,225,0,1,1,1,1,1,1,1,1,1,1
LSCE_20028,167,10,6425832.958,1942325.194,271.747345,225,255,1,1,1,1,1,1,1,1,1,1,1
LSCE_20028,167,11,6425832.958,1942325.194,271.747345,255,280,0,1,1,1,1,1,1,1,1,1,1
LSCE_20028,167,12,6425832.958,1942325.194,271.747345,280,290,1,1,1,1,1,1,1,1,1,1,1
LSCE_20028,167,13,6425832.958,1942325.194,271.747345,290,320,0,1,1,1,1,1,1,1,1,1,1
LSCE_20028,167,14,6425832.958,1942325.194,271.747345,320,340,0,1,1,1,1,1,1,1,1,1,1
LSCE_20029,168,1,6424768.902,1944384.761,294.6553955,0,1,0,1,1,1,1,1,1,1,1,1,1
LSCE_20029,168,2,6424768.902,1944384.761,294.6553955,1,8,0,1,1,1,1,1,1,1,1,1,1
LSCE_20029,168,3,6424768.902,1944384.761,294.6553955,8,26,0,1,1,1,1,1,1,1,1,1,1
LSCE_20029,168,4,6424768.902,1944384.761,294.6553955,26,44,0,1,1,1,1,1,1,1,1,1,1
LSCE_20030,169,1,6432774.381,1947734.737,208.2400208,0,4,0,1,1,1,1,1,1,1,1,1,1
LSCE_20031,170,1,6427454.158,1948216.591,234.7744446,0,4,0,1,1,1,1,1,1,1,1,1,1
LSCE_20032,171,1,6424908.474,1947540.62,295.3364258,0,5,0,1,1,1,1,1,1,1,1,1,1
LSCE_20033,172,1,6426406.869,1950929.895,229.5820465,0,38,0,1,1,1,1,1,1,1,1,1,1
LSCE_20033,172,2,6426406.869,1950929.895,229.5820465,38,45,1,1,1,1,1,1,1,1,1,1,1
LSCE_20033,172,3,6426406.869,1950929.895,229.5820465,45,98,1,1,1,1,1,1,1,1,1,1,1
LSCE_20033,172,4,6426406.869,1950929.895,229.5820465,98,110,0,1,1,1,1,1,1,1,1,1,1
LSCE_20033,172,5,6426406.869,1950929.895,229.5820465,110,135,1,1,1,1,1,1,1,1,1,1,1
LSCE_20033,172,6,6426406.869,1950929.895,229.5820465,135,160,0,1,1,1,1,1,1,1,1,1,1
LSCE_20033,172,7,6426406.869,1950929.895,229.5820465,160,190,1,1,1,1,1,1,1,1,1,1,1
LSCE_20033,172,8,6426406.869,1950929.895,229.5820465,190,223,0,1,1,1,1,1,1,1,1,1,1
LSCE_20034,173,1,6424702.08,1952664.64,224.6866455,0,18,0,1,1,1,1,1,1,1,1,1,1
LSCE_20034,173,2,6424702.08,1952664.64,224.6866455,18,20,1,1,1,1,1,1,1,1,1,1,1
LSCE_20034,173,3,6424702.08,1952664.64,224.6866455,20,27,1,1,1,1,1,1,1,1,1,1,1
LSCE_20034,173,4,6424702.08,1952664.64,224.6866455,27,31,0,1,1,1,1,1,1,1,1,1,1
LSCE_20034,173,5,6424702.08,1952664.64,224.6866455,31,52,1,1,1,1,1,1,1,1,1,1,1
LSCE_20034,173,6,6424702.08,1952664.64,224.6866455,52,54,0,1,1,1,1,1,1,1,1,1,1
LSCE_20034,173,7,6424702.08,1952664.64,224.6866455,54,65,1,1,1,1,1,1,1,1,1,1,1
LSCE_20034,173,8,6424702.08,1952664.64,224.6866455,65,66,0,1,1,1,1,1,1,1,1,1,1
LSCE_20034,173,9,6424702.08,1952664.64,224.6866455,66,105,1,1,1,1,1,1,1,1,1,1,1
LSCE_20034,173,10,6424702.08,1952664.64,224.6866455,105,120,0,1,1,1,1,1,1,1,1,1,1
LSCE_20035,174,1,6422556.845,1952148.959,229.3774872,0,25,1,1,1,1,1,1,1,1,1,1,1
LSCE_20035,174,2,6422556.845,1952148.959,229.3774872,25,42,1,1,1,1,1,1,1,1,1,1,1
LSCE_20035,174,3,6422556.845,1952148.959,229.3774872,42,44,0,1,1,1,1,1,1,1,1,1,1
LSCE_20035,174,4,6422556.845,1952148.959,229.3774872,44,56,1,1,1,1,1,1,1,1,1,1,1
LSCE_20035,174,5,6422556.845,1952148.959,229.3774872,56,61,0,1,1,1,1,1,1,1,1,1,1
LSCE_20035,174,6,6422556.845,1952148.959,229.3774872,61,114,1,1,1,1,1,1,1,1,1,1,1
LSCE_20035,174,7,6422556.845,1952148.959,229.3774872,114,122,0,1,1,1,1,1,1,1,1,1,1
LSCE_20035,174,8,6422556.845,1952148.959,229.3774872,122,145,1,1,1,1,1,1,1,1,1,1,1
LSCE_20037,175,1,6418718.299,1952091.91,469.6068115,0,80,0,1,1,1,1,1,1,1,1,1,1
LSCE_20037,175,2,6418718.299,1952091.91,469.6068115,80,100,0,1,1,1,1,1,1,1,1,1,1
LSCE_20038,176,1,6420672.42,1951547.545,264.7741394,0,15,0,1,1,1,1,1,1,1,1,1,1
LSCE_20038,176,2,6420672.42,1951547.545,264.7741394,15,17,1,1,1,1,1,1,1,1,1,1,1
LSCE_20038,176,3,6420672.42,1951547.545,264.7741394,17,23,0,1,1,1,1,1,1,1,1,1,1
LSCE_20038,176,4,6420672.42,1951547.545,264.7741394,23,65,0,1,1,1,1,1,1,1,1,1,1
LSCE_20038,176,5,6420672.42,1951547.545,264.7741394,65,80,1,1,1,1,1,1,1,1,1,1,1
LSCE_20038,176,6,6420672.42,1951547.545,264.7741394,80,208,0,1,1,1,1,1,1,1,1,1,1
LSCE_20038,176,7,6420672.42,1951547.545,264.7741394,208,220,0,1,1,1,1,1,1,1,1,1,1
LSCE_20038,176,8,6420672.42,1951547.545,264.7741394,220,295,0,1,1,1,1,1,1,1,1,1,1
LSCE_20039,177,1,6420893.79,1953709.842,237.2135925,0,3,0,1,1,1,1,1,1,1,1,1,1
LSCE_20039,177,2,6420893.79,1953709.842,237.2135925,3,16,0,1,1,1,1,1,1,1,1,1,1
LSCE_20039,177,3,6420893.79,1953709.842,237.2135925,16,22,0,1,1,1,1,1,1,1,1,1,1
LSCE_20039,177,4,6420893.79,1953709.842,237.2135925,22,37,1,1,1,1,1,1,1,1,1,1,1
LSCE_20039,177,5,6420893.79,1953709.842,237.2135925,37,67,0,1,1,1,1,1,1,1,1,1,1
LSCE_20040,178,1,6417673.376,1955690.489,298.4989929,0,265,1,1,1,1,1,1,1,1,1,1,1
LSCE_20041,179,1,6422381.85,1957592.743,252.8941803,0,10,0,1,1,1,1,1,1,1,1,1,1
LSCE_20041,179,2,6422381.85,1957592.743,252.8941803,10,22,1,1,1,1,1,1,1,1,1,1,1
LSCE_20041,179,3,6422381.85,1957592.743,252.8941803,22,30,0,1,1,1,1,1,1,1,1,1,1
LSCE_20042,180,1,6420874.799,1955707.595,240.7042389,0,8,1,1,1,1,1,1,1,1,1,1,1
LSCE_20042,180,2,6420874.799,1955707.595,240.7042389,8,24,1,1,1,1,1,1,1,1,1,1,1
LSCE_20042,180,3,6420874.799,1955707.595,240.7042389,24,36,1,1,1,1,1,1,1,1,1,1,1
LSCE_20043,181,1,6419161.899,1954919.814,265.4330444,0,5,0,1,1,1,1,1,1,1,1,1,1
LSCE_20043,181,2,6419161.899,1954919.814,265.4330444,5,18,1,1,1,1,1,1,1,1,1,1,1
LSCE_20043,181,3,6419161.899,1954919.814,265.4330444,18,23,0,1,1,1,1,1,1,1,1,1,1
LSCE_20043,181,4,6419161.899,1954919.814,265.4330444,23,34,1,1,1,1,1,1,1,1,1,1,1
LSCE_20043,181,5,6419161.899,1954919.814,265.4330444,34,46,0,1,1,1,1,1,1,1,1,1,1
LSCE_20043,181,6,6419161.899,1954919.814,265.4330444,46,63,1,1,1,1,1,1,1,1,1,1,1
LSCE_20043,181,7,6419161.899,1954919.814,265.4330444,63,87,0,1,1,1,1,1,1,1,1,1,1
LSCE_20043,181,8,6419161.899,1954919.814,265.4330444,87,98,1,1,1,1,1,1,1,1,1,1,1
LSCE_20043,181,9,6419161.899,1954919.814,265.4330444,98,125,0,1,1,1,1,1,1,1,1,1,1
LSCE_20044,182,1,6404698.441,1971842.831,352.9239502,0,1,0,1,1,1,1,1,1,1,1,1,1
LSCE_20045,183,1,6477978.106,1892214.592,61.4162636,0,20,0,1,1,1,1,1,1,1,1,1,1
LSCE_20045,183,2,6477978.106,1892214.592,61.4162636,20,40,0,1,1,1,1,1,1,1,1,1,1
LSCE_20045,183,3,6477978.106,1892214.592,61.4162636,40,60,0,1,1,1,1,1,1,1,1,1,1
LSCE_20053,184,1,6465519.933,1869633.608,316.1174011,0,45,0,1,1,1,1,1,1,1,1,1,1
LSCE_20053,184,2,6465519.933,1869633.608,316.1174011,45,60,0,1,1,1,1,1,1,1,1,1,1
LSCE_20053,184,3,6465519.933,1869633.608,316.1174011,60,120,0,1,1,1,1,1,1,1,1,1,1
LSCE_20053,184,4,6465519.933,1869633.608,316.1174011,120,190,1,1,1,1,1,1,1,1,1,1,1
LSCE_20053,184,5,6465519.933,1869633.608,316.1174011,190,192,1,1,1,1,1,1,1,1,1,1,1
LSCE_20053,184,6,6465519.933,1869633.608,316.1174011,192,340,1,1,1,1,1,1,1,1,1,1,1
LSCE_20053,184,7,6465519.933,1869633.608,316.1174011,340,440,1,1,1,1,1,1,1,1,1,1,1
LSCE_20060,185,1,6428894.511,1941518.639,250.3953247,0,10,0,1,1,1,1,1,1,1,1,1,1
LSCE_20060,185,2,6428894.511,1941518.639,250.3953247,10,35,1,1,1,1,1,1,1,1,1,1,1
LSCE_20060,185,3,6428894.511,1941518.639,250.3953247,35,42,0,1,1,1,1,1,1,1,1,1,1
LSCE_20060,185,4,6428894.511,1941518.639,250.3953247,42,80,1,1,1,1,1,1,1,1,1,1,1
LSCE_20060,185,5,6428894.511,1941518.639,250.3953247,80,670,0,1,1,1,1,1,1,1,1,1,1
LSCE_20060,185,6,6428894.511,1941518.639,250.3953247,670,697,0,1,1,1,1,1,1,1,1,1,1
LSCE_20061,186,1,6431103.92,1938168.976,227.3724518,0,5,0,1,1,1,1,1,1,1,1,1,1
LSCE_20061,186,2,6431103.92,1938168.976,227.3724518,5,30,1,1,1,1,1,1,1,1,1,1,1
LSCE_20061,186,3,6431103.92,1938168.976,227.3724518,30,40,0,1,1,1,1,1,1,1,1,1,1
LSCE_20061,186,4,6431103.92,1938168.976,227.3724518,40,50,1,1,1,1,1,1,1,1,1,1,1
LSCE_20061,186,5,6431103.92,1938168.976,227.3724518,50,60,0,1,1,1,1,1,1,1,1,1,1
LSCE_20061,186,6,6431103.92,1938168.976,227.3724518,60,175,1,1,1,1,1,1,1,1,1,1,1
LSCE_20061,186,7,6431103.92,1938168.976,227.3724518,175,195,0,1,1,1,1,1,1,1,1,1,1
LSCE_20061,186,8,6431103.92,1938168.976,227.3724518,195,300,1,1,1,1,1,1,1,1,1,1,1
LSCE_20061,186,9,6431103.92,1938168.976,227.3724518,300,345,1,1,1,1,1,1,1,1,1,1,1
LSCE_20061,186,10,6431103.92,1938168.976,227.3724518,345,402,0,1,1,1,1,1,1,1,1,1,1
LSCE_20061,186,11,6431103.92,1938168.976,227.3724518,402,480,1,1,1,1,1,1,1,1,1,1,1
LSCE_20061,186,12,6431103.92,1938168.976,227.3724518,480,490,1,1,1,1,1,1,1,1,1,1,1
LSCE_20061,186,13,6431103.92,1938168.976,227.3724518,490,535,1,1,1,1,1,1,1,1,1,1,1
LSCE_20061,186,14,6431103.92,1938168.976,227.3724518,535,560,0,1,1,1,1,1,1,1,1,1,1
LSCE_20061,186,15,6431103.92,1938168.976,227.3724518,560,585,0,1,1,1,1,1,1,1,1,1,1
LSCE_20061,186,16,6431103.92,1938168.976,227.3724518,585,590,0,1,1,1,1,1,1,1,1,1,1
LSCE_20061,186,17,6431103.92,1938168.976,227.3724518,590,640,0,1,1,1,1,1,1,1,1,1,1
LSCE_20062,187,1,6427052.867,1938999.06,295.806366,0,40,0,1,1,1,1,1,1,1,1,1,1
LSCE_20063,188,1,6431692.745,1944640.497,219.6545258,0,5,0,1,1,1,1,1,1,1,1,1,1
LSCE_20063,188,2,6431692.745,1944640.497,219.6545258,5,50,1,1,1,1,1,1,1,1,1,1,1
LSCE_20063,188,3,6431692.745,1944640.497,219.6545258,50,80,0,1,1,1,1,1,1,1,1,1,1
LSCE_20063,188,4,6431692.745,1944640.497,219.6545258,80,85,1,1,1,1,1,1,1,1,1,1,1
LSCE_20063,188,5,6431692.745,1944640.497,219.6545258,85,95,0,1,1,1,1,1,1,1,1,1,1
LSCE_20063,188,6,6431692.745,1944640.497,219.6545258,95,100,1,1,1,1,1,1,1,1,1,1,1
LSCE_20063,188,7,6431692.745,1944640.497,219.6545258,100,130,0,1,1,1,1,1,1,1,1,1,1
LSCE_20063,188,8,6431692.745,1944640.497,219.6545258,130,140,1,1,1,1,1,1,1,1,1,1,1
LSCE_20063,188,9,6431692.745,1944640.497,219.6545258,140,210,0,1,1,1,1,1,1,1,1,1,1
LSCE_20063,188,10,6431692.745,1944640.497,219.6545258,210,220,1,1,1,1,1,1,1,1,1,1,1
LSCE_20063,188,11,6431692.745,1944640.497,219.6545258,220,235,0,1,1,1,1,1,1,1,1,1,1
LSCE_20063,188,12,6431692.745,1944640.497,219.6545258,235,240,1,1,1,1,1,1,1,1,1,1,1
LSCE_20063,188,13,6431692.745,1944640.497,219.6545258,240,260,0,1,1,1,1,1,1,1,1,1,1
LSCE_20063,188,14,6431692.745,1944640.497,219.6545258,260,280,1,1,1,1,1,1,1,1,1,1,1
LSCE_20063,188,15,6431692.745,1944640.497,219.6545258,280,290,0,1,1,1,1,1,1,1,1,1,1
LSCE_20063,188,16,6431692.745,1944640.497,219.6545258,290,360,1,1,1,1,1,1,1,1,1,1,1
LSCE_20063,188,17,6431692.745,1944640.497,219.6545258,360,370,1,1,1,1,1,1,1,1,1,1,1
LSCE_20063,188,18,6431692.745,1944640.497,219.6545258,370,385,0,1,1,1,1,1,1,1,1,1,1
LSCE_20063,188,19,6431692.745,1944640.497,219.6545258,385,415,1,1,1,1,1,1,1,1,1,1,1
LSCE_20063,188,20,6431692.745,1944640.497,219.6545258,415,435,0,1,1,1,1,1,1,1,1,1,1
LSCE_20063,188,21,6431692.745,1944640.497,219.6545258,435,475,1,1,1,1,1,1,1,1,1,1,1
LSCE_20063,188,22,6431692.745,1944640.497,219.6545258,475,500,0,1,1,1,1,1,1,1,1,1,1
LSCE_20064,189,1,6413163.398,1971244.413,339.6711426,0,5,0,1,1,1,1,1,1,1,1,1,1
LSCE_20064,189,2,6413163.398,1971244.413,339.6711426,5,18,0,1,1,1,1,1,1,1,1,1,1
LSCE_20064,189,3,6413163.398,1971244.413,339.6711426,18,25,0,1,1,1,1,1,1,1,1,1,1
LSCE_20064,189,4,6413163.398,1971244.413,339.6711426,25,50,0,1,1,1,1,1,1,1,1,1,1
LSCE_20064,189,5,6413163.398,1971244.413,339.6711426,50,120,1,1,1,1,1,1,1,1,1,1,1
LSCE_20064,189,6,6413163.398,1971244.413,339.6711426,120,500,0,1,1,1,1,1,1,1,1,1,1
LSCE_20064,189,7,6413163.398,1971244.413,339.6711426,500,593,1,1,1,1,1,1,1,1,1,1,1
LSCE_20065,190,1,6409112.039,1971065.507,306.8459167,0,25,0,1,1,1,1,1,1,1,1,1,1
LSCE_20065,190,2,6409112.039,1971065.507,306.8459167,25,75,0,1,1,1,1,1,1,1,1,1,1
LSCE_20065,190,3,6409112.039,1971065.507,306.8459167,75,110,1,1,1,1,1,1,1,1,1,1,1
LSCE_20065,190,4,6409112.039,1971065.507,306.8459167,110,180,1,1,1,1,1,1,1,1,1,1,1
LSCE_20066,191,1,6401786.008,1967872.191,336.225769,0,5,0,1,1,1,1,1,1,1,1,1,1
LSCE_20067,192,1,6416233.761,1966472.346,278.3842468,0,6,0,1,1,1,1,1,1,1,1,1,1
LSCE_20067,192,2,6416233.761,1966472.346,278.3842468,6,18,0,1,1,1,1,1,1,1,1,1,1
LSCE_20068,193,1,6417011.235,1963433.139,265.896759,0,5,0,1,1,1,1,1,1,1,1,1,1
LSCE_20068,193,2,6417011.235,1963433.139,265.896759,5,70,1,1,1,1,1,1,1,1,1,1,1
LSCE_20068,193,3,6417011.235,1963433.139,265.896759,70,82,0,1,1,1,1,1,1,1,1,1,1
LSCE_20068,193,4,6417011.235,1963433.139,265.896759,82,110,1,1,1,1,1,1,1,1,1,1,1
LSCE_20068,193,5,6417011.235,1963433.139,265.896759,110,122,0,1,1,1,1,1,1,1,1,1,1
LSCE_20068,193,6,6417011.235,1963433.139,265.896759,122,154,1,1,1,1,1,1,1,1,1,1,1
LSCE_20068,193,7,6417011.235,1963433.139,265.896759,154,158,0,1,1,1,1,1,1,1,1,1,1
LSCE_20068,193,8,6417011.235,1963433.139,265.896759,158,165,1,1,1,1,1,1,1,1,1,1,1
LSCE_20068,193,9,6417011.235,1963433.139,265.896759,165,175,0,1,1,1,1,1,1,1,1,1,1
LSCE_20068,193,10,6417011.235,1963433.139,265.896759,175,190,1,1,1,1,1,1,1,1,1,1,1
LSCE_20068,193,11,6417011.235,1963433.139,265.896759,190,195,0,1,1,1,1,1,1,1,1,1,1
LSCE_20068,193,12,6417011.235,1963433.139,265.896759,195,215,1,1,1,1,1,1,1,1,1,1,1
LSCE_20068,193,13,6417011.235,1963433.139,265.896759,215,220,0,1,1,1,1,1,1,1,1,1,1
LSCE_20069,194,1,6421705.947,1961474.028,379.115387,0,3,0,1,1,1,1,1,1,1,1,1,1
LSCE_20069,194,2,6421705.947,1961474.028,379.115387,3,8,1,1,1,1,1,1,1,1,1,1,1
LSCE_20070,195,1,6418817.624,1959680.123,270.7713928,0,5,0,1,1,1,1,1,1,1,1,1,1
LSCE_20070,195,2,6418817.624,1959680.123,270.7713928,5,38,1,1,1,1,1,1,1,1,1,1,1
LSCE_20070,195,3,6418817.624,1959680.123,270.7713928,38,45,0,1,1,1,1,1,1,1,1,1,1
LSCE_20070,195,4,6418817.624,1959680.123,270.7713928,45,65,0,1,1,1,1,1,1,1,1,1,1
LSCE_20070,195,5,6418817.624,1959680.123,270.7713928,65,90,1,1,1,1,1,1,1,1,1,1,1
LSCE_20070,195,6,6418817.624,1959680.123,270.7713928,90,160,1,1,1,1,1,1,1,1,1,1,1
LSCE_20070,195,7,6418817.624,1959680.123,270.7713928,160,190,1,1,1,1,1,1,1,1,1,1,1
LSCE_20070,195,8,6418817.624,1959680.123,270.7713928,190,230,1,1,1,1,1,1,1,1,1,1,1
LSCE_20070,195,9,6418817.624,1959680.123,270.7713928,230,260,1,1,1,1,1,1,1,1,1,1,1
LSCE_20071,196,1,6416271.888,1959087.287,348.100769,0,20,0,1,1,1,1,1,1,1,1,1,1
LSCE_20071,196,2,6416271.888,1959087.287,348.100769,20,50,1,1,1,1,1,1,1,1,1,1,1
LSCE_20071,196,3,6416271.888,1959087.287,348.100769,50,180,1,1,1,1,1,1,1,1,1,1,1
LSCE_20072,197,1,6403739.613,1975649.943,405.0318909,0,10,0,1,1,1,1,1,1,1,1,1,1
LSCE_20073,198,1,6392604.258,1984925.896,462.5926514,0,2,0,1,1,1,1,1,1,1,1,1,1
LSCE_20073,198,2,6392604.258,1984925.896,462.5926514,2,6,1,1,1,1,1,1,1,1,1,1,1
LSCE_20073,198,3,6392604.258,1984925.896,462.5926514,6,25,0,1,1,1,1,1,1,1,1,1,1
LSCE_20074,199,1,6392032.155,1982400.56,422.0125427,0,2,0,1,1,1,1,1,1,1,1,1,1
LSCE_20074,199,2,6392032.155,1982400.56,422.0125427,2,25,0,1,1,1,1,1,1,1,1,1,1
LSCE_20074,199,3,6392032.155,1982400.56,422.0125427,25,30,0,1,1,1,1,1,1,1,1,1,1
LSCE_20074,199,4,6392032.155,1982400.56,422.0125427,30,50,0,1,1,1,1,1,1,1,1,1,1
LSCE_20076,200,1,6384844.704,1976075.204,692.8094482,0,2,0,1,1,1,1,1,1,1,1,1,1
LSCE_20078,201,1,6389368.367,1975741.29,386.0866089,0,95,1,1,1,1,1,1,1,1,1,1,1
LSCE_20078,201,2,6389368.367,1975741.29,386.0866089,95,102,0,1,1,1,1,1,1,1,1,1,1
LSCE_20078,201,3,6389368.367,1975741.29,386.0866089,102,135,1,1,1,1,1,1,1,1,1,1,1
LSCE_20078,201,4,6389368.367,1975741.29,386.0866089,135,137,0,1,1,1,1,1,1,1,1,1,1
LSCE_20078,201,5,6389368.367,1975741.29,386.0866089,137,150,1,1,1,1,1,1,1,1,1,1,1
LSCE_20078,201,6,6389368.367,1975741.29,386.0866089,150,155,0,1,1,1,1,1,1,1,1,1,1
LSCE_20078,201,7,6389368.367,1975741.29,386.0866089,155,165,1,1,1,1,1,1,1,1,1,1,1
LSCE_20078,201,8,6389368.367,1975741.29,386.0866089,165,185,0,1,1,1,1,1,1,1,1,1,1
LSCE_20078,201,9,6389368.367,1975741.29,386.0866089,185,190,1,1,1,1,1,1,1,1,1,1,1
LSCE_20078,201,10,6389368.367,1975741.29,386.0866089,190,215,0,1,1,1,1,1,1,1,1,1,1
LSCE_20078,201,11,6389368.367,1975741.29,386.0866089,215,222,1,1,1,1,1,1,1,1,1,1,1
LSCE_20078,201,12,6389368.367,1975741.29,386.0866089,222,280,0,1,1,1,1,1,1,1,1,1,1
LSCE_20078,201,13,6389368.367,1975741.29,386.0866089,280,290,1,1,1,1,1,1,1,1,1,1,1
LSCE_20078,201,14,6389368.367,1975741.29,386.0866089,290,320,0,1,1,1,1,1,1,1,1,1,1
LSCE_20078,201,15,6389368.367,1975741.29,386.0866089,320,345,0,1,1,1,1,1,1,1,1,1,1
LSCE_20078,201,16,6389368.367,1975741.29,386.0866089,345,375,1,1,1,1,1,1,1,1,1,1,1
LSCE_20079,202,1,6433578.176,1940196.981,213.8146515,0,24,0,1,1,1,1,1,1,1,1,1,1
LSCE_20079,202,2,6433578.176,1940196.981,213.8146515,24,53,1,1,1,1,1,1,1,1,1,1,1
LSCE_20079,202,3,6433578.176,1940196.981,213.8146515,53,57,0,1,1,1,1,1,1,1,1,1,1
LSCE_20079,202,4,6433578.176,1940196.981,213.8146515,57,62,1,1,1,1,1,1,1,1,1,1,1
LSCE_20079,202,5,6433578.176,1940196.981,213.8146515,62,71,0,1,1,1,1,1,1,1,1,1,1
LSCE_20079,202,6,6433578.176,1940196.981,213.8146515,71,82,0,1,1,1,1,1,1,1,1,1,1
LSCE_20079,202,7,6433578.176,1940196.981,213.8146515,82,89,0,1,1,1,1,1,1,1,1,1,1
LSCE_20079,202,8,6433578.176,1940196.981,213.8146515,89,97,1,1,1,1,1,1,1,1,1,1,1
LSCE_20079,202,9,6433578.176,1940196.981,213.8146515,97,102,0,1,1,1,1,1,1,1,1,1,1
LSCE_20079,202,10,6433578.176,1940196.981,213.8146515,102,166,1,1,1,1,1,1,1,1,1,1,1
LSCE_20079,202,11,6433578.176,1940196.981,213.8146515,166,172,1,1,1,1,1,1,1,1,1,1,1
LSCE_20079,202,12,6433578.176,1940196.981,213.8146515,172,178,1,1,1,1,1,1,1,1,1,1,1
LSCE_20079,202,13,6433578.176,1940196.981,213.8146515,178,345,1,1,1,1,1,1,1,1,1,1,1
LSCE_20080,203,1,6441545.447,1938115.643,168.3671265,0,27,0,1,1,1,1,1,1,1,1,1,1
LSCE_20080,203,2,6441545.447,1938115.643,168.3671265,27,35,1,1,1,1,1,1,1,1,1,1,1
LSCE_20080,203,3,6441545.447,1938115.643,168.3671265,35,67,0,1,1,1,1,1,1,1,1,1,1
LSCE_20080,203,4,6441545.447,1938115.643,168.3671265,67,75,1,1,1,1,1,1,1,1,1,1,1
LSCE_20080,203,5,6441545.447,1938115.643,168.3671265,75,100,0,1,1,1,1,1,1,1,1,1,1
LSCE_20080,203,6,6441545.447,1938115.643,168.3671265,100,115,1,1,1,1,1,1,1,1,1,1,1
LSCE_20080,203,7,6441545.447,1938115.643,168.3671265,115,140,1,1,1,1,1,1,1,1,1,1,1
LSCE_20081,204,1,6452098.662,1933191.833,156.1499176,0,18,0,1,1,1,1,1,1,1,1,1,1
LSCE_20081,204,2,6452098.662,1933191.833,156.1499176,18,42,0,1,1,1,1,1,1,1,1,1,1
LSCE_20081,204,3,6452098.662,1933191.833,156.1499176,42,50,1,1,1,1,1,1,1,1,1,1,1
LSCE_20081,204,4,6452098.662,1933191.833,156.1499176,50,76,1,1,1,1,1,1,1,1,1,1,1
LSCE_20081,204,5,6452098.662,1933191.833,156.1499176,76,110,1,1,1,1,1,1,1,1,1,1,1
LSCE_20081,204,6,6452098.662,1933191.833,156.1499176,110,115,0,1,1,1,1,1,1,1,1,1,1
LSCE_20081,204,7,6452098.662,1933191.833,156.1499176,115,125,1,1,1,1,1,1,1,1,1,1,1
LSCE_20081,204,8,6452098.662,1933191.833,156.1499176,125,137,0,1,1,1,1,1,1,1,1,1,1
LSCE_20081,204,9,6452098.662,1933191.833,156.1499176,137,155,1,1,1,1,1,1,1,1,1,1,1
LSCE_20081,204,10,6452098.662,1933191.833,156.1499176,155,170,0,1,1,1,1,1,1,1,1,1,1
LSCE_20082,205,1,6444968.829,1936727.631,166.0597076,0,25,0,1,1,1,1,1,1,1,1,1,1
LSCE_20082,205,2,6444968.829,1936727.631,166.0597076,25,45,1,1,1,1,1,1,1,1,1,1,1
LSCE_20082,205,3,6444968.829,1936727.631,166.0597076,45,95,0,1,1,1,1,1,1,1,1,1,1
LSCE_20082,205,4,6444968.829,1936727.631,166.0597076,95,110,1,1,1,1,1,1,1,1,1,1,1
LSCE_20082,205,5,6444968.829,1936727.631,166.0597076,110,165,1,1,1,1,1,1,1,1,1,1,1
LSCE_20083,206,1,6449031.106,1934592.769,160.7156372,0,2,0,1,1,1,1,1,1,1,1,1,1
LSCE_20083,206,2,6449031.106,1934592.769,160.7156372,2,20,0,1,1,1,1,1,1,1,1,1,1
LSCE_20083,206,3,6449031.106,1934592.769,160.7156372,20,30,0,1,1,1,1,1,1,1,1,1,1
LSCE_20083,206,4,6449031.106,1934592.769,160.7156372,30,85,0,1,1,1,1,1,1,1,1,1,1
LSCE_20084,207,1,6444745.458,1933582.325,159.2299347,0,35,0,1,1,1,1,1,1,1,1,1,1
LSCE_20084,207,2,6444745.458,1933582.325,159.2299347,35,50,1,1,1,1,1,1,1,1,1,1,1
LSCE_20084,207,3,6444745.458,1933582.325,159.2299347,50,60,0,1,1,1,1,1,1,1,1,1,1
LSCE_20084,207,4,6444745.458,1933582.325,159.2299347,60,70,1,1,1,1,1,1,1,1,1,1,1
LSCE_20084,207,5,6444745.458,1933582.325,159.2299347,70,95,0,1,1,1,1,1,1,1,1,1,1
LSCE_20084,207,6,6444745.458,1933582.325,159.2299347,95,140,1,1,1,1,1,1,1,1,1,1,1
LSCE_20084,207,7,6444745.458,1933582.325,159.2299347,140,340,1,1,1,1,1,1,1,1,1,1,1
LSCE_20084,207,8,6444745.458,1933582.325,159.2299347,340,345,0,1,1,1,1,1,1,1,1,1,1
LSCE_20084,207,9,6444745.458,1933582.325,159.2299347,345,385,1,1,1,1,1,1,1,1,1,1,1
LSCE_20085,208,1,6446572.941,1933470.596,161.1237946,0,15,0,1,1,1,1,1,1,1,1,1,1
LSCE_20085,208,2,6446572.941,1933470.596,161.1237946,15,18,0,1,1,1,1,1,1,1,1,1,1
LSCE_20085,208,3,6446572.941,1933470.596,161.1237946,18,22,1,1,1,1,1,1,1,1,1,1,1
LSCE_20086,209,1,6440503.739,1935252.923,160.4831543,0,6,0,1,1,1,1,1,1,1,1,1,1
LSCE_20086,209,2,6440503.739,1935252.923,160.4831543,6,27,0,1,1,1,1,1,1,1,1,1,1
LSCE_20086,209,3,6440503.739,1935252.923,160.4831543,27,87,1,1,1,1,1,1,1,1,1,1,1
LSCE_20086,209,4,6440503.739,1935252.923,160.4831543,87,100,0,1,1,1,1,1,1,1,1,1,1
LSCE_20086,209,5,6440503.739,1935252.923,160.4831543,100,110,1,1,1,1,1,1,1,1,1,1,1
LSCE_20086,209,6,6440503.739,1935252.923,160.4831543,110,130,0,1,1,1,1,1,1,1,1,1,1
LSCE_20086,209,7,6440503.739,1935252.923,160.4831543,130,139,1,1,1,1,1,1,1,1,1,1,1
LSCE_20086,209,8,6440503.739,1935252.923,160.4831543,139,156,0,1,1,1,1,1,1,1,1,1,1
LSCE_20086,209,9,6440503.739,1935252.923,160.4831543,156,159,1,1,1,1,1,1,1,1,1,1,1
LSCE_20086,209,10,6440503.739,1935252.923,160.4831543,159,162,0,1,1,1,1,1,1,1,1,1,1
LSCE_20086,209,11,6440503.739,1935252.923,160.4831543,162,167,1,1,1,1,1,1,1,1,1,1,1
LSCE_20086,209,12,6440503.739,1935252.923,160.4831543,167,172,0,1,1,1,1,1,1,1,1,1,1
LSCE_20086,209,13,6440503.739,1935252.923,160.4831543,172,185,1,1,1,1,1,1,1,1,1,1,1
LSCE_20086,209,14,6440503.739,1935252.923,160.4831543,185,195,1,1,1,1,1,1,1,1,1,1,1
LSCE_20086,209,15,6440503.739,1935252.923,160.4831543,195,215,1,1,1,1,1,1,1,1,1,1,1
LSCE_20086,209,16,6440503.739,1935252.923,160.4831543,215,220,0,1,1,1,1,1,1,1,1,1,1
LSCE_20086,209,17,6440503.739,1935252.923,160.4831543,220,245,1,1,1,1,1,1,1,1,1,1,1
LSCE_20086,209,18,6440503.739,1935252.923,160.4831543,245,255,0,1,1,1,1,1,1,1,1,1,1
LSCE_20086,209,19,6440503.739,1935252.923,160.4831543,255,257,1,1,1,1,1,1,1,1,1,1,1
LSCE_20086,209,20,6440503.739,1935252.923,160.4831543,257,267,0,1,1,1,1,1,1,1,1,1,1
LSCE_20087,210,1,6437412.9,1934051.025,166.0718994,0,20,1,1,1,1,1,1,1,1,1,1,1
LSCE_20087,210,2,6437412.9,1934051.025,166.0718994,20,40,0,1,1,1,1,1,1,1,1,1,1
LSCE_20087,210,3,6437412.9,1934051.025,166.0718994,40,55,0,1,1,1,1,1,1,1,1,1,1
LSCE_20087,210,4,6437412.9,1934051.025,166.0718994,55,70,0,1,1,1,1,1,1,1,1,1,1
LSCE_20087,210,5,6437412.9,1934051.025,166.0718994,70,85,0,1,1,1,1,1,1,1,1,1,1
LSCE_20087,210,6,6437412.9,1934051.025,166.0718994,85,100,0,1,1,1,1,1,1,1,1,1,1
LSCE_20087,210,7,6437412.9,1934051.025,166.0718994,100,115,0,1,1,1,1,1,1,1,1,1,1
LSCE_20087,210,8,6437412.9,1934051.025,166.0718994,115,130,0,1,1,1,1,1,1,1,1,1,1
LSCE_20087,210,9,6437412.9,1934051.025,166.0718994,130,145,0,1,1,1,1,1,1,1,1,1,1
LSCE_20087,210,10,6437412.9,1934051.025,166.0718994,145,160,0,1,1,1,1,1,1,1,1,1,1
LSCE_20087,210,11,6437412.9,1934051.025,166.0718994,160,175,0,1,1,1,1,1,1,1,1,1,1
LSCE_20087,210,12,6437412.9,1934051.025,166.0718994,175,190,1,1,1,1,1,1,1,1,1,1,1
LSCE_20087,210,13,6437412.9,1934051.025,166.0718994,190,205,0,1,1,1,1,1,1,1,1,1,1
LSCE_20087,210,14,6437412.9,1934051.025,166.0718994,205,220,0,1,1,1,1,1,1,1,1,1,1
LSCE_20087,210,15,6437412.9,1934051.025,166.0718994,220,235,0,1,1,1,1,1,1,1,1,1,1
LSCE_20087,210,16,6437412.9,1934051.025,166.0718994,235,250,1,1,1,1,1,1,1,1,1,1,1
LSCE_20087,210,17,6437412.9,1934051.025,166.0718994,250,265,0,1,1,1,1,1,1,1,1,1,1
LSCE_20087,210,18,6437412.9,1934051.025,166.0718994,265,280,1,1,1,1,1,1,1,1,1,1,1
LSCE_20087,210,19,6437412.9,1934051.025,166.0718994,280,295,1,1,1,1,1,1,1,1,1,1,1
LSCE_20087,210,20,6437412.9,1934051.025,166.0718994,295,310,1,1,1,1,1,1,1,1,1,1,1
LSCE_20088,211,1,6434151.687,1933278.403,190.3477783,0,4,0,1,1,1,1,1,1,1,1,1,1
LSCE_20088,211,2,6434151.687,1933278.403,190.3477783,4,25,0,1,1,1,1,1,1,1,1,1,1
LSCE_20088,211,3,6434151.687,1933278.403,190.3477783,25,32,1,1,1,1,1,1,1,1,1,1,1
LSCE_20088,211,4,6434151.687,1933278.403,190.3477783,32,60,1,1,1,1,1,1,1,1,1,1,1
LSCE_20088,211,5,6434151.687,1933278.403,190.3477783,60,85,0,1,1,1,1,1,1,1,1,1,1
LSCE_20089,212,1,6435090.525,1931494.582,169.9214783,0,51,0,1,1,1,1,1,1,1,1,1,1
LSCE_20089,212,2,6435090.525,1931494.582,169.9214783,51,54,1,1,1,1,1,1,1,1,1,1,1
LSCE_20089,212,3,6435090.525,1931494.582,169.9214783,54,115,1,1,1,1,1,1,1,1,1,1,1
LSCE_20090,213,1,6437978.978,1930672.472,173.3787689,0,20,0,1,1,1,1,1,1,1,1,1,1
LSCE_20090,213,2,6437978.978,1930672.472,173.3787689,20,40,0,1,1,1,1,1,1,1,1,1,1
LSCE_20090,213,3,6437978.978,1930672.472,173.3787689,40,55,0,1,1,1,1,1,1,1,1,1,1
LSCE_20090,213,4,6437978.978,1930672.472,173.3787689,55,70,0,1,1,1,1,1,1,1,1,1,1
LSCE_20090,213,5,6437978.978,1930672.472,173.3787689,70,85,0,1,1,1,1,1,1,1,1,1,1
LSCE_20090,213,6,6437978.978,1930672.472,173.3787689,85,100,1,1,1,1,1,1,1,1,1,1,1
LSCE_20090,213,7,6437978.978,1930672.472,173.3787689,100,115,0,1,1,1,1,1,1,1,1,1,1
LSCE_20090,213,8,6437978.978,1930672.472,173.3787689,115,130,0,1,1,1,1,1,1,1,1,1,1
LSCE_20090,213,9,6437978.978,1930672.472,173.3787689,130,145,0,1,1,1,1,1,1,1,1,1,1
LSCE_20090,213,10,6437978.978,1930672.472,173.3787689,145,160,1,1,1,1,1,1,1,1,1,1,1
LSCE_20091,214,1,6437159.88,1929135.031,184.4322205,0,6,0,1,1,1,1,1,1,1,1,1,1
LSCE_20091,214,2,6437159.88,1929135.031,184.4322205,6,13,1,1,1,1,1,1,1,1,1,1,1
LSCE_20091,214,3,6437159.88,1929135.031,184.4322205,13,20,0,1,1,1,1,1,1,1,1,1,1
LSCE_20091,214,4,6437159.88,1929135.031,184.4322205,20,24,1,1,1,1,1,1,1,1,1,1,1
LSCE_20091,214,5,6437159.88,1929135.031,184.4322205,24,30,0,1,1,1,1,1,1,1,1,1,1
LSCE_20091,214,6,6437159.88,1929135.031,184.4322205,30,44,1,1,1,1,1,1,1,1,1,1,1
LSCE_20091,214,7,6437159.88,1929135.031,184.4322205,44,76,0,1,1,1,1,1,1,1,1,1,1
LSCE_20091,214,8,6437159.88,1929135.031,184.4322205,76,102,0,1,1,1,1,1,1,1,1,1,1
LSCE_20091,214,9,6437159.88,1929135.031,184.4322205,102,108,1,1,1,1,1,1,1,1,1,1,1
LSCE_20092,215,1,6442326.864,1930574.39,154.7573853,0,21,0,1,1,1,1,1,1,1,1,1,1
LSCE_20092,215,2,6442326.864,1930574.39,154.7573853,21,82,1,1,1,1,1,1,1,1,1,1,1
LSCE_20092,215,3,6442326.864,1930574.39,154.7573853,82,97,0,1,1,1,1,1,1,1,1,1,1
LSCE_20092,215,4,6442326.864,1930574.39,154.7573853,97,105,1,1,1,1,1,1,1,1,1,1,1
LSCE_20092,215,5,6442326.864,1930574.39,154.7573853,105,118,0,1,1,1,1,1,1,1,1,1,1
LSCE_20092,215,6,6442326.864,1930574.39,154.7573853,118,125,1,1,1,1,1,1,1,1,1,1,1
LSCE_20092,215,7,6442326.864,1930574.39,154.7573853,125,139,1,1,1,1,1,1,1,1,1,1,1
LSCE_20092,215,8,6442326.864,1930574.39,154.7573853,139,158,0,1,1,1,1,1,1,1,1,1,1
LSCE_20092,215,9,6442326.864,1930574.39,154.7573853,158,194,1,1,1,1,1,1,1,1,1,1,1
LSCE_20092,215,10,6442326.864,1930574.39,154.7573853,194,196,0,1,1,1,1,1,1,1,1,1,1
LSCE_20092,215,11,6442326.864,1930574.39,154.7573853,196,218,1,1,1,1,1,1,1,1,1,1,1
LSCE_20092,215,12,6442326.864,1930574.39,154.7573853,218,220,0,1,1,1,1,1,1,1,1,1,1
LSCE_20093,216,1,6456772.532,1928300.907,174.5087585,0,80,0,1,1,1,1,1,1,1,1,1,1
LSCE_20094,217,1,6455114.381,1926973.44,141.3194733,0,3,1,1,1,1,1,1,1,1,1,1,1
LSCE_20094,217,2,6455114.381,1926973.44,141.3194733,3,21,0,1,1,1,1,1,1,1,1,1,1
LSCE_20094,217,3,6455114.381,1926973.44,141.3194733,21,38,1,1,1,1,1,1,1,1,1,1,1
LSCE_20094,217,4,6455114.381,1926973.44,141.3194733,38,62,0,1,1,1,1,1,1,1,1,1,1
LSCE_20095,218,1,6450662.279,1925143.811,126.6694336,0,12,0,1,1,1,1,1,1,1,1,1,1
LSCE_20095,218,2,6450662.279,1925143.811,126.6694336,12,43,0,1,1,1,1,1,1,1,1,1,1
LSCE_20095,218,3,6450662.279,1925143.811,126.6694336,43,65,1,1,1,1,1,1,1,1,1,1,1
LSCE_20095,218,4,6450662.279,1925143.811,126.6694336,65,91,0,1,1,1,1,1,1,1,1,1,1
LSCE_20095,218,5,6450662.279,1925143.811,126.6694336,91,123,0,1,1,1,1,1,1,1,1,1,1
LSCE_20095,218,6,6450662.279,1925143.811,126.6694336,123,162,0,1,1,1,1,1,1,1,1,1,1
LSCE_20095,218,7,6450662.279,1925143.811,126.6694336,162,240,1,1,1,1,1,1,1,1,1,1,1
LSCE_20095,218,8,6450662.279,1925143.811,126.6694336,240,303,0,1,1,1,1,1,1,1,1,1,1
LSCE_20095,218,9,6450662.279,1925143.811,126.6694336,303,310,1,1,1,1,1,1,1,1,1,1,1
LSCE_20095,218,10,6450662.279,1925143.811,126.6694336,310,405,1,1,1,1,1,1,1,1,1,1,1
LSCE_20095,218,11,6450662.279,1925143.811,126.6694336,405,410,1,1,1,1,1,1,1,1,1,1,1
LSCE_20096,219,1,6450478.586,1923025.878,124.5493622,0,17,0,1,1,1,1,1,1,1,1,1,1
LSCE_20096,219,2,6450478.586,1923025.878,124.5493622,17,22,1,1,1,1,1,1,1,1,1,1,1
LSCE_20096,219,3,6450478.586,1923025.878,124.5493622,22,26,0,1,1,1,1,1,1,1,1,1,1
LSCE_20096,219,4,6450478.586,1923025.878,124.5493622,26,73,1,1,1,1,1,1,1,1,1,1,1
LSCE_20096,219,5,6450478.586,1923025.878,124.5493622,73,81,0,1,1,1,1,1,1,1,1,1,1
LSCE_20096,219,6,6450478.586,1923025.878,124.5493622,81,101,1,1,1,1,1,1,1,1,1,1,1
LSCE_20096,219,7,6450478.586,1923025.878,124.5493622,101,116,0,1,1,1,1,1,1,1,1,1,1
LSCE_20097,220,1,6448014.191,1921137.843,138.8462677,0,2,0,1,1,1,1,1,1,1,1,1,1
LSCE_20097,220,2,6448014.191,1921137.843,138.8462677,2,24,0,1,1,1,1,1,1,1,1,1,1
LSCE_20097,220,3,6448014.191,1921137.843,138.8462677,24,52,0,1,1,1,1,1,1,1,1,1,1
LSCE_20097,220,4,6448014.191,1921137.843,138.8462677,52,60,1,1,1,1,1,1,1,1,1,1,1
LSCE_20097,220,5,6448014.191,1921137.843,138.8462677,60,95,0,1,1,1,1,1,1,1,1,1,1
LSCE_20097,220,6,6448014.191,1921137.843,138.8462677,95,141,0,1,1,1,1,1,1,1,1,1,1
LSCE_20097,220,7,6448014.191,1921137.843,138.8462677,141,188,1,1,1,1,1,1,1,1,1,1,1
LSCE_20097,220,8,6448014.191,1921137.843,138.8462677,188,199,1,1,1,1,1,1,1,1,1,1,1
LSCE_20098,221,1,6442277.339,1919275.954,216.2753906,0,3,0,1,1,1,1,1,1,1,1,1,1
LSCE_20098,221,2,6442277.339,1919275.954,216.2753906,3,12,1,1,1,1,1,1,1,1,1,1,1
LSCE_20098,221,3,6442277.339,1919275.954,216.2753906,12,28,0,1,1,1,1,1,1,1,1,1,1
LSCE_20098,221,4,6442277.339,1919275.954,216.2753906,28,73,1,1,1,1,1,1,1,1,1,1,1
LSCE_20098,221,5,6442277.339,1919275.954,216.2753906,73,118,0,1,1,1,1,1,1,1,1,1,1
LSCE_20098,221,6,6442277.339,1919275.954,216.2753906,118,134,0,1,1,1,1,1,1,1,1,1,1
LSCE_20098,221,7,6442277.339,1919275.954,216.2753906,134,148,0,1,1,1,1,1,1,1,1,1,1
LSCE_20099,222,1,6442519.92,1917261.24,268.144104,0,2,0,1,1,1,1,1,1,1,1,1,1
LSCE_20099,222,2,6442519.92,1917261.24,268.144104,2,135,0,1,1,1,1,1,1,1,1,1,1
LSCE_20099,222,3,6442519.92,1917261.24,268.144104,135,180,0,1,1,1,1,1,1,1,1,1,1
LSCE_20099,222,4,6442519.92,1917261.24,268.144104,180,248,0,1,1,1,1,1,1,1,1,1,1
LSCE_20099,222,5,6442519.92,1917261.24,268.144104,248,255,0,1,1,1,1,1,1,1,1,1,1
LSCE_20100,223,1,6444212.185,1919882.248,182.8931427,0,90,0,1,1,1,1,1,1,1,1,1,1
LSCE_20100,223,2,6444212.185,1919882.248,182.8931427,90,120,1,1,1,1,1,1,1,1,1,1,1
LSCE_20100,223,3,6444212.185,1919882.248,182.8931427,120,285,0,1,1,1,1,1,1,1,1,1,1
LSCE_20100,223,4,6444212.185,1919882.248,182.8931427,285,365,1,1,1,1,1,1,1,1,1,1,1
LSCE_20100,223,5,6444212.185,1919882.248,182.8931427,365,405,1,1,1,1,1,1,1,1,1,1,1
LSCE_20101,224,1,6445992.799,1919353.379,162.0822449,0,25,0,1,1,1,1,1,1,1,1,1,1
LSCE_20101,224,2,6445992.799,1919353.379,162.0822449,25,30,1,1,1,1,1,1,1,1,1,1,1
LSCE_20101,224,3,6445992.799,1919353.379,162.0822449,30,145,0,1,1,1,1,1,1,1,1,1,1
LSCE_20101,224,4,6445992.799,1919353.379,162.0822449,145,155,1,1,1,1,1,1,1,1,1,1,1
LSCE_20101,224,5,6445992.799,1919353.379,162.0822449,155,220,0,1,1,1,1,1,1,1,1,1,1
LSCE_20101,224,6,6445992.799,1919353.379,162.0822449,220,270,0,1,1,1,1,1,1,1,1,1,1
LSCE_20102,225,1,6454815.347,1916835.059,111.299736,0,45,0,1,1,1,1,1,1,1,1,1,1
LSCE_20102,225,2,6454815.347,1916835.059,111.299736,45,55,1,1,1,1,1,1,1,1,1,1,1
LSCE_20103,226,1,6460611.127,1917216.765,117.7861633,0,9,0,1,1,1,1,1,1,1,1,1,1
LSCE_20103,226,2,6460611.127,1917216.765,117.7861633,9,19,1,1,1,1,1,1,1,1,1,1,1
LSCE_20103,226,3,6460611.127,1917216.765,117.7861633,19,26,0,1,1,1,1,1,1,1,1,1,1
LSCE_20103,226,4,6460611.127,1917216.765,117.7861633,26,39,1,1,1,1,1,1,1,1,1,1,1
LSCE_20103,226,5,6460611.127,1917216.765,117.7861633,39,60,0,1,1,1,1,1,1,1,1,1,1
LSCE_20103,226,6,6460611.127,1917216.765,117.7861633,60,130,0,1,1,1,1,1,1,1,1,1,1
LSCE_20103,226,7,6460611.127,1917216.765,117.7861633,130,156,1,1,1,1,1,1,1,1,1,1,1
LSCE_20103,226,8,6460611.127,1917216.765,117.7861633,156,225,0,1,1,1,1,1,1,1,1,1,1
LSCE_20104,227,1,6459615.741,1912152.133,93.9402008,0,3,0,1,1,1,1,1,1,1,1,1,1
LSCE_20104,227,2,6459615.741,1912152.133,93.9402008,3,22,0,1,1,1,1,1,1,1,1,1,1
LSCE_20104,227,3,6459615.741,1912152.133,93.9402008,22,40,1,1,1,1,1,1,1,1,1,1,1
LSCE_20104,227,4,6459615.741,1912152.133,93.9402008,40,80,0,1,1,1,1,1,1,1,1,1,1
LSCE_20104,227,5,6459615.741,1912152.133,93.9402008,80,140,1,1,1,1,1,1,1,1,1,1,1
LSCE_20104,227,6,6459615.741,1912152.133,93.9402008,140,160,0,1,1,1,1,1,1,1,1,1,1
LSCE_20104,227,7,6459615.741,1912152.133,93.9402008,160,190,1,1,1,1,1,1,1,1,1,1,1
LSCE_20104,227,8,6459615.741,1912152.133,93.9402008,190,220,1,1,1,1,1,1,1,1,1,1,1
LSCE_20104,227,9,6459615.741,1912152.133,93.9402008,220,240,1,1,1,1,1,1,1,1,1,1,1
LSCE_20105,228,1,6458996.862,1910885.191,89.2223663,0,8,0,1,1,1,1,1,1,1,1,1,1
LSCE_20105,228,2,6458996.862,1910885.191,89.2223663,8,19,0,1,1,1,1,1,1,1,1,1,1
LSCE_20105,228,3,6458996.862,1910885.191,89.2223663,19,34,0,1,1,1,1,1,1,1,1,1,1
LSCE_20105,228,4,6458996.862,1910885.191,89.2223663,34,51,1,1,1,1,1,1,1,1,1,1,1
LSCE_20105,228,5,6458996.862,1910885.191,89.2223663,51,76,0,1,1,1,1,1,1,1,1,1,1
LSCE_20105,228,6,6458996.862,1910885.191,89.2223663,76,93,1,1,1,1,1,1,1,1,1,1,1
LSCE_20105,228,7,6458996.862,1910885.191,89.2223663,93,117,0,1,1,1,1,1,1,1,1,1,1
LSCE_20105,228,8,6458996.862,1910885.191,89.2223663,117,135,1,1,1,1,1,1,1,1,1,1,1
LSCE_20105,228,9,6458996.862,1910885.191,89.2223663,135,177,0,1,1,1,1,1,1,1,1,1,1
LSCE_20105,228,10,6458996.862,1910885.191,89.2223663,177,188,0,1,1,1,1,1,1,1,1,1,1
LSCE_20105,228,11,6458996.862,1910885.191,89.2223663,188,220,1,1,1,1,1,1,1,1,1,1,1
LSCE_20107,229,1,6450534.396,1913211.199,179.8113403,0,11,0,1,1,1,1,1,1,1,1,1,1
LSCE_20107,229,2,6450534.396,1913211.199,179.8113403,11,17,1,1,1,1,1,1,1,1,1,1,1
LSCE_20107,229,3,6450534.396,1913211.199,179.8113403,17,40,1,1,1,1,1,1,1,1,1,1,1
LSCE_20107,229,4,6450534.396,1913211.199,179.8113403,40,54,1,1,1,1,1,1,1,1,1,1,1
LSCE_20107,229,5,6450534.396,1913211.199,179.8113403,54,65,0,1,1,1,1,1,1,1,1,1,1
LSCE_20107,229,6,6450534.396,1913211.199,179.8113403,65,72,1,1,1,1,1,1,1,1,1,1,1
LSCE_20107,229,7,6450534.396,1913211.199,179.8113403,72,78,1,1,1,1,1,1,1,1,1,1,1
LSCE_20109,230,1,6430913.289,1949147.956,212.1886749,0,12,0,1,1,1,1,1,1,1,1,1,1
LSCE_20109,230,2,6430913.289,1949147.956,212.1886749,12,20,1,1,1,1,1,1,1,1,1,1,1
LSCE_20109,230,3,6430913.289,1949147.956,212.1886749,20,36,1,1,1,1,1,1,1,1,1,1,1
LSCE_20109,230,4,6430913.289,1949147.956,212.1886749,36,50,1,1,1,1,1,1,1,1,1,1,1
LSCE_20109,230,5,6430913.289,1949147.956,212.1886749,50,75,1,1,1,1,1,1,1,1,1,1,1
LSCE_20109,230,6,6430913.289,1949147.956,212.1886749,75,97,1,1,1,1,1,1,1,1,1,1,1
LSCE_20109,230,7,6430913.289,1949147.956,212.1886749,97,125,1,1,1,1,1,1,1,1,1,1,1
LSCE_20109,230,8,6430913.289,1949147.956,212.1886749,125,150,1,1,1,1,1,1,1,1,1,1,1
LSCE_20109,230,9,6430913.289,1949147.956,212.1886749,150,183,1,1,1,1,1,1,1,1,1,1,1
LSCE_20109,230,10,6430913.289,1949147.956,212.1886749,183,210,1,1,1,1,1,1,1,1,1,1,1
LSCE_20109,230,11,6430913.289,1949147.956,212.1886749,210,225,1,1,1,1,1,1,1,1,1,1,1
LSCE_20109,230,12,6430913.289,1949147.956,212.1886749,225,250,1,1,1,1,1,1,1,1,1,1,1
LSCE_20109,230,13,6430913.289,1949147.956,212.1886749,250,300,1,1,1,1,1,1,1,1,1,1,1
LSCE_20109,230,14,6430913.289,1949147.956,212.1886749,300,325,1,1,1,1,1,1,1,1,1,1,1
LSCE_20109,230,15,6430913.289,1949147.956,212.1886749,325,350,0,1,1,1,1,1,1,1,1,1,1
LSCE_20110,231,1,6429103.047,1948244.013,218.2494965,0,3,0,1,1,1,1,1,1,1,1,1,1
LSCE_20110,231,2,6429103.047,1948244.013,218.2494965,3,20,0,1,1,1,1,1,1,1,1,1,1
LSCE_20110,231,3,6429103.047,1948244.013,218.2494965,20,34,0,1,1,1,1,1,1,1,1,1,1
LSCE_20110,231,4,6429103.047,1948244.013,218.2494965,34,45,0,1,1,1,1,1,1,1,1,1,1
LSCE_20111,232,1,6428101.238,1950213.893,219.1145782,0,38,0,1,1,1,1,1,1,1,1,1,1
LSCE_20111,232,2,6428101.238,1950213.893,219.1145782,38,45,0,1,1,1,1,1,1,1,1,1,1
LSCE_20112,233,1,6431869.994,1948135.028,211.175827,0,10,0,1,1,1,1,1,1,1,1,1,1
LSCE_20112,233,2,6431869.994,1948135.028,211.175827,10,20,1,1,1,1,1,1,1,1,1,1,1
LSCE_20112,233,3,6431869.994,1948135.028,211.175827,20,30,1,1,1,1,1,1,1,1,1,1,1
LSCE_20113,234,1,6469576.729,1907054.132,88.5363312,0,7,0,1,1,1,1,1,1,1,1,1,1
LSCE_20113,234,2,6469576.729,1907054.132,88.5363312,7,13,1,1,1,1,1,1,1,1,1,1,1
LSCE_20113,234,3,6469576.729,1907054.132,88.5363312,13,23,0,1,1,1,1,1,1,1,1,1,1
LSCE_20113,234,4,6469576.729,1907054.132,88.5363312,23,41,1,1,1,1,1,1,1,1,1,1,1
LSCE_20113,234,5,6469576.729,1907054.132,88.5363312,41,48,0,1,1,1,1,1,1,1,1,1,1
LSCE_20113,234,6,6469576.729,1907054.132,88.5363312,48,62,1,1,1,1,1,1,1,1,1,1,1
LSCE_20114,235,1,6462475.025,1908702.296,85.2985077,0,7,0,1,1,1,1,1,1,1,1,1,1
LSCE_20114,235,2,6462475.025,1908702.296,85.2985077,7,17,1,1,1,1,1,1,1,1,1,1,1
LSCE_20114,235,3,6462475.025,1908702.296,85.2985077,17,31,0,1,1,1,1,1,1,1,1,1,1
LSCE_20114,235,4,6462475.025,1908702.296,85.2985077,31,58,0,1,1,1,1,1,1,1,1,1,1
LSCE_20114,235,5,6462475.025,1908702.296,85.2985077,58,145,1,1,1,1,1,1,1,1,1,1,1
LSCE_20114,235,6,6462475.025,1908702.296,85.2985077,145,172,0,1,1,1,1,1,1,1,1,1,1
LSCE_20114,235,7,6462475.025,1908702.296,85.2985077,172,194,1,1,1,1,1,1,1,1,1,1,1
LSCE_20114,235,8,6462475.025,1908702.296,85.2985077,194,213,0,1,1,1,1,1,1,1,1,1,1
LSCE_20114,235,9,6462475.025,1908702.296,85.2985077,213,244,1,1,1,1,1,1,1,1,1,1,1
LSCE_20114,235,10,6462475.025,1908702.296,85.2985077,244,253,0,1,1,1,1,1,1,1,1,1,1
LSCE_20114,235,11,6462475.025,1908702.296,85.2985077,253,271,0,1,1,1,1,1,1,1,1,1,1
LSCE_20114,235,12,6462475.025,1908702.296,85.2985077,271,305,1,1,1,1,1,1,1,1,1,1,1
LSCE_20115,236,1,6463739.171,1902167.241,73.5486221,0,20,0,1,1,1,1,1,1,1,1,1,1
LSCE_20115,236,2,6463739.171,1902167.241,73.5486221,20,35,1,1,1,1,1,1,1,1,1,1,1
LSCE_20115,236,3,6463739.171,1902167.241,73.5486221,35,100,0,1,1,1,1,1,1,1,1,1,1
LSCE_20115,236,4,6463739.171,1902167.241,73.5486221,100,140,1,1,1,1,1,1,1,1,1,1,1
LSCE_20115,236,5,6463739.171,1902167.241,73.5486221,140,160,0,1,1,1,1,1,1,1,1,1,1
LSCE_20115,236,6,6463739.171,1902167.241,73.5486221,160,390,1,1,1,1,1,1,1,1,1,1,1
LSCE_20115,236,7,6463739.171,1902167.241,73.5486221,390,415,0,1,1,1,1,1,1,1,1,1,1
LSCE_20116,237,1,6460344.532,1901846.704,77.2269897,0,4,0,1,1,1,1,1,1,1,1,1,1
LSCE_20117,238,1,6462336.863,1900050.246,75.5398178,0,3,0,1,1,1,1,1,1,1,1,1,1
LSCE_20117,238,2,6462336.863,1900050.246,75.5398178,3,34,0,1,1,1,1,1,1,1,1,1,1
LSCE_20117,238,3,6462336.863,1900050.246,75.5398178,34,38,0,1,1,1,1,1,1,1,1,1,1
LSCE_20117,238,4,6462336.863,1900050.246,75.5398178,38,51,1,1,1,1,1,1,1,1,1,1,1
LSCE_20117,238,5,6462336.863,1900050.246,75.5398178,51,53,0,1,1,1,1,1,1,1,1,1,1
LSCE_20117,238,6,6462336.863,1900050.246,75.5398178,53,62,1,1,1,1,1,1,1,1,1,1,1
LSCE_20117,238,7,6462336.863,1900050.246,75.5398178,62,70,1,1,1,1,1,1,1,1,1,1,1
LSCE_20117,238,8,6462336.863,1900050.246,75.5398178,70,87,0,1,1,1,1,1,1,1,1,1,1
LSCE_20117,238,9,6462336.863,1900050.246,75.5398178,87,93,1,1,1,1,1,1,1,1,1,1,1
LSCE_20117,238,10,6462336.863,1900050.246,75.5398178,93,100,0,1,1,1,1,1,1,1,1,1,1
LSCE_20117,238,11,6462336.863,1900050.246,75.5398178,100,123,1,1,1,1,1,1,1,1,1,1,1
LSCE_20117,238,12,6462336.863,1900050.246,75.5398178,123,139,0,1,1,1,1,1,1,1,1,1,1
LSCE_20117,238,13,6462336.863,1900050.246,75.5398178,139,162,1,1,1,1,1,1,1,1,1,1,1
LSCE_20117,238,14,6462336.863,1900050.246,75.5398178,162,189,0,1,1,1,1,1,1,1,1,1,1
LSCE_20117,238,15,6462336.863,1900050.246,75.5398178,189,231,0,1,1,1,1,1,1,1,1,1,1
LSCE_20117,238,16,6462336.863,1900050.246,75.5398178,231,248,1,1,1,1,1,1,1,1,1,1,1
LSCE_20117,238,17,6462336.863,1900050.246,75.5398178,248,279,0,1,1,1,1,1,1,1,1,1,1
LSCE_20117,238,18,6462336.863,1900050.246,75.5398178,279,300,0,1,1,1,1,1,1,1,1,1,1
LSCE_20118,239,1,6468873.397,1903120.615,67.3708191,0,5,0,1,1,1,1,1,1,1,1,1,1
LSCE_20118,239,2,6468873.397,1903120.615,67.3708191,5,9,1,1,1,1,1,1,1,1,1,1,1
LSCE_20118,239,3,6468873.397,1903120.615,67.3708191,9,11,1,1,1,1,1,1,1,1,1,1,1
LSCE_20118,239,4,6468873.397,1903120.615,67.3708191,11,17,1,1,1,1,1,1,1,1,1,1,1
LSCE_20118,239,5,6468873.397,1903120.615,67.3708191,17,23,1,1,1,1,1,1,1,1,1,1,1
LSCE_20118,239,6,6468873.397,1903120.615,67.3708191,23,35,1,1,1,1,1,1,1,1,1,1,1
LSCE_20118,239,7,6468873.397,1903120.615,67.3708191,35,49,0,1,1,1,1,1,1,1,1,1,1
LSCE_20118,239,8,6468873.397,1903120.615,67.3708191,49,57,1,1,1,1,1,1,1,1,1,1,1
LSCE_20118,239,9,6468873.397,1903120.615,67.3708191,57,70,0,1,1,1,1,1,1,1,1,1,1
LSCE_20119,240,1,6467079.782,1900286.648,68.3119812,0,7,0,1,1,1,1,1,1,1,1,1,1
LSCE_20119,240,2,6467079.782,1900286.648,68.3119812,7,28,0,1,1,1,1,1,1,1,1,1,1
LSCE_20119,240,3,6467079.782,1900286.648,68.3119812,28,42,1,1,1,1,1,1,1,1,1,1,1
LSCE_20119,240,4,6467079.782,1900286.648,68.3119812,42,67,0,1,1,1,1,1,1,1,1,1,1
LSCE_20119,240,5,6467079.782,1900286.648,68.3119812,67,71,1,1,1,1,1,1,1,1,1,1,1
LSCE_20119,240,6,6467079.782,1900286.648,68.3119812,71,88,0,1,1,1,1,1,1,1,1,1,1
LSCE_20119,240,7,6467079.782,1900286.648,68.3119812,88,93,1,1,1,1,1,1,1,1,1,1,1
LSCE_20119,240,8,6467079.782,1900286.648,68.3119812,93,107,0,1,1,1,1,1,1,1,1,1,1
LSCE_20119,240,9,6467079.782,1900286.648,68.3119812,107,116,1,1,1,1,1,1,1,1,1,1,1
LSCE_20119,240,10,6467079.782,1900286.648,68.3119812,116,248,1,1,1,1,1,1,1,1,1,1,1
LSCE_20119,240,11,6467079.782,1900286.648,68.3119812,248,255,0,1,1,1,1,1,1,1,1,1,1
LSCE_20120,241,1,6478412.783,1894712.34,87.946846,0,3,0,1,1,1,1,1,1,1,1,1,1
LSCE_20120,241,2,6478412.783,1894712.34,87.946846,3,18,0,1,1,1,1,1,1,1,1,1,1
LSCE_20120,241,3,6478412.783,1894712.34,87.946846,18,24,1,1,1,1,1,1,1,1,1,1,1
LSCE_20121,242,1,6408729.39,1967076.742,300.861145,0,1,0,1,1,1,1,1,1,1,1,1,1
LSCE_20121,242,2,6408729.39,1967076.742,300.861145,1,12,0,1,1,1,1,1,1,1,1,1,1
LSCE_20121,242,3,6408729.39,1967076.742,300.861145,12,18,1,1,1,1,1,1,1,1,1,1,1
LSCE_20121,242,4,6408729.39,1967076.742,300.861145,18,33,1,1,1,1,1,1,1,1,1,1,1
LSCE_20122,243,1,6407792.807,1971198.261,327.0154114,0,3,0,1,1,1,1,1,1,1,1,1,1
LSCE_20122,243,2,6407792.807,1971198.261,327.0154114,3,19,0,1,1,1,1,1,1,1,1,1,1
LSCE_20123,244,1,6397698.517,1971024.348,358.3689575,0,2,0,1,1,1,1,1,1,1,1,1,1
LSCE_20124,245,1,6399400.105,1975463.89,361.2775269,0,3,0,1,1,1,1,1,1,1,1,1,1
LSCE_20124,245,2,6399400.105,1975463.89,361.2775269,3,42,1,1,1,1,1,1,1,1,1,1,1
LSCE_20125,246,1,6401885.087,1975412.639,364.8999939,0,15,1,1,1,1,1,1,1,1,1,1,1
LSCE_20125,246,2,6401885.087,1975412.639,364.8999939,15,16,0,1,1,1,1,1,1,1,1,1,1
LSCE_20125,246,3,6401885.087,1975412.639,364.8999939,16,20,1,1,1,1,1,1,1,1,1,1,1
LSCE_20125,246,4,6401885.087,1975412.639,364.8999939,20,33,0,1,1,1,1,1,1,1,1,1,1
LSCE_20125,246,5,6401885.087,1975412.639,364.8999939,33,36,1,1,1,1,1,1,1,1,1,1,1
LSCE_20125,246,6,6401885.087,1975412.639,364.8999939,36,38,1,1,1,1,1,1,1,1,1,1,1
LSCE_20126,247,1,6397143.793,1973070.534,350.1995544,0,3,0,1,1,1,1,1,1,1,1,1,1
LSCE_20126,247,2,6397143.793,1973070.534,350.1995544,3,21,0,1,1,1,1,1,1,1,1,1,1
LSCE_20126,247,3,6397143.793,1973070.534,350.1995544,21,34,0,1,1,1,1,1,1,1,1,1,1
LSCE_20126,247,4,6397143.793,1973070.534,350.1995544,34,90,1,1,1,1,1,1,1,1,1,1,1
LSCE_20126,247,5,6397143.793,1973070.534,350.1995544,90,105,0,1,1,1,1,1,1,1,1,1,1
LSCE_20127,248,1,6393003.55,1983529.487,438.7171021,0,1,0,1,1,1,1,1,1,1,1,1,1
LSCE_20127,248,2,6393003.55,1983529.487,438.7171021,1,25,1,1,1,1,1,1,1,1,1,1,1
LSCE_20128,249,1,6394469.348,1979553.323,407.7866516,0,23,0,1,1,1,1,1,1,1,1,1,1
LSCE_20128,249,2,6394469.348,1979553.323,407.7866516,23,47,1,1,1,1,1,1,1,1,1,1,1
LSCE_20128,249,3,6394469.348,1979553.323,407.7866516,47,182,1,1,1,1,1,1,1,1,1,1,1
LSCE_20129,250,1,6393564.674,1981626.802,419.9284668,0,2,0,1,1,1,1,1,1,1,1,1,1
LSCE_20129,250,2,6393564.674,1981626.802,419.9284668,2,19,1,1,1,1,1,1,1,1,1,1,1
LSCE_20129,250,3,6393564.674,1981626.802,419.9284668,19,21,0,1,1,1,1,1,1,1,1,1,1
LSCE_20129,250,4,6393564.674,1981626.802,419.9284668,21,75,1,1,1,1,1,1,1,1,1,1,1
LSCE_20130,251,1,6391886.241,1982326.644,419.9646301,0,20,1,1,1,1,1,1,1,1,1,1,1
LSCE_20130,251,2,6391886.241,1982326.644,419.9646301,20,40,0,1,1,1,1,1,1,1,1,1,1
LSCE_20131,252,1,6394077.742,1978672.812,398.537262,0,12,0,1,1,1,1,1,1,1,1,1,1
LSCE_20131,252,2,6394077.742,1978672.812,398.537262,12,28,1,1,1,1,1,1,1,1,1,1,1
LSCE_20132,253,1,6394675.356,1979717.63,408.9797974,0,3,0,1,1,1,1,1,1,1,1,1,1
LSCE_20132,253,2,6394675.356,1979717.63,408.9797974,3,20,0,1,1,1,1,1,1,1,1,1,1
LSCE_20132,253,3,6394675.356,1979717.63,408.9797974,20,28,0,1,1,1,1,1,1,1,1,1,1
LSCE_20133,254,1,6388348.269,1976145.628,409.8738098,0,3,0,1,1,1,1,1,1,1,1,1,1
LSCE_20133,254,2,6388348.269,1976145.628,409.8738098,3,10,1,1,1,1,1,1,1,1,1,1,1
LSCE_20133,254,3,6388348.269,1976145.628,409.8738098,10,15,1,1,1,1,1,1,1,1,1,1,1
LSCE_20133,254,4,6388348.269,1976145.628,409.8738098,15,20,1,1,1,1,1,1,1,1,1,1,1
LSCE_20133,254,5,6388348.269,1976145.628,409.8738098,20,30,0,1,1,1,1,1,1,1,1,1,1
LSCE_20133,254,6,6388348.269,1976145.628,409.8738098,30,38,1,1,1,1,1,1,1,1,1,1,1
LSCE_20133,254,7,6388348.269,1976145.628,409.8738098,38,42,1,1,1,1,1,1,1,1,1,1,1
LSCE_20133,254,8,6388348.269,1976145.628,409.8738098,42,53,1,1,1,1,1,1,1,1,1,1,1
LSCE_20133,254,9,6388348.269,1976145.628,409.8738098,53,57,1,1,1,1,1,1,1,1,1,1,1
LSCE_20133,254,10,6388348.269,1976145.628,409.8738098,57,62,1,1,1,1,1,1,1,1,1,1,1
LSCE_20134,255,1,6388710.858,1973414.251,559.2803955,0,30,1,1,1,1,1,1,1,1,1,1,1
LSCE_20134,255,2,6388710.858,1973414.251,559.2803955,30,45,1,1,1,1,1,1,1,1,1,1,1
LSCE_20134,255,3,6388710.858,1973414.251,559.2803955,45,60,1,1,1,1,1,1,1,1,1,1,1
LSCE_20134,255,4,6388710.858,1973414.251,559.2803955,60,105,1,1,1,1,1,1,1,1,1,1,1
LSCE_20134,255,5,6388710.858,1973414.251,559.2803955,105,150,1,1,1,1,1,1,1,1,1,1,1
LSCE_20134,255,6,6388710.858,1973414.251,559.2803955,150,180,1,1,1,1,1,1,1,1,1,1,1
LSCE_20134,255,7,6388710.858,1973414.251,559.2803955,180,200,1,1,1,1,1,1,1,1,1,1,1
LSCE_20135,256,1,6391137.711,1978113.723,389.571228,0,20,0,1,1,1,1,1,1,1,1,1,1
LSCE_20135,256,2,6391137.711,1978113.723,389.571228,20,24,0,1,1,1,1,1,1,1,1,1,1
LSCE_20135,256,3,6391137.711,1978113.723,389.571228,24,26,0,1,1,1,1,1,1,1,1,1,1
LSCE_20135,256,4,6391137.711,1978113.723,389.571228,26,35,0,1,1,1,1,1,1,1,1,1,1
LSCE_20135,256,5,6391137.711,1978113.723,389.571228,35,36,0,1,1,1,1,1,1,1,1,1,1
LSCE_20135,256,6,6391137.711,1978113.723,389.571228,36,45,0,1,1,1,1,1,1,1,1,1,1
LSCE_20135,256,7,6391137.711,1978113.723,389.571228,45,53,0,1,1,1,1,1,1,1,1,1,1
LSCE_20135,256,8,6391137.711,1978113.723,389.571228,53,55,0,1,1,1,1,1,1,1,1,1,1
LSCE_20135,256,9,6391137.711,1978113.723,389.571228,55,57,1,1,1,1,1,1,1,1,1,1,1
LSCE_20135,256,10,6391137.711,1978113.723,389.571228,57,68,0,1,1,1,1,1,1,1,1,1,1
LSCE_20135,256,11,6391137.711,1978113.723,389.571228,68,85,0,1,1,1,1,1,1,1,1,1,1
LSCE_20136,257,1,6391246.848,1977971.466,387.8311462,0,2,0,1,1,1,1,1,1,1,1,1,1
LSCE_20136,257,2,6391246.848,1977971.466,387.8311462,2,7,0,1,1,1,1,1,1,1,1,1,1
LSCE_20136,257,3,6391246.848,1977971.466,387.8311462,7,13,1,1,1,1,1,1,1,1,1,1,1
LSCE_20136,257,4,6391246.848,1977971.466,387.8311462,13,20,1,1,1,1,1,1,1,1,1,1,1
LSCE_20136,257,5,6391246.848,1977971.466,387.8311462,20,22,0,1,1,1,1,1,1,1,1,1,1
LSCE_20136,257,6,6391246.848,1977971.466,387.8311462,22,45,1,1,1,1,1,1,1,1,1,1,1
LSCE_20136,257,7,6391246.848,1977971.466,387.8311462,45,48,1,1,1,1,1,1,1,1,1,1,1
LSCE_20136,257,8,6391246.848,1977971.466,387.8311462,48,50,0,1,1,1,1,1,1,1,1,1,1
LSCE_20137,258,1,6386517.276,1974689.331,557.9677734,0,2,0,1,1,1,1,1,1,1,1,1,1
LSCE_20138,259,1,6391162.112,1973931.881,392.112793,0,9,1,1,1,1,1,1,1,1,1,1,1
LSCE_20138,259,2,6391162.112,1973931.881,392.112793,9,12,1,1,1,1,1,1,1,1,1,1,1
LSCE_20138,259,3,6391162.112,1973931.881,392.112793,12,18,0,1,1,1,1,1,1,1,1,1,1
LSCE_20138,259,4,6391162.112,1973931.881,392.112793,18,25,1,1,1,1,1,1,1,1,1,1,1
LSCE_20139,260,1,6390529.444,1975908.56,383.5873108,0,3,0,1,1,1,1,1,1,1,1,1,1
LSCE_20139,260,2,6390529.444,1975908.56,383.5873108,3,11,0,1,1,1,1,1,1,1,1,1,1
LSCE_20139,260,3,6390529.444,1975908.56,383.5873108,11,15,0,1,1,1,1,1,1,1,1,1,1
LSCE_20139,260,4,6390529.444,1975908.56,383.5873108,15,20,0,1,1,1,1,1,1,1,1,1,1
LSCE_20139,260,5,6390529.444,1975908.56,383.5873108,20,27,1,1,1,1,1,1,1,1,1,1,1
LSCE_20139,260,6,6390529.444,1975908.56,383.5873108,27,33,1,1,1,1,1,1,1,1,1,1,1
LSCE_20139,260,7,6390529.444,1975908.56,383.5873108,33,36,0,1,1,1,1,1,1,1,1,1,1
LSCE_20139,260,8,6390529.444,1975908.56,383.5873108,36,37,0,1,1,1,1,1,1,1,1,1,1
LSCE_20139,260,9,6390529.444,1975908.56,383.5873108,37,44,1,1,1,1,1,1,1,1,1,1,1
LSCE_20139,260,10,6390529.444,1975908.56,383.5873108,44,51,1,1,1,1,1,1,1,1,1,1,1
LSCE_20139,260,11,6390529.444,1975908.56,383.5873108,51,53,0,1,1,1,1,1,1,1,1,1,1
LSCE_20139,260,12,6390529.444,1975908.56,383.5873108,53,55,0,1,1,1,1,1,1,1,1,1,1
LSCE_20139,260,13,6390529.444,1975908.56,383.5873108,55,57,1,1,1,1,1,1,1,1,1,1,1
LSCE_20139,260,14,6390529.444,1975908.56,383.5873108,57,60,1,1,1,1,1,1,1,1,1,1,1
LSCE_20139,260,15,6390529.444,1975908.56,383.5873108,60,63,1,1,1,1,1,1,1,1,1,1,1
LSCE_20139,260,16,6390529.444,1975908.56,383.5873108,63,65,0,1,1,1,1,1,1,1,1,1,1
LSCE_20140,261,1,6391639.099,1972628.237,617.4124756,0,5,0,1,1,1,1,1,1,1,1,1,1
LSCE_20140,261,2,6391639.099,1972628.237,617.4124756,5,20,0,1,1,1,1,1,1,1,1,1,1
LSCE_20140,261,3,6391639.099,1972628.237,617.4124756,20,30,1,1,1,1,1,1,1,1,1,1,1
LSCE_20140,261,4,6391639.099,1972628.237,617.4124756,30,60,1,1,1,1,1,1,1,1,1,1,1
LSCE_20140,261,5,6391639.099,1972628.237,617.4124756,60,80,1,1,1,1,1,1,1,1,1,1,1
LSCE_20140,261,6,6391639.099,1972628.237,617.4124756,80,130,1,1,1,1,1,1,1,1,1,1,1
LSCE_20140,261,7,6391639.099,1972628.237,617.4124756,130,140,0,1,1,1,1,1,1,1,1,1,1
LSCE_20141,262,1,6390135.402,1973683.133,508.2146301,0,1,0,1,1,1,1,1,1,1,1,1,1
LSCE_20141,262,2,6390135.402,1973683.133,508.2146301,1,12,0,1,1,1,1,1,1,1,1,1,1
LSCE_20141,262,3,6390135.402,1973683.133,508.2146301,12,23,1,1,1,1,1,1,1,1,1,1,1
LSCE_20141,262,4,6390135.402,1973683.133,508.2146301,23,26,0,1,1,1,1,1,1,1,1,1,1
LSCE_20141,262,5,6390135.402,1973683.133,508.2146301,26,40,0,1,1,1,1,1,1,1,1,1,1
LSCE_20141,262,6,6390135.402,1973683.133,508.2146301,40,46,0,1,1,1,1,1,1,1,1,1,1
LSCE_20141,262,7,6390135.402,1973683.133,508.2146301,46,57,1,1,1,1,1,1,1,1,1,1,1
LSCE_20141,262,8,6390135.402,1973683.133,508.2146301,57,58,0,1,1,1,1,1,1,1,1,1,1
LSCE_20141,262,9,6390135.402,1973683.133,508.2146301,58,60,1,1,1,1,1,1,1,1,1,1,1
LSCE_20141,262,10,6390135.402,1973683.133,508.2146301,60,64,1,1,1,1,1,1,1,1,1,1,1
LSCE_20141,262,11,6390135.402,1973683.133,508.2146301,64,90,1,1,1,1,1,1,1,1,1,1,1
LSCE_20141,262,12,6390135.402,1973683.133,508.2146301,90,95,0,1,1,1,1,1,1,1,1,1,1
LSCE_20141,262,13,6390135.402,1973683.133,508.2146301,95,103,0,1,1,1,1,1,1,1,1,1,1
LSCE_20141,262,14,6390135.402,1973683.133,508.2146301,103,106,0,1,1,1,1,1,1,1,1,1,1
LSCE_20141,262,15,6390135.402,1973683.133,508.2146301,106,113,0,1,1,1,1,1,1,1,1,1,1
LSCE_20141,262,16,6390135.402,1973683.133,508.2146301,113,152,1,1,1,1,1,1,1,1,1,1,1
LSCE_20141,262,17,6390135.402,1973683.133,508.2146301,152,156,0,1,1,1,1,1,1,1,1,1,1
LSCE_20141,262,18,6390135.402,1973683.133,508.2146301,156,178,0,1,1,1,1,1,1,1,1,1,1
LSCE_20141,262,19,6390135.402,1973683.133,508.2146301,178,183,0,1,1,1,1,1,1,1,1,1,1
LSCE_20142,263,1,6387819.663,1975065.977,673.7918701,0,1,0,1,1,1,1,1,1,1,1,1,1
LSCE_20142,263,2,6387819.663,1975065.977,673.7918701,1,35,1,1,1,1,1,1,1,1,1,1,1
LSCE_20142,263,3,6387819.663,1975065.977,673.7918701,35,50,0,1,1,1,1,1,1,1,1,1,1
LSCE_20142,263,4,6387819.663,1975065.977,673.7918701,50,102,0,1,1,1,1,1,1,1,1,1,1
LSCE_20143,264,1,6384021.604,1975388.734,621.6010742,0,25,0,1,1,1,1,1,1,1,1,1,1
LSCE_20144,265,1,6393859.139,1977162.389,381.5306396,0,2,0,1,1,1,1,1,1,1,1,1,1
LSCE_20144,265,2,6393859.139,1977162.389,381.5306396,2,20,0,1,1,1,1,1,1,1,1,1,1
LSCE_20144,265,3,6393859.139,1977162.389,381.5306396,20,30,1,1,1,1,1,1,1,1,1,1,1
LSCE_20144,265,4,6393859.139,1977162.389,381.5306396,30,50,1,1,1,1,1,1,1,1,1,1,1
LSCE_20144,265,5,6393859.139,1977162.389,381.5306396,50,70,1,1,1,1,1,1,1,1,1,1,1
LSCE_20144,265,6,6393859.139,1977162.389,381.5306396,70,90,1,1,1,1,1,1,1,1,1,1,1
LSCE_20145,266,1,6387952.293,1977326.01,398.881012,0,6,0,1,1,1,1,1,1,1,1,1,1
LSCE_20145,266,2,6387952.293,1977326.01,398.881012,6,8,1,1,1,1,1,1,1,1,1,1,1
LSCE_20145,266,3,6387952.293,1977326.01,398.881012,8,21,0,1,1,1,1,1,1,1,1,1,1
LSCE_20145,266,4,6387952.293,1977326.01,398.881012,21,26,1,1,1,1,1,1,1,1,1,1,1
LSCE_20145,266,5,6387952.293,1977326.01,398.881012,26,29,0,1,1,1,1,1,1,1,1,1,1
LSCE_20145,266,6,6387952.293,1977326.01,398.881012,29,32,1,1,1,1,1,1,1,1,1,1,1
LSCE_20146,267,1,6396249.801,1975468.336,367.0388794,0,6,0,1,1,1,1,1,1,1,1,1,1
LSCE_20146,267,2,6396249.801,1975468.336,367.0388794,6,10,1,1,1,1,1,1,1,1,1,1,1
LSCE_20147,268,1,6396411.283,1977028.176,377.9224243,0,6,0,1,1,1,1,1,1,1,1,1,1
LSCE_20147,268,2,6396411.283,1977028.176,377.9224243,6,18,1,1,1,1,1,1,1,1,1,1,1
LSCE_20148,269,1,6396578.059,1974890.5,363.6351013,0,6,0,1,1,1,1,1,1,1,1,1,1
LSCE_20148,269,2,6396578.059,1974890.5,363.6351013,6,10,0,1,1,1,1,1,1,1,1,1,1
LSCE_20148,269,3,6396578.059,1974890.5,363.6351013,10,14,1,1,1,1,1,1,1,1,1,1,1
LSCE_20148,269,4,6396578.059,1974890.5,363.6351013,14,21,0,1,1,1,1,1,1,1,1,1,1
LSCE_20148,269,5,6396578.059,1974890.5,363.6351013,21,29,0,1,1,1,1,1,1,1,1,1,1
LSCE_20148,269,6,6396578.059,1974890.5,363.6351013,29,40,1,1,1,1,1,1,1,1,1,1,1
LSCE_20148,269,7,6396578.059,1974890.5,363.6351013,40,85,0,1,1,1,1,1,1,1,1,1,1
LSCE_20148,269,8,6396578.059,1974890.5,363.6351013,85,91,0,1,1,1,1,1,1,1,1,1,1
LSCE_20148,269,9,6396578.059,1974890.5,363.6351013,91,98,0,1,1,1,1,1,1,1,1,1,1
LSCE_20148,269,10,6396578.059,1974890.5,363.6351013,98,100,0,1,1,1,1,1,1,1,1,1,1
LSCE_20149,270,1,6396398.223,1974562,359.9313354,0,12,0,1,1,1,1,1,1,1,1,1,1
LSCE_20149,270,2,6396398.223,1974562,359.9313354,12,15,0,1,1,1,1,1,1,1,1,1,1
LSCE_20149,270,3,6396398.223,1974562,359.9313354,15,27,0,1,1,1,1,1,1,1,1,1,1
LSCE_20149,270,4,6396398.223,1974562,359.9313354,27,33,1,1,1,1,1,1,1,1,1,1,1
LSCE_20149,270,5,6396398.223,1974562,359.9313354,33,40,0,1,1,1,1,1,1,1,1,1,1
LSCE_20149,270,6,6396398.223,1974562,359.9313354,40,52,0,1,1,1,1,1,1,1,1,1,1
LSCE_20149,270,7,6396398.223,1974562,359.9313354,52,53,1,1,1,1,1,1,1,1,1,1,1
LSCE_20149,270,8,6396398.223,1974562,359.9313354,53,60,1,1,1,1,1,1,1,1,1,1,1
LSCE_20149,270,9,6396398.223,1974562,359.9313354,60,65,0,1,1,1,1,1,1,1,1,1,1
LSCE_20149,270,10,6396398.223,1974562,359.9313354,65,93,1,1,1,1,1,1,1,1,1,1,1
LSCE_20149,270,11,6396398.223,1974562,359.9313354,93,99,0,1,1,1,1,1,1,1,1,1,1
LSCE_20149,270,12,6396398.223,1974562,359.9313354,99,110,0,1,1,1,1,1,1,1,1,1,1
LSCE_20149,270,13,6396398.223,1974562,359.9313354,110,128,0,1,1,1,1,1,1,1,1,1,1
LSCE_20149,270,14,6396398.223,1974562,359.9313354,128,130,0,1,1,1,1,1,1,1,1,1,1
LSCE_20149,270,15,6396398.223,1974562,359.9313354,130,143,0,1,1,1,1,1,1,1,1,1,1
LSCE_20149,270,16,6396398.223,1974562,359.9313354,143,150,0,1,1,1,1,1,1,1,1,1,1
LSCE_20149,270,17,6396398.223,1974562,359.9313354,150,155,0,1,1,1,1,1,1,1,1,1,1
LSCE_20149,270,18,6396398.223,1974562,359.9313354,155,158,0,1,1,1,1,1,1,1,1,1,1
LSCE_20149,270,19,6396398.223,1974562,359.9313354,158,170,0,1,1,1,1,1,1,1,1,1,1
LSCE_20149,270,20,6396398.223,1974562,359.9313354,170,177,0,1,1,1,1,1,1,1,1,1,1
LSCE_20149,270,21,6396398.223,1974562,359.9313354,177,225,0,1,1,1,1,1,1,1,1,1,1
LSCE_20150,271,1,6393506.65,1972684.676,406.7442017,0,10,1,1,1,1,1,1,1,1,1,1,1
LSCE_20150,271,2,6393506.65,1972684.676,406.7442017,10,13,0,1,1,1,1,1,1,1,1,1,1
LSCE_20150,271,3,6393506.65,1972684.676,406.7442017,13,16,1,1,1,1,1,1,1,1,1,1,1
LSCE_20150,271,4,6393506.65,1972684.676,406.7442017,16,19,0,1,1,1,1,1,1,1,1,1,1
LSCE_20150,271,5,6393506.65,1972684.676,406.7442017,19,28,1,1,1,1,1,1,1,1,1,1,1
LSCE_20151,272,1,6392940.294,1971078.693,652.6174927,0,3,0,1,1,1,1,1,1,1,1,1,1
LSCE_20151,272,2,6392940.294,1971078.693,652.6174927,3,16,0,1,1,1,1,1,1,1,1,1,1
LSCE_20151,272,3,6392940.294,1971078.693,652.6174927,16,22,0,1,1,1,1,1,1,1,1,1,1
LSCE_20151,272,4,6392940.294,1971078.693,652.6174927,22,38,0,1,1,1,1,1,1,1,1,1,1
LSCE_20151,272,5,6392940.294,1971078.693,652.6174927,38,41,0,1,1,1,1,1,1,1,1,1,1
LSCE_20151,272,6,6392940.294,1971078.693,652.6174927,41,43,0,1,1,1,1,1,1,1,1,1,1
LSCE_20151,272,7,6392940.294,1971078.693,652.6174927,43,48,0,1,1,1,1,1,1,1,1,1,1
LSCE_20152,273,1,6396147.678,1969475.293,656.5551147,0,25,0,1,1,1,1,1,1,1,1,1,1
LSCE_20154,274,1,6416813.497,1971940.486,934.0098877,0,3,0,1,1,1,1,1,1,1,1,1,1
LSCE_20155,275,1,6413971.545,1968620.21,300.7134705,0,10,1,1,1,1,1,1,1,1,1,1,1
LSCE_20155,275,2,6413971.545,1968620.21,300.7134705,10,20,0,1,1,1,1,1,1,1,1,1,1
LSCE_20155,275,3,6413971.545,1968620.21,300.7134705,20,27,1,1,1,1,1,1,1,1,1,1,1
LSCE_20155,275,4,6413971.545,1968620.21,300.7134705,27,30,1,1,1,1,1,1,1,1,1,1,1
LSCE_20155,275,5,6413971.545,1968620.21,300.7134705,30,90,0,1,1,1,1,1,1,1,1,1,1
LSCE_20155,275,6,6413971.545,1968620.21,300.7134705,90,110,0,1,1,1,1,1,1,1,1,1,1
LSCE_20156,276,1,6413127.815,1972051.419,350.0346069,0,17,1,1,1,1,1,1,1,1,1,1,1
LSCE_20157,277,1,6405214.155,1971709.505,415.3018494,0,3,0,1,1,1,1,1,1,1,1,1,1
LSCE_20158,278,1,6406759.528,1968485.28,303.8839111,0,18,0,1,1,1,1,1,1,1,1,1,1
LSCE_20158,278,2,6406759.528,1968485.28,303.8839111,18,43,0,1,1,1,1,1,1,1,1,1,1
LSCE_20158,278,3,6406759.528,1968485.28,303.8839111,43,60,0,1,1,1,1,1,1,1,1,1,1
LSCE_20159,279,1,6403056.949,1972124.039,343.3515015,0,2,0,1,1,1,1,1,1,1,1,1,1
LSCE_20159,279,2,6403056.949,1972124.039,343.3515015,2,20,1,1,1,1,1,1,1,1,1,1,1
LSCE_20160,280,1,6403605.202,1972510.655,380.3630676,0,25,0,1,1,1,1,1,1,1,1,1,1
LSCE_20161,281,1,6402820.391,1968553.348,317.1455383,0,1,0,1,1,1,1,1,1,1,1,1,1
LSCE_20161,281,2,6402820.391,1968553.348,317.1455383,1,4,0,1,1,1,1,1,1,1,1,1,1
LSCE_20161,281,3,6402820.391,1968553.348,317.1455383,4,8,0,1,1,1,1,1,1,1,1,1,1
LSCE_20161,281,4,6402820.391,1968553.348,317.1455383,8,10,0,1,1,1,1,1,1,1,1,1,1
LSCE_20161,281,5,6402820.391,1968553.348,317.1455383,10,14,1,1,1,1,1,1,1,1,1,1,1
LSCE_20161,281,6,6402820.391,1968553.348,317.1455383,14,18,1,1,1,1,1,1,1,1,1,1,1
LSCE_20161,281,7,6402820.391,1968553.348,317.1455383,18,48,1,1,1,1,1,1,1,1,1,1,1
LSCE_20161,281,8,6402820.391,1968553.348,317.1455383,48,53,1,1,1,1,1,1,1,1,1,1,1
LSCE_20161,281,9,6402820.391,1968553.348,317.1455383,53,161,1,1,1,1,1,1,1,1,1,1,1
LSCE_20161,281,10,6402820.391,1968553.348,317.1455383,161,190,1,1,1,1,1,1,1,1,1,1,1
LSCE_20163,282,1,6397787.714,1972315.481,344.7688599,0,6,0,1,1,1,1,1,1,1,1,1,1
LSCE_20163,282,2,6397787.714,1972315.481,344.7688599,6,18,1,1,1,1,1,1,1,1,1,1,1
LSCE_20163,282,3,6397787.714,1972315.481,344.7688599,18,31,0,1,1,1,1,1,1,1,1,1,1
LSCE_20163,282,4,6397787.714,1972315.481,344.7688599,31,63,1,1,1,1,1,1,1,1,1,1,1
LSCE_20163,282,5,6397787.714,1972315.481,344.7688599,63,66,0,1,1,1,1,1,1,1,1,1,1
LSCE_20163,282,6,6397787.714,1972315.481,344.7688599,66,71,1,1,1,1,1,1,1,1,1,1,1
LSCE_20163,282,7,6397787.714,1972315.481,344.7688599,71,79,0,1,1,1,1,1,1,1,1,1,1
LSCE_20166,283,1,6398138.81,1968104.576,491.7449646,0,20,1,1,1,1,1,1,1,1,1,1,1
LSCE_20168,284,1,6407585.176,1967117.058,302.0897217,0,10,0,1,1,1,1,1,1,1,1,1,1
LSCE_20168,284,2,6407585.176,1967117.058,302.0897217,10,15,1,1,1,1,1,1,1,1,1,1,1
LSCE_20168,284,3,6407585.176,1967117.058,302.0897217,15,27,0,1,1,1,1,1,1,1,1,1,1
LSCE_20168,284,4,6407585.176,1967117.058,302.0897217,27,50,1,1,1,1,1,1,1,1,1,1,1
LSCE_20168,284,5,6407585.176,1967117.058,302.0897217,50,75,0,1,1,1,1,1,1,1,1,1,1
LSCE_20168,284,6,6407585.176,1967117.058,302.0897217,75,80,1,1,1,1,1,1,1,1,1,1,1
LSCE_20168,284,7,6407585.176,1967117.058,302.0897217,80,140,0,1,1,1,1,1,1,1,1,1,1
LSCE_20168,284,8,6407585.176,1967117.058,302.0897217,140,155,1,1,1,1,1,1,1,1,1,1,1
LSCE_20168,284,9,6407585.176,1967117.058,302.0897217,155,170,1,1,1,1,1,1,1,1,1,1,1
LSCE_20169,285,1,6409271.805,1964070.4,545.006958,0,25,0,1,1,1,1,1,1,1,1,1,1
LSCE_20169,285,2,6409271.805,1964070.4,545.006958,25,75,0,1,1,1,1,1,1,1,1,1,1
LSCE_20169,285,3,6409271.805,1964070.4,545.006958,75,200,1,1,1,1,1,1,1,1,1,1,1
LSCE_20169,285,4,6409271.805,1964070.4,545.006958,200,225,1,1,1,1,1,1,1,1,1,1,1
LSCE_20170,286,1,6411346.653,1965694.971,291.9269104,0,30,0,1,1,1,1,1,1,1,1,1,1
LSCE_20170,286,2,6411346.653,1965694.971,291.9269104,30,60,1,1,1,1,1,1,1,1,1,1,1
LSCE_20170,286,3,6411346.653,1965694.971,291.9269104,60,120,1,1,1,1,1,1,1,1,1,1,1
LSCE_20170,286,4,6411346.653,1965694.971,291.9269104,120,190,1,1,1,1,1,1,1,1,1,1,1
LSCE_20170,286,5,6411346.653,1965694.971,291.9269104,190,220,1,1,1,1,1,1,1,1,1,1,1
LSCE_20170,286,6,6411346.653,1965694.971,291.9269104,220,245,1,1,1,1,1,1,1,1,1,1,1
LSCE_20170,286,7,6411346.653,1965694.971,291.9269104,245,260,0,1,1,1,1,1,1,1,1,1,1
LSCE_20171,287,1,6411222.392,1964680.074,307.6534119,0,17,0,1,1,1,1,1,1,1,1,1,1
LSCE_20171,287,2,6411222.392,1964680.074,307.6534119,17,40,0,1,1,1,1,1,1,1,1,1,1
LSCE_20173,288,1,6387080.914,1985633.917,474.9669495,0,2,0,1,1,1,1,1,1,1,1,1,1
LSCE_20173,288,2,6387080.914,1985633.917,474.9669495,2,10,1,1,1,1,1,1,1,1,1,1,1
LSCE_20173,288,3,6387080.914,1985633.917,474.9669495,10,20,0,1,1,1,1,1,1,1,1,1,1
LSCE_20174,289,1,6391790.289,1984075.866,627.8669434,0,45,0,1,1,1,1,1,1,1,1,1,1
LSCE_20174,289,2,6391790.289,1984075.866,627.8669434,45,55,0,1,1,1,1,1,1,1,1,1,1
LSCE_20175,290,1,6387261.437,1980752.233,427.3917542,0,2,0,1,1,1,1,1,1,1,1,1,1
LSCE_20175,290,2,6387261.437,1980752.233,427.3917542,2,16,0,1,1,1,1,1,1,1,1,1,1
LSCE_20175,290,3,6387261.437,1980752.233,427.3917542,16,24,1,1,1,1,1,1,1,1,1,1,1
LSCE_20175,290,4,6387261.437,1980752.233,427.3917542,24,42,1,1,1,1,1,1,1,1,1,1,1
LSCE_20175,290,5,6387261.437,1980752.233,427.3917542,42,95,1,1,1,1,1,1,1,1,1,1,1
LSCE_20175,290,6,6387261.437,1980752.233,427.3917542,95,120,1,1,1,1,1,1,1,1,1,1,1
LSCE_20175,290,7,6387261.437,1980752.233,427.3917542,120,131,1,1,1,1,1,1,1,1,1,1,1
LSCE_20175,290,8,6387261.437,1980752.233,427.3917542,131,138,0,1,1,1,1,1,1,1,1,1,1
LSCE_20175,290,9,6387261.437,1980752.233,427.3917542,138,155,1,1,1,1,1,1,1,1,1,1,1
LSCE_20176,291,1,6390988.095,1982799.3,420.5622559,0,15,0,1,1,1,1,1,1,1,1,1,1
LSCE_20177,292,1,6387894.523,1979012.887,412.9538574,0,3,0,1,1,1,1,1,1,1,1,1,1
LSCE_20177,292,2,6387894.523,1979012.887,412.9538574,3,18,0,1,1,1,1,1,1,1,1,1,1
LSCE_20177,292,3,6387894.523,1979012.887,412.9538574,18,50,0,1,1,1,1,1,1,1,1,1,1
LSCE_20178,293,1,6387912.13,1980905.609,423.9319153,0,14,0,1,1,1,1,1,1,1,1,1,1
LSCE_20179,294,1,6390656.819,1978878.359,394.8757935,0,3,0,1,1,1,1,1,1,1,1,1,1
LSCE_20179,294,2,6390656.819,1978878.359,394.8757935,3,59,1,1,1,1,1,1,1,1,1,1,1
LSCE_20179,294,3,6390656.819,1978878.359,394.8757935,59,63,0,1,1,1,1,1,1,1,1,1,1
LSCE_20179,294,4,6390656.819,1978878.359,394.8757935,63,69,1,1,1,1,1,1,1,1,1,1,1
LSCE_20179,294,5,6390656.819,1978878.359,394.8757935,69,73,0,1,1,1,1,1,1,1,1,1,1
LSCE_20180,295,1,6382601.045,1981672.429,470.6818848,0,4,0,1,1,1,1,1,1,1,1,1,1
LSCE_20180,295,2,6382601.045,1981672.429,470.6818848,4,10,1,1,1,1,1,1,1,1,1,1,1
LSCE_20180,295,3,6382601.045,1981672.429,470.6818848,10,15,1,1,1,1,1,1,1,1,1,1,1
LSCE_20182,296,1,6386569.701,1978662.192,410.1921997,0,15,0,1,1,1,1,1,1,1,1,1,1
LSCE_20182,296,2,6386569.701,1978662.192,410.1921997,15,49,1,1,1,1,1,1,1,1,1,1,1
LSCE_20182,296,3,6386569.701,1978662.192,410.1921997,49,77,0,1,1,1,1,1,1,1,1,1,1
LSCE_20182,296,4,6386569.701,1978662.192,410.1921997,77,105,1,1,1,1,1,1,1,1,1,1,1
LSCE_20182,296,5,6386569.701,1978662.192,410.1921997,105,125,1,1,1,1,1,1,1,1,1,1,1
LSCE_20183,297,1,6384169.717,1982508.735,478.7172546,0,4,0,1,1,1,1,1,1,1,1,1,1
LSCE_20183,297,2,6384169.717,1982508.735,478.7172546,4,12,1,1,1,1,1,1,1,1,1,1,1
LSCE_20184,298,1,6414477.734,1970364.664,390.1155396,0,1,0,1,1,1,1,1,1,1,1,1,1
LSCE_20185,299,1,6416029.805,1967902.669,368.1334534,0,2,0,1,1,1,1,1,1,1,1,1,1
LSCE_20185,299,2,6416029.805,1967902.669,368.1334534,2,5,1,1,1,1,1,1,1,1,1,1,1
LSCE_20186,300,1,6407590.537,1968310.526,301.6286316,0,8,0,1,1,1,1,1,1,1,1,1,1
LSCE_20186,300,2,6407590.537,1968310.526,301.6286316,8,28,0,1,1,1,1,1,1,1,1,1,1
LSCE_20186,300,3,6407590.537,1968310.526,301.6286316,28,78,1,1,1,1,1,1,1,1,1,1,1
LSCE_20187,301,1,6403561.831,1971345.062,333.1762695,0,4,0,1,1,1,1,1,1,1,1,1,1
LSCE_20187,301,2,6403561.831,1971345.062,333.1762695,4,18,1,1,1,1,1,1,1,1,1,1,1
LSCE_20187,301,3,6403561.831,1971345.062,333.1762695,18,31,0,1,1,1,1,1,1,1,1,1,1
LSCE_20188,302,1,6402000.946,1972771.473,347.6784668,0,7,0,1,1,1,1,1,1,1,1,1,1
LSCE_20188,302,2,6402000.946,1972771.473,347.6784668,7,20,0,1,1,1,1,1,1,1,1,1,1
LSCE_20188,302,3,6402000.946,1972771.473,347.6784668,20,45,0,1,1,1,1,1,1,1,1,1,1
LSCE_20188,302,4,6402000.946,1972771.473,347.6784668,45,52,0,1,1,1,1,1,1,1,1,1,1
LSCE_20188,302,5,6402000.946,1972771.473,347.6784668,52,63,0,1,1,1,1,1,1,1,1,1,1
LSCE_20188,302,6,6402000.946,1972771.473,347.6784668,63,88,0,1,1,1,1,1,1,1,1,1,1
LSCE_20188,302,7,6402000.946,1972771.473,347.6784668,88,98,1,1,1,1,1,1,1,1,1,1,1
LSCE_20188,302,8,6402000.946,1972771.473,347.6784668,98,120,0,1,1,1,1,1,1,1,1,1,1
LSCE_20189,303,1,6405820.046,1970809.113,323.1915894,0,5,0,1,1,1,1,1,1,1,1,1,1
LSCE_20189,303,2,6405820.046,1970809.113,323.1915894,5,8,0,1,1,1,1,1,1,1,1,1,1
LSCE_20189,303,3,6405820.046,1970809.113,323.1915894,8,16,0,1,1,1,1,1,1,1,1,1,1
LSCE_20189,303,4,6405820.046,1970809.113,323.1915894,16,20,1,1,1,1,1,1,1,1,1,1,1
LSCE_20189,303,5,6405820.046,1970809.113,323.1915894,20,42,0,1,1,1,1,1,1,1,1,1,1
LSCE_20189,303,6,6405820.046,1970809.113,323.1915894,42,62,0,1,1,1,1,1,1,1,1,1,1
LSCE_20189,303,7,6405820.046,1970809.113,323.1915894,62,80,0,1,1,1,1,1,1,1,1,1,1
LSCE_20189,303,8,6405820.046,1970809.113,323.1915894,80,85,1,1,1,1,1,1,1,1,1,1,1
LSCE_20190,304,1,6406173.115,1971498.696,420.4528198,0,20,0,1,1,1,1,1,1,1,1,1,1
LSCE_20191,305,1,6407316.396,1970429.383,309.163147,0,20,0,1,1,1,1,1,1,1,1,1,1
LSCE_20191,305,2,6407316.396,1970429.383,309.163147,20,38,0,1,1,1,1,1,1,1,1,1,1
LSCE_20192,306,1,6403872.299,1967891.963,313.2484131,0,24,0,1,1,1,1,1,1,1,1,1,1
LSCE_20192,306,2,6403872.299,1967891.963,313.2484131,24,55,1,1,1,1,1,1,1,1,1,1,1
LSCE_20192,306,3,6403872.299,1967891.963,313.2484131,55,65,0,1,1,1,1,1,1,1,1,1,1
LSCE_20192,306,4,6403872.299,1967891.963,313.2484131,65,140,1,1,1,1,1,1,1,1,1,1,1
LSCE_20192,306,5,6403872.299,1967891.963,313.2484131,140,148,0,1,1,1,1,1,1,1,1,1,1
LSCE_20192,306,6,6403872.299,1967891.963,313.2484131,148,215,1,1,1,1,1,1,1,1,1,1,1
LSCE_20193,307,1,6406578.5,1970989.085,454.7357483,0,60,0,1,1,1,1,1,1,1,1,1,1
LSCE_20193,307,2,6406578.5,1970989.085,454.7357483,60,160,0,1,1,1,1,1,1,1,1,1,1
LSCE_20194,308,1,6397390.851,1972709.292,346.9866943,0,5,0,1,1,1,1,1,1,1,1,1,1
LSCE_20194,308,2,6397390.851,1972709.292,346.9866943,5,23,0,1,1,1,1,1,1,1,1,1,1
LSCE_20194,308,3,6397390.851,1972709.292,346.9866943,23,52,1,1,1,1,1,1,1,1,1,1,1
LSCE_20194,308,4,6397390.851,1972709.292,346.9866943,52,65,0,1,1,1,1,1,1,1,1,1,1
LSCE_20194,308,5,6397390.851,1972709.292,346.9866943,65,71,0,1,1,1,1,1,1,1,1,1,1
LSCE_20195,309,1,6420618.605,1952724.14,238.4563446,0,12,0,1,1,1,1,1,1,1,1,1,1
LSCE_20195,309,2,6420618.605,1952724.14,238.4563446,12,29,1,1,1,1,1,1,1,1,1,1,1
LSCE_20196,310,1,6398714.891,1968813.526,588.062439,0,20,1,1,1,1,1,1,1,1,1,1,1
LSCE_20197,311,1,6411463.754,1972530.626,343.1920776,0,30,1,1,1,1,1,1,1,1,1,1,1
LSCE_20197,311,2,6411463.754,1972530.626,343.1920776,30,75,1,1,1,1,1,1,1,1,1,1,1
LSCE_20197,311,3,6411463.754,1972530.626,343.1920776,75,90,0,1,1,1,1,1,1,1,1,1,1
LSCE_20198,312,1,6423438.117,1953222.622,227.6637878,0,22,0,1,1,1,1,1,1,1,1,1,1
LSCE_20198,312,2,6423438.117,1953222.622,227.6637878,22,50,1,1,1,1,1,1,1,1,1,1,1
LSCE_20198,312,3,6423438.117,1953222.622,227.6637878,50,75,0,1,1,1,1,1,1,1,1,1,1
LSCE_20198,312,4,6423438.117,1953222.622,227.6637878,75,105,1,1,1,1,1,1,1,1,1,1,1
LSCE_20198,312,5,6423438.117,1953222.622,227.6637878,105,215,0,1,1,1,1,1,1,1,1,1,1
LSCE_20198,312,6,6423438.117,1953222.622,227.6637878,215,225,1,1,1,1,1,1,1,1,1,1,1
LSCE_20198,312,7,6423438.117,1953222.622,227.6637878,225,310,0,1,1,1,1,1,1,1,1,1,1
LSCE_20198,312,8,6423438.117,1953222.622,227.6637878,310,320,1,1,1,1,1,1,1,1,1,1,1
LSCE_20198,312,9,6423438.117,1953222.622,227.6637878,320,350,0,1,1,1,1,1,1,1,1,1,1
LSCE_20200,313,1,6418414.475,1961086.204,260.7160034,0,15,0,1,1,1,1,1,1,1,1,1,1
LSCE_20200,313,2,6418414.475,1961086.204,260.7160034,15,25,0,1,1,1,1,1,1,1,1,1,1
LSCE_20200,313,3,6418414.475,1961086.204,260.7160034,25,80,1,1,1,1,1,1,1,1,1,1,1
LSCE_20200,313,4,6418414.475,1961086.204,260.7160034,80,220,1,1,1,1,1,1,1,1,1,1,1
LSCE_20201,314,1,6408348.894,1967620.7,299.250946,0,3,0,1,1,1,1,1,1,1,1,1,1
LSCE_20201,314,2,6408348.894,1967620.7,299.250946,3,160,1,1,1,1,1,1,1,1,1,1,1
LSCE_20201,314,3,6408348.894,1967620.7,299.250946,160,165,0,1,1,1,1,1,1,1,1,1,1
LSCE_20201,314,4,6408348.894,1967620.7,299.250946,165,225,1,1,1,1,1,1,1,1,1,1,1
LSCE_20201,314,5,6408348.894,1967620.7,299.250946,225,230,0,1,1,1,1,1,1,1,1,1,1
LSCE_20201,314,6,6408348.894,1967620.7,299.250946,230,268,1,1,1,1,1,1,1,1,1,1,1
LSCE_20201,314,7,6408348.894,1967620.7,299.250946,268,310,0,1,1,1,1,1,1,1,1,1,1
LSCE_20201,314,8,6408348.894,1967620.7,299.250946,310,320,1,1,1,1,1,1,1,1,1,1,1
LSCE_20201,314,9,6408348.894,1967620.7,299.250946,320,340,1,1,1,1,1,1,1,1,1,1,1
LSCE_20201,314,10,6408348.894,1967620.7,299.250946,340,360,0,1,1,1,1,1,1,1,1,1,1
LSCE_20201,314,11,6408348.894,1967620.7,299.250946,360,388,1,1,1,1,1,1,1,1,1,1,1
LSCE_20201,314,12,6408348.894,1967620.7,299.250946,388,400,0,1,1,1,1,1,1,1,1,1,1
LSCE_20202,315,1,6413778.998,1971778.753,358.7773438,0,30,1,1,1,1,1,1,1,1,1,1,1
LSCE_20202,315,2,6413778.998,1971778.753,358.7773438,30,50,1,1,1,1,1,1,1,1,1,1,1
LSCE_20203,316,1,6412917.348,1969405.093,312.3374329,0,18,1,1,1,1,1,1,1,1,1,1,1
LSCE_20203,316,2,6412917.348,1969405.093,312.3374329,18,40,1,1,1,1,1,1,1,1,1,1,1
LSCE_20203,316,3,6412917.348,1969405.093,312.3374329,40,60,0,1,1,1,1,1,1,1,1,1,1
LSCE_20203,316,4,6412917.348,1969405.093,312.3374329,60,70,1,1,1,1,1,1,1,1,1,1,1
LSCE_20203,316,5,6412917.348,1969405.093,312.3374329,70,75,0,1,1,1,1,1,1,1,1,1,1
LSCE_20203,316,6,6412917.348,1969405.093,312.3374329,75,150,1,1,1,1,1,1,1,1,1,1,1
LSCE_20204,317,1,6412922.637,1974009.098,386.8848267,0,4,0,1,1,1,1,1,1,1,1,1,1
LSCE_20204,317,2,6412922.637,1974009.098,386.8848267,4,90,1,1,1,1,1,1,1,1,1,1,1
LSCE_20204,317,3,6412922.637,1974009.098,386.8848267,90,95,0,1,1,1,1,1,1,1,1,1,1
LSCE_20205,318,1,6403082.712,1969122.178,319.4599915,0,8,0,1,1,1,1,1,1,1,1,1,1
LSCE_20205,318,2,6403082.712,1969122.178,319.4599915,8,10,1,1,1,1,1,1,1,1,1,1,1
LSCE_20205,318,3,6403082.712,1969122.178,319.4599915,10,20,0,1,1,1,1,1,1,1,1,1,1
LSCE_20205,318,4,6403082.712,1969122.178,319.4599915,20,58,1,1,1,1,1,1,1,1,1,1,1
LSCE_20205,318,5,6403082.712,1969122.178,319.4599915,58,68,0,1,1,1,1,1,1,1,1,1,1
LSCE_20205,318,6,6403082.712,1969122.178,319.4599915,68,80,1,1,1,1,1,1,1,1,1,1,1
LSCE_20205,318,7,6403082.712,1969122.178,319.4599915,80,90,0,1,1,1,1,1,1,1,1,1,1
LSCE_20205,318,8,6403082.712,1969122.178,319.4599915,90,140,1,1,1,1,1,1,1,1,1,1,1
LSCE_20205,318,9,6403082.712,1969122.178,319.4599915,140,150,0,1,1,1,1,1,1,1,1,1,1
LSCE_20205,318,10,6403082.712,1969122.178,319.4599915,150,215,1,1,1,1,1,1,1,1,1,1,1
LSCE_20205,318,11,6403082.712,1969122.178,319.4599915,215,230,0,1,1,1,1,1,1,1,1,1,1
LSCE_20206,319,1,6398977.001,1970782.132,334.6380615,0,3,0,1,1,1,1,1,1,1,1,1,1
LSCE_20206,319,2,6398977.001,1970782.132,334.6380615,3,20,0,1,1,1,1,1,1,1,1,1,1
LSCE_20206,319,3,6398977.001,1970782.132,334.6380615,20,30,1,1,1,1,1,1,1,1,1,1,1
LSCE_20206,319,4,6398977.001,1970782.132,334.6380615,30,50,1,1,1,1,1,1,1,1,1,1,1
LSCE_20207,320,1,6406933.047,1967369.741,304.7041321,0,10,0,1,1,1,1,1,1,1,1,1,1
LSCE_20207,320,2,6406933.047,1967369.741,304.7041321,10,17,1,1,1,1,1,1,1,1,1,1,1
LSCE_20207,320,3,6406933.047,1967369.741,304.7041321,17,30,0,1,1,1,1,1,1,1,1,1,1
LSCE_20207,320,4,6406933.047,1967369.741,304.7041321,30,40,0,1,1,1,1,1,1,1,1,1,1
LSCE_20207,320,5,6406933.047,1967369.741,304.7041321,40,50,1,1,1,1,1,1,1,1,1,1,1
LSCE_20208,321,1,6405529.391,1967905.461,308.0385437,0,9,0,1,1,1,1,1,1,1,1,1,1
LSCE_20208,321,2,6405529.391,1967905.461,308.0385437,9,24,0,1,1,1,1,1,1,1,1,1,1
LSCE_20208,321,3,6405529.391,1967905.461,308.0385437,24,98,1,1,1,1,1,1,1,1,1,1,1
LSCE_20208,321,4,6405529.391,1967905.461,308.0385437,98,189,1,1,1,1,1,1,1,1,1,1,1
LSCE_20208,321,5,6405529.391,1967905.461,308.0385437,189,195,1,1,1,1,1,1,1,1,1,1,1
LSCE_20210,322,1,6425910.072,1959090.288,518.0963135,0,2,0,1,1,1,1,1,1,1,1,1,1
LSCE_20210,322,2,6425910.072,1959090.288,518.0963135,2,19,0,1,1,1,1,1,1,1,1,1,1
LSCE_20210,322,3,6425910.072,1959090.288,518.0963135,19,33,1,1,1,1,1,1,1,1,1,1,1
LSCE_20210,322,4,6425910.072,1959090.288,518.0963135,33,45,0,1,1,1,1,1,1,1,1,1,1
LSCE_20210,322,5,6425910.072,1959090.288,518.0963135,45,60,1,1,1,1,1,1,1,1,1,1,1
LSCE_20210,322,6,6425910.072,1959090.288,518.0963135,60,65,0,1,1,1,1,1,1,1,1,1,1
LSCE_20210,322,7,6425910.072,1959090.288,518.0963135,65,80,1,1,1,1,1,1,1,1,1,1,1
LSCE_20210,322,8,6425910.072,1959090.288,518.0963135,80,107,1,1,1,1,1,1,1,1,1,1,1
LSCE_20210,322,9,6425910.072,1959090.288,518.0963135,107,116,0,1,1,1,1,1,1,1,1,1,1
LSCE_20210,322,10,6425910.072,1959090.288,518.0963135,116,120,1,1,1,1,1,1,1,1,1,1,1
LSCE_20211,323,1,6416617.185,1967163.288,372.1469421,0,2,0,1,1,1,1,1,1,1,1,1,1
LSCE_20212,324,1,6415188.587,1966988.295,286.4620361,0,20,0,1,1,1,1,1,1,1,1,1,1
LSCE_20213,325,1,6414724.957,1967295.943,289.0750732,0,3,0,1,1,1,1,1,1,1,1,1,1
LSCE_20213,325,2,6414724.957,1967295.943,289.0750732,3,22,0,1,1,1,1,1,1,1,1,1,1
LSCE_20213,325,3,6414724.957,1967295.943,289.0750732,22,40,0,1,1,1,1,1,1,1,1,1,1
LSCE_20214,326,1,6417967.704,1967204.439,312.8864136,0,39,0,1,1,1,1,1,1,1,1,1,1
LSCE_20214,326,2,6417967.704,1967204.439,312.8864136,39,85,0,1,1,1,1,1,1,1,1,1,1
LSCE_20214,326,3,6417967.704,1967204.439,312.8864136,85,104,0,1,1,1,1,1,1,1,1,1,1
LSCE_20214,326,4,6417967.704,1967204.439,312.8864136,104,140,0,1,1,1,1,1,1,1,1,1,1
LSCE_20215,327,1,6418069.872,1965471.179,277.3350525,0,2,0,1,1,1,1,1,1,1,1,1,1
LSCE_20215,327,2,6418069.872,1965471.179,277.3350525,2,12,1,1,1,1,1,1,1,1,1,1,1
LSCE_20215,327,3,6418069.872,1965471.179,277.3350525,12,23,0,1,1,1,1,1,1,1,1,1,1
LSCE_20215,327,4,6418069.872,1965471.179,277.3350525,23,48,1,1,1,1,1,1,1,1,1,1,1
LSCE_20215,327,5,6418069.872,1965471.179,277.3350525,48,82,0,1,1,1,1,1,1,1,1,1,1
LSCE_20216,328,1,6412852.867,1965929.097,286.7524109,0,10,0,1,1,1,1,1,1,1,1,1,1
LSCE_20216,328,2,6412852.867,1965929.097,286.7524109,10,140,1,1,1,1,1,1,1,1,1,1,1
LSCE_20216,328,3,6412852.867,1965929.097,286.7524109,140,180,0,1,1,1,1,1,1,1,1,1,1
LSCE_20216,328,4,6412852.867,1965929.097,286.7524109,180,210,1,1,1,1,1,1,1,1,1,1,1
LSCE_20216,328,5,6412852.867,1965929.097,286.7524109,210,360,0,1,1,1,1,1,1,1,1,1,1
LSCE_20217,329,1,6413399.252,1966457.656,288.1940308,0,30,0,1,1,1,1,1,1,1,1,1,1
LSCE_20217,329,2,6413399.252,1966457.656,288.1940308,30,90,1,1,1,1,1,1,1,1,1,1,1
LSCE_20218,330,1,6414706.672,1968623.234,329.3647766,0,2,0,1,1,1,1,1,1,1,1,1,1
LSCE_20218,330,2,6414706.672,1968623.234,329.3647766,2,20,0,1,1,1,1,1,1,1,1,1,1
LSCE_20218,330,3,6414706.672,1968623.234,329.3647766,20,30,0,1,1,1,1,1,1,1,1,1,1
LSCE_20219,331,1,6417304.399,1965457.232,366.9627686,0,4,0,1,1,1,1,1,1,1,1,1,1
LSCE_20219,331,2,6417304.399,1965457.232,366.9627686,4,27,0,1,1,1,1,1,1,1,1,1,1
LSCE_20220,332,1,6479641.435,1896592.234,140.9765778,0,20,0,1,1,1,1,1,1,1,1,1,1
LSCE_20220,332,2,6479641.435,1896592.234,140.9765778,20,30,1,1,1,1,1,1,1,1,1,1,1
LSCE_20221,333,1,6416527.931,1964985.25,272.4445496,0,15,0,1,1,1,1,1,1,1,1,1,1
LSCE_20221,333,2,6416527.931,1964985.25,272.4445496,15,30,1,1,1,1,1,1,1,1,1,1,1
LSCE_20221,333,3,6416527.931,1964985.25,272.4445496,30,35,1,1,1,1,1,1,1,1,1,1,1
LSCE_20221,333,4,6416527.931,1964985.25,272.4445496,35,60,1,1,1,1,1,1,1,1,1,1,1
LSCE_20221,333,5,6416527.931,1964985.25,272.4445496,60,85,1,1,1,1,1,1,1,1,1,1,1
LSCE_20221,333,6,6416527.931,1964985.25,272.4445496,85,100,0,1,1,1,1,1,1,1,1,1,1
LSCE_20221,333,7,6416527.931,1964985.25,272.4445496,100,150,1,1,1,1,1,1,1,1,1,1,1
LSCE_20221,333,8,6416527.931,1964985.25,272.4445496,150,160,0,1,1,1,1,1,1,1,1,1,1
LSCE_20222,334,1,6415153.439,1964309.248,288.8468628,0,32,0,1,1,1,1,1,1,1,1,1,1
LSCE_20222,334,2,6415153.439,1964309.248,288.8468628,32,45,0,1,1,1,1,1,1,1,1,1,1
LSCE_20222,334,3,6415153.439,1964309.248,288.8468628,45,55,0,1,1,1,1,1,1,1,1,1,1
LSCE_20222,334,4,6415153.439,1964309.248,288.8468628,55,85,0,1,1,1,1,1,1,1,1,1,1
LSCE_20223,335,1,6412519.201,1966021.011,293.525177,0,7,1,1,1,1,1,1,1,1,1,1,1
LSCE_20223,335,2,6412519.201,1966021.011,293.525177,7,75,1,1,1,1,1,1,1,1,1,1,1
LSCE_20223,335,3,6412519.201,1966021.011,293.525177,75,150,1,1,1,1,1,1,1,1,1,1,1
LSCE_20223,335,4,6412519.201,1966021.011,293.525177,150,156,0,1,1,1,1,1,1,1,1,1,1
LSCE_20223,335,5,6412519.201,1966021.011,293.525177,156,208,1,1,1,1,1,1,1,1,1,1,1
LSCE_20223,335,6,6412519.201,1966021.011,293.525177,208,214,0,1,1,1,1,1,1,1,1,1,1
LSCE_20223,335,7,6412519.201,1966021.011,293.525177,214,230,1,1,1,1,1,1,1,1,1,1,1
LSCE_20223,335,8,6412519.201,1966021.011,293.525177,230,234,0,1,1,1,1,1,1,1,1,1,1
LSCE_20223,335,9,6412519.201,1966021.011,293.525177,234,238,0,1,1,1,1,1,1,1,1,1,1
LSCE_20223,335,10,6412519.201,1966021.011,293.525177,238,243,0,1,1,1,1,1,1,1,1,1,1
LSCE_20223,335,11,6412519.201,1966021.011,293.525177,243,270,1,1,1,1,1,1,1,1,1,1,1
LSCE_20223,335,12,6412519.201,1966021.011,293.525177,270,280,0,1,1,1,1,1,1,1,1,1,1
LSCE_20224,336,1,6415905.971,1964992.355,276.1329041,0,6,0,1,1,1,1,1,1,1,1,1,1
LSCE_20224,336,2,6415905.971,1964992.355,276.1329041,6,12,0,1,1,1,1,1,1,1,1,1,1
LSCE_20224,336,3,6415905.971,1964992.355,276.1329041,12,36,1,1,1,1,1,1,1,1,1,1,1
LSCE_20224,336,4,6415905.971,1964992.355,276.1329041,36,70,1,1,1,1,1,1,1,1,1,1,1
LSCE_20225,337,1,6415940.457,1964400.615,276.4205933,0,15,0,1,1,1,1,1,1,1,1,1,1
LSCE_20225,337,2,6415940.457,1964400.615,276.4205933,15,76,1,1,1,1,1,1,1,1,1,1,1
LSCE_20225,337,3,6415940.457,1964400.615,276.4205933,76,80,0,1,1,1,1,1,1,1,1,1,1
LSCE_20225,337,4,6415940.457,1964400.615,276.4205933,80,85,0,1,1,1,1,1,1,1,1,1,1
LSCE_20225,337,5,6415940.457,1964400.615,276.4205933,85,125,1,1,1,1,1,1,1,1,1,1,1
LSCE_20225,337,6,6415940.457,1964400.615,276.4205933,125,135,1,1,1,1,1,1,1,1,1,1,1
LSCE_20225,337,7,6415940.457,1964400.615,276.4205933,135,185,1,1,1,1,1,1,1,1,1,1,1
LSCE_20225,337,8,6415940.457,1964400.615,276.4205933,185,193,0,1,1,1,1,1,1,1,1,1,1
LSCE_20225,337,9,6415940.457,1964400.615,276.4205933,193,200,1,1,1,1,1,1,1,1,1,1,1
LSCE_20225,337,10,6415940.457,1964400.615,276.4205933,200,300,1,1,1,1,1,1,1,1,1,1,1
LSCE_20225,337,11,6415940.457,1964400.615,276.4205933,300,350,1,1,1,1,1,1,1,1,1,1,1
LSCE_20225,337,12,6415940.457,1964400.615,276.4205933,350,360,1,1,1,1,1,1,1,1,1,1,1
LSCE_20226,338,1,6415827.009,1966545.052,281.1896973,0,3,0,1,1,1,1,1,1,1,1,1,1
LSCE_20226,338,2,6415827.009,1966545.052,281.1896973,3,20,1,1,1,1,1,1,1,1,1,1,1
LSCE_20226,338,3,6415827.009,1966545.052,281.1896973,20,45,0,1,1,1,1,1,1,1,1,1,1
LSCE_20226,338,4,6415827.009,1966545.052,281.1896973,45,70,1,1,1,1,1,1,1,1,1,1,1
LSCE_20226,338,5,6415827.009,1966545.052,281.1896973,70,75,0,1,1,1,1,1,1,1,1,1,1
LSCE_20226,338,6,6415827.009,1966545.052,281.1896973,75,220,1,1,1,1,1,1,1,1,1,1,1
LSCE_20226,338,7,6415827.009,1966545.052,281.1896973,220,230,0,1,1,1,1,1,1,1,1,1,1
LSCE_20226,338,8,6415827.009,1966545.052,281.1896973,230,245,0,1,1,1,1,1,1,1,1,1,1
LSCE_20226,338,9,6415827.009,1966545.052,281.1896973,245,260,0,1,1,1,1,1,1,1,1,1,1
LSCE_20226,338,10,6415827.009,1966545.052,281.1896973,260,275,0,1,1,1,1,1,1,1,1,1,1
LSCE_20226,338,11,6415827.009,1966545.052,281.1896973,275,305,0,1,1,1,1,1,1,1,1,1,1
LSCE_20227,339,1,6416520.6,1963421.777,267.6280823,0,5,0,1,1,1,1,1,1,1,1,1,1
LSCE_20227,339,2,6416520.6,1963421.777,267.6280823,5,70,1,1,1,1,1,1,1,1,1,1,1
LSCE_20227,339,3,6416520.6,1963421.777,267.6280823,70,82,0,1,1,1,1,1,1,1,1,1,1
LSCE_20227,339,4,6416520.6,1963421.777,267.6280823,82,110,1,1,1,1,1,1,1,1,1,1,1
LSCE_20227,339,5,6416520.6,1963421.777,267.6280823,110,122,0,1,1,1,1,1,1,1,1,1,1
LSCE_20227,339,6,6416520.6,1963421.777,267.6280823,122,154,1,1,1,1,1,1,1,1,1,1,1
LSCE_20227,339,7,6416520.6,1963421.777,267.6280823,154,158,0,1,1,1,1,1,1,1,1,1,1
LSCE_20227,339,8,6416520.6,1963421.777,267.6280823,158,165,1,1,1,1,1,1,1,1,1,1,1
LSCE_20227,339,9,6416520.6,1963421.777,267.6280823,165,175,0,1,1,1,1,1,1,1,1,1,1
LSCE_20227,339,10,6416520.6,1963421.777,267.6280823,175,190,1,1,1,1,1,1,1,1,1,1,1
LSCE_20227,339,11,6416520.6,1963421.777,267.6280823,190,195,0,1,1,1,1,1,1,1,1,1,1
LSCE_20227,339,12,6416520.6,1963421.777,267.6280823,195,215,1,1,1,1,1,1,1,1,1,1,1
LSCE_20227,339,13,6416520.6,1963421.777,267.6280823,215,220,0,1,1,1,1,1,1,1,1,1,1
LSCE_20228,340,1,6418881.427,1964265.001,265.8080444,0,5,0,1,1,1,1,1,1,1,1,1,1
LSCE_20228,340,2,6418881.427,1964265.001,265.8080444,5,13,1,1,1,1,1,1,1,1,1,1,1
LSCE_20228,340,3,6418881.427,1964265.001,265.8080444,13,15,0,1,1,1,1,1,1,1,1,1,1
LSCE_20228,340,4,6418881.427,1964265.001,265.8080444,15,23,1,1,1,1,1,1,1,1,1,1,1
LSCE_20228,340,5,6418881.427,1964265.001,265.8080444,23,28,1,1,1,1,1,1,1,1,1,1,1
LSCE_20228,340,6,6418881.427,1964265.001,265.8080444,28,36,0,1,1,1,1,1,1,1,1,1,1
LSCE_20228,340,7,6418881.427,1964265.001,265.8080444,36,48,1,1,1,1,1,1,1,1,1,1,1
LSCE_20229,341,1,6416771.468,1959308.428,328.7436829,0,5,0,1,1,1,1,1,1,1,1,1,1
LSCE_20229,341,2,6416771.468,1959308.428,328.7436829,5,38,1,1,1,1,1,1,1,1,1,1,1
LSCE_20229,341,3,6416771.468,1959308.428,328.7436829,38,45,0,1,1,1,1,1,1,1,1,1,1
LSCE_20229,341,4,6416771.468,1959308.428,328.7436829,45,65,0,1,1,1,1,1,1,1,1,1,1
LSCE_20229,341,5,6416771.468,1959308.428,328.7436829,65,90,1,1,1,1,1,1,1,1,1,1,1
LSCE_20229,341,6,6416771.468,1959308.428,328.7436829,90,160,1,1,1,1,1,1,1,1,1,1,1
LSCE_20229,341,7,6416771.468,1959308.428,328.7436829,160,190,1,1,1,1,1,1,1,1,1,1,1
LSCE_20229,341,8,6416771.468,1959308.428,328.7436829,190,230,1,1,1,1,1,1,1,1,1,1,1
LSCE_20229,341,9,6416771.468,1959308.428,328.7436829,230,260,1,1,1,1,1,1,1,1,1,1,1
LSCE_20231,342,1,6421673.012,1958220.998,250.6766663,0,20,0,1,1,1,1,1,1,1,1,1,1
LSCE_20232,343,1,6422231.788,1945476.001,374.1562805,0,20,0,1,1,1,1,1,1,1,1,1,1
LSCE_20233,344,1,6422896.077,1946095.379,343.5241089,0,10,0,1,1,1,1,1,1,1,1,1,1
LSCE_20233,344,2,6422896.077,1946095.379,343.5241089,10,56,1,1,1,1,1,1,1,1,1,1,1
LSCE_20233,344,3,6422896.077,1946095.379,343.5241089,56,75,0,1,1,1,1,1,1,1,1,1,1
LSCE_20233,344,4,6422896.077,1946095.379,343.5241089,75,83,1,1,1,1,1,1,1,1,1,1,1
LSCE_20233,344,5,6422896.077,1946095.379,343.5241089,83,110,1,1,1,1,1,1,1,1,1,1,1
LSCE_20233,344,6,6422896.077,1946095.379,343.5241089,110,130,0,1,1,1,1,1,1,1,1,1,1
LSCE_20233,344,7,6422896.077,1946095.379,343.5241089,130,200,1,1,1,1,1,1,1,1,1,1,1
LSCE_20234,345,1,6423278.07,1943844.225,317.9862366,0,20,0,1,1,1,1,1,1,1,1,1,1
LSCE_20234,345,2,6423278.07,1943844.225,317.9862366,20,25,0,1,1,1,1,1,1,1,1,1,1
LSCE_20234,345,3,6423278.07,1943844.225,317.9862366,25,40,0,1,1,1,1,1,1,1,1,1,1
LSCE_20234,345,4,6423278.07,1943844.225,317.9862366,40,60,0,1,1,1,1,1,1,1,1,1,1
LSCE_20235,346,1,6423467.665,1943847.896,311.9460144,0,8,0,1,1,1,1,1,1,1,1,1,1
LSCE_20235,346,2,6423467.665,1943847.896,311.9460144,8,35,1,1,1,1,1,1,1,1,1,1,1
LSCE_20235,346,3,6423467.665,1943847.896,311.9460144,35,75,1,1,1,1,1,1,1,1,1,1,1
LSCE_20235,346,4,6423467.665,1943847.896,311.9460144,75,80,0,1,1,1,1,1,1,1,1,1,1
LSCE_20235,346,5,6423467.665,1943847.896,311.9460144,80,100,1,1,1,1,1,1,1,1,1,1,1
LSCE_20236,347,1,6430863.382,1942626.731,231.5986328,0,8,1,1,1,1,1,1,1,1,1,1,1
LSCE_20236,347,2,6430863.382,1942626.731,231.5986328,8,19,0,1,1,1,1,1,1,1,1,1,1
LSCE_20236,347,3,6430863.382,1942626.731,231.5986328,19,44,1,1,1,1,1,1,1,1,1,1,1
LSCE_20236,347,4,6430863.382,1942626.731,231.5986328,44,63,0,1,1,1,1,1,1,1,1,1,1
LSCE_20237,348,1,6423833.041,1943684.157,304.1397095,0,20,0,1,1,1,1,1,1,1,1,1,1
LSCE_20237,348,2,6423833.041,1943684.157,304.1397095,20,65,0,1,1,1,1,1,1,1,1,1,1
LSCE_20237,348,3,6423833.041,1943684.157,304.1397095,65,160,1,1,1,1,1,1,1,1,1,1,1
LSCE_20237,348,4,6423833.041,1943684.157,304.1397095,160,180,0,1,1,1,1,1,1,1,1,1,1
LSCE_20238,349,1,6426667.775,1947672.018,252.7855682,0,3,0,1,1,1,1,1,1,1,1,1,1
LSCE_20238,349,2,6426667.775,1947672.018,252.7855682,3,48,1,1,1,1,1,1,1,1,1,1,1
LSCE_20238,349,3,6426667.775,1947672.018,252.7855682,48,55,0,1,1,1,1,1,1,1,1,1,1
LSCE_20238,349,4,6426667.775,1947672.018,252.7855682,55,130,1,1,1,1,1,1,1,1,1,1,1
LSCE_20238,349,5,6426667.775,1947672.018,252.7855682,130,180,1,1,1,1,1,1,1,1,1,1,1
LSCE_20238,349,6,6426667.775,1947672.018,252.7855682,180,310,1,1,1,1,1,1,1,1,1,1,1
LSCE_20238,349,7,6426667.775,1947672.018,252.7855682,310,320,0,1,1,1,1,1,1,1,1,1,1
LSCE_20238,349,8,6426667.775,1947672.018,252.7855682,320,338,1,1,1,1,1,1,1,1,1,1,1
LSCE_20238,349,9,6426667.775,1947672.018,252.7855682,338,341,0,1,1,1,1,1,1,1,1,1,1
LSCE_20238,349,10,6426667.775,1947672.018,252.7855682,341,400,1,1,1,1,1,1,1,1,1,1,1
LSCE_20239,350,1,6427846.843,1943112.199,242.0222168,0,8,0,1,1,1,1,1,1,1,1,1,1
LSCE_20239,350,2,6427846.843,1943112.199,242.0222168,8,43,1,1,1,1,1,1,1,1,1,1,1
LSCE_20239,350,3,6427846.843,1943112.199,242.0222168,43,55,0,1,1,1,1,1,1,1,1,1,1
LSCE_20239,350,4,6427846.843,1943112.199,242.0222168,55,78,1,1,1,1,1,1,1,1,1,1,1
LSCE_20239,350,5,6427846.843,1943112.199,242.0222168,78,118,0,1,1,1,1,1,1,1,1,1,1
LSCE_20239,350,6,6427846.843,1943112.199,242.0222168,118,173,1,1,1,1,1,1,1,1,1,1,1
LSCE_20239,350,7,6427846.843,1943112.199,242.0222168,173,193,0,1,1,1,1,1,1,1,1,1,1
LSCE_20239,350,8,6427846.843,1943112.199,242.0222168,193,285,1,1,1,1,1,1,1,1,1,1,1
LSCE_20239,350,9,6427846.843,1943112.199,242.0222168,285,315,0,1,1,1,1,1,1,1,1,1,1
LSCE_20239,350,10,6427846.843,1943112.199,242.0222168,315,372,1,1,1,1,1,1,1,1,1,1,1
LSCE_20239,350,11,6427846.843,1943112.199,242.0222168,372,390,0,1,1,1,1,1,1,1,1,1,1
LSCE_20239,350,12,6427846.843,1943112.199,242.0222168,390,465,1,1,1,1,1,1,1,1,1,1,1
LSCE_20239,350,13,6427846.843,1943112.199,242.0222168,465,480,0,1,1,1,1,1,1,1,1,1,1
LSCE_20239,350,14,6427846.843,1943112.199,242.0222168,480,502,1,1,1,1,1,1,1,1,1,1,1
LSCE_20239,350,15,6427846.843,1943112.199,242.0222168,502,510,0,1,1,1,1,1,1,1,1,1,1
LSCE_20239,350,16,6427846.843,1943112.199,242.0222168,510,540,1,1,1,1,1,1,1,1,1,1,1
LSCE_20239,350,17,6427846.843,1943112.199,242.0222168,540,545,0,1,1,1,1,1,1,1,1,1,1
LSCE_20239,350,18,6427846.843,1943112.199,242.0222168,545,565,1,1,1,1,1,1,1,1,1,1,1
LSCE_20239,350,19,6427846.843,1943112.199,242.0222168,565,575,0,1,1,1,1,1,1,1,1,1,1
LSCE_20240,351,1,6425779.892,1945792.132,283.010498,0,1,0,1,1,1,1,1,1,1,1,1,1
LSCE_20240,351,2,6425779.892,1945792.132,283.010498,1,10,1,1,1,1,1,1,1,1,1,1,1
LSCE_20240,351,3,6425779.892,1945792.132,283.010498,10,20,1,1,1,1,1,1,1,1,1,1,1
LSCE_20240,351,4,6425779.892,1945792.132,283.010498,20,40,1,1,1,1,1,1,1,1,1,1,1
LSCE_20240,351,5,6425779.892,1945792.132,283.010498,40,60,1,1,1,1,1,1,1,1,1,1,1
LSCE_20240,351,6,6425779.892,1945792.132,283.010498,60,82,1,1,1,1,1,1,1,1,1,1,1
LSCE_20240,351,7,6425779.892,1945792.132,283.010498,82,87,1,1,1,1,1,1,1,1,1,1,1
LSCE_20240,351,8,6425779.892,1945792.132,283.010498,87,95,1,1,1,1,1,1,1,1,1,1,1
LSCE_20240,351,9,6425779.892,1945792.132,283.010498,95,110,1,1,1,1,1,1,1,1,1,1,1
LSCE_20240,351,10,6425779.892,1945792.132,283.010498,110,250,1,1,1,1,1,1,1,1,1,1,1
LSCE_20240,351,11,6425779.892,1945792.132,283.010498,250,270,1,1,1,1,1,1,1,1,1,1,1
LSCE_20241,352,1,6423426.951,1946030.557,330.260376,0,3,0,1,1,1,1,1,1,1,1,1,1
LSCE_20241,352,2,6423426.951,1946030.557,330.260376,3,15,1,1,1,1,1,1,1,1,1,1,1
LSCE_20241,352,3,6423426.951,1946030.557,330.260376,15,43,1,1,1,1,1,1,1,1,1,1,1
LSCE_20241,352,4,6423426.951,1946030.557,330.260376,43,82,1,1,1,1,1,1,1,1,1,1,1
LSCE_20242,353,1,6425915.627,1943917.525,269.903717,0,10,0,1,1,1,1,1,1,1,1,1,1
LSCE_20242,353,2,6425915.627,1943917.525,269.903717,10,35,1,1,1,1,1,1,1,1,1,1,1
LSCE_20242,353,3,6425915.627,1943917.525,269.903717,35,55,1,1,1,1,1,1,1,1,1,1,1
LSCE_20242,353,4,6425915.627,1943917.525,269.903717,55,62,0,1,1,1,1,1,1,1,1,1,1
LSCE_20242,353,5,6425915.627,1943917.525,269.903717,62,80,0,1,1,1,1,1,1,1,1,1,1
LSCE_20243,354,1,6423605.564,1942787.721,312.2261963,0,15,0,1,1,1,1,1,1,1,1,1,1
LSCE_20243,354,2,6423605.564,1942787.721,312.2261963,15,35,1,1,1,1,1,1,1,1,1,1,1
LSCE_20244,355,1,6425947.809,1943262.05,265.5708923,0,3,0,1,1,1,1,1,1,1,1,1,1
LSCE_20244,355,2,6425947.809,1943262.05,265.5708923,3,10,1,1,1,1,1,1,1,1,1,1,1
LSCE_20244,355,3,6425947.809,1943262.05,265.5708923,10,15,0,1,1,1,1,1,1,1,1,1,1
LSCE_20244,355,4,6425947.809,1943262.05,265.5708923,15,57,0,1,1,1,1,1,1,1,1,1,1
LSCE_20244,355,5,6425947.809,1943262.05,265.5708923,57,100,0,1,1,1,1,1,1,1,1,1,1
LSCE_20244,355,6,6425947.809,1943262.05,265.5708923,100,137,1,1,1,1,1,1,1,1,1,1,1
LSCE_20244,355,7,6425947.809,1943262.05,265.5708923,137,162,0,1,1,1,1,1,1,1,1,1,1
LSCE_20244,355,8,6425947.809,1943262.05,265.5708923,162,180,1,1,1,1,1,1,1,1,1,1,1
LSCE_20244,355,9,6425947.809,1943262.05,265.5708923,180,199,1,1,1,1,1,1,1,1,1,1,1
LSCE_20244,355,10,6425947.809,1943262.05,265.5708923,199,240,1,1,1,1,1,1,1,1,1,1,1
LSCE_20244,355,11,6425947.809,1943262.05,265.5708923,240,270,0,1,1,1,1,1,1,1,1,1,1
LSCE_20244,355,12,6425947.809,1943262.05,265.5708923,270,310,1,1,1,1,1,1,1,1,1,1,1
LSCE_20244,355,13,6425947.809,1943262.05,265.5708923,310,323,1,1,1,1,1,1,1,1,1,1,1
LSCE_20245,356,1,6425230.989,1942574.665,279.6758423,0,58,0,1,1,1,1,1,1,1,1,1,1
LSCE_20245,356,2,6425230.989,1942574.665,279.6758423,58,62,1,1,1,1,1,1,1,1,1,1,1
LSCE_20245,356,3,6425230.989,1942574.665,279.6758423,62,130,0,1,1,1,1,1,1,1,1,1,1
LSCE_20245,356,4,6425230.989,1942574.665,279.6758423,130,135,0,1,1,1,1,1,1,1,1,1,1
LSCE_20245,356,5,6425230.989,1942574.665,279.6758423,135,165,0,1,1,1,1,1,1,1,1,1,1
LSCE_20246,357,1,6427808.748,1944491.005,244.6925507,0,5,0,1,1,1,1,1,1,1,1,1,1
LSCE_20246,357,2,6427808.748,1944491.005,244.6925507,5,60,1,1,1,1,1,1,1,1,1,1,1
LSCE_20246,357,3,6427808.748,1944491.005,244.6925507,60,80,1,1,1,1,1,1,1,1,1,1,1
LSCE_20247,358,1,6394933.037,1976244.64,376.7392883,0,2,0,1,1,1,1,1,1,1,1,1,1
LSCE_20247,358,2,6394933.037,1976244.64,376.7392883,2,18,1,1,1,1,1,1,1,1,1,1,1
LSCE_20247,358,3,6394933.037,1976244.64,376.7392883,18,30,0,1,1,1,1,1,1,1,1,1,1
LSCE_20248,359,1,6395158.117,1976651.524,379.3334045,0,3,0,1,1,1,1,1,1,1,1,1,1
LSCE_20248,359,2,6395158.117,1976651.524,379.3334045,3,8,0,1,1,1,1,1,1,1,1,1,1
LSCE_20248,359,3,6395158.117,1976651.524,379.3334045,8,11,1,1,1,1,1,1,1,1,1,1,1
LSCE_20248,359,4,6395158.117,1976651.524,379.3334045,11,15,1,1,1,1,1,1,1,1,1,1,1
LSCE_20248,359,5,6395158.117,1976651.524,379.3334045,15,19,1,1,1,1,1,1,1,1,1,1,1
LSCE_20248,359,6,6395158.117,1976651.524,379.3334045,19,25,0,1,1,1,1,1,1,1,1,1,1
LSCE_20248,359,7,6395158.117,1976651.524,379.3334045,25,46,1,1,1,1,1,1,1,1,1,1,1
LSCE_20248,359,8,6395158.117,1976651.524,379.3334045,46,87,0,1,1,1,1,1,1,1,1,1,1
LSCE_20248,359,9,6395158.117,1976651.524,379.3334045,87,92,0,1,1,1,1,1,1,1,1,1,1
LSCE_20248,359,10,6395158.117,1976651.524,379.3334045,92,115,0,1,1,1,1,1,1,1,1,1,1
LSCE_20248,359,11,6395158.117,1976651.524,379.3334045,115,122,0,1,1,1,1,1,1,1,1,1,1
LSCE_20248,359,12,6395158.117,1976651.524,379.3334045,122,148,0,1,1,1,1,1,1,1,1,1,1
LSCE_20248,359,13,6395158.117,1976651.524,379.3334045,148,151,0,1,1,1,1,1,1,1,1,1,1
LSCE_20248,359,14,6395158.117,1976651.524,379.3334045,151,165,0,1,1,1,1,1,1,1,1,1,1
LSCE_20249,360,1,6394848.319,1974175.568,361.3563232,0,4,0,1,1,1,1,1,1,1,1,1,1
LSCE_20249,360,2,6394848.319,1974175.568,361.3563232,4,10,0,1,1,1,1,1,1,1,1,1,1
LSCE_20249,360,3,6394848.319,1974175.568,361.3563232,10,84,1,1,1,1,1,1,1,1,1,1,1
LSCE_20249,360,4,6394848.319,1974175.568,361.3563232,84,90,0,1,1,1,1,1,1,1,1,1,1
LSCE_20249,360,5,6394848.319,1974175.568,361.3563232,90,100,1,1,1,1,1,1,1,1,1,1,1
LSCE_20249,360,6,6394848.319,1974175.568,361.3563232,100,102,0,1,1,1,1,1,1,1,1,1,1
LSCE_20249,360,7,6394848.319,1974175.568,361.3563232,102,110,1,1,1,1,1,1,1,1,1,1,1
LSCE_20249,360,8,6394848.319,1974175.568,361.3563232,110,114,0,1,1,1,1,1,1,1,1,1,1
LSCE_20249,360,9,6394848.319,1974175.568,361.3563232,114,120,1,1,1,1,1,1,1,1,1,1,1
LSCE_20249,360,10,6394848.319,1974175.568,361.3563232,120,121,0,1,1,1,1,1,1,1,1,1,1
LSCE_20249,360,11,6394848.319,1974175.568,361.3563232,121,124,1,1,1,1,1,1,1,1,1,1,1
LSCE_20249,360,12,6394848.319,1974175.568,361.3563232,124,134,1,1,1,1,1,1,1,1,1,1,1
LSCE_20249,360,13,6394848.319,1974175.568,361.3563232,134,140,1,1,1,1,1,1,1,1,1,1,1
LSCE_20249,360,14,6394848.319,1974175.568,361.3563232,140,150,1,1,1,1,1,1,1,1,1,1,1
LSCE_20249,360,15,6394848.319,1974175.568,361.3563232,150,164,1,1,1,1,1,1,1,1,1,1,1
LSCE_20250,361,1,6392503.242,1975460.554,374.3153076,0,6,1,1,1,1,1,1,1,1,1,1,1
LSCE_20250,361,2,6392503.242,1975460.554,374.3153076,6,18,1,1,1,1,1,1,1,1,1,1,1
LSCE_20250,361,3,6392503.242,1975460.554,374.3153076,18,84,1,1,1,1,1,1,1,1,1,1,1
LSCE_20250,361,4,6392503.242,1975460.554,374.3153076,84,113,1,1,1,1,1,1,1,1,1,1,1
LSCE_20250,361,5,6392503.242,1975460.554,374.3153076,113,116,1,1,1,1,1,1,1,1,1,1,1
LSCE_20250,361,6,6392503.242,1975460.554,374.3153076,116,122,0,1,1,1,1,1,1,1,1,1,1
LSCE_20251,362,1,6393651.798,1976296.58,376.1213074,0,2,0,1,1,1,1,1,1,1,1,1,1
LSCE_20251,362,2,6393651.798,1976296.58,376.1213074,2,7,0,1,1,1,1,1,1,1,1,1,1
LSCE_20251,362,3,6393651.798,1976296.58,376.1213074,7,12,0,1,1,1,1,1,1,1,1,1,1
LSCE_20251,362,4,6393651.798,1976296.58,376.1213074,12,20,1,1,1,1,1,1,1,1,1,1,1
LSCE_20251,362,5,6393651.798,1976296.58,376.1213074,20,75,1,1,1,1,1,1,1,1,1,1,1
LSCE_20251,362,6,6393651.798,1976296.58,376.1213074,75,92,0,1,1,1,1,1,1,1,1,1,1
LSCE_20251,362,7,6393651.798,1976296.58,376.1213074,92,95,0,1,1,1,1,1,1,1,1,1,1
LSCE_20252,363,1,6389236.567,1975806.561,387.4662476,0,5,0,1,1,1,1,1,1,1,1,1,1
LSCE_20252,363,2,6389236.567,1975806.561,387.4662476,5,30,0,1,1,1,1,1,1,1,1,1,1
LSCE_20252,363,3,6389236.567,1975806.561,387.4662476,30,60,1,1,1,1,1,1,1,1,1,1,1
LSCE_20252,363,4,6389236.567,1975806.561,387.4662476,60,70,1,1,1,1,1,1,1,1,1,1,1
LSCE_20254,364,1,6386500.553,1977202.977,565.4039307,0,6,0,1,1,1,1,1,1,1,1,1,1
LSCE_20254,364,2,6386500.553,1977202.977,565.4039307,6,10,1,1,1,1,1,1,1,1,1,1,1
LSCE_20254,364,3,6386500.553,1977202.977,565.4039307,10,18,0,1,1,1,1,1,1,1,1,1,1
LSCE_20254,364,4,6386500.553,1977202.977,565.4039307,18,43,1,1,1,1,1,1,1,1,1,1,1
LSCE_20254,364,5,6386500.553,1977202.977,565.4039307,43,47,1,1,1,1,1,1,1,1,1,1,1
LSCE_20254,364,6,6386500.553,1977202.977,565.4039307,47,62,1,1,1,1,1,1,1,1,1,1,1
LSCE_20254,364,7,6386500.553,1977202.977,565.4039307,62,66,0,1,1,1,1,1,1,1,1,1,1
LSCE_20254,364,8,6386500.553,1977202.977,565.4039307,66,85,1,1,1,1,1,1,1,1,1,1,1
LSCE_20255,365,1,6389884.018,1976494.658,383.0662537,0,20,0,1,1,1,1,1,1,1,1,1,1
LSCE_20255,365,2,6389884.018,1976494.658,383.0662537,20,25,0,1,1,1,1,1,1,1,1,1,1
LSCE_20255,365,3,6389884.018,1976494.658,383.0662537,25,40,1,1,1,1,1,1,1,1,1,1,1
LSCE_20255,365,4,6389884.018,1976494.658,383.0662537,40,70,1,1,1,1,1,1,1,1,1,1,1
LSCE_20255,365,5,6389884.018,1976494.658,383.0662537,70,75,0,1,1,1,1,1,1,1,1,1,1
LSCE_20255,365,6,6389884.018,1976494.658,383.0662537,75,95,1,1,1,1,1,1,1,1,1,1,1
LSCE_20255,365,7,6389884.018,1976494.658,383.0662537,95,115,1,1,1,1,1,1,1,1,1,1,1
LSCE_20256,366,1,6391049.221,1973222.147,474.1420898,25,43,1,1,1,1,1,1,1,1,1,1,1
LSCE_20256,366,2,6391049.221,1973222.147,474.1420898,43,46,0,1,1,1,1,1,1,1,1,1,1
LSCE_20256,366,3,6391049.221,1973222.147,474.1420898,46,68,1,1,1,1,1,1,1,1,1,1,1
LSCE_20256,366,4,6391049.221,1973222.147,474.1420898,68,72,0,1,1,1,1,1,1,1,1,1,1
LSCE_20256,366,5,6391049.221,1973222.147,474.1420898,72,85,1,1,1,1,1,1,1,1,1,1,1
LSCE_20256,366,6,6391049.221,1973222.147,474.1420898,85,160,1,1,1,1,1,1,1,1,1,1,1
LSCE_30001,367,1,6481759.114,1871985.112,18.9497795,0,10,1,1,1,1,1,1,1,1,1,1,1
LSCE_30001,367,2,6481759.114,1871985.112,18.9497795,10,16,0,1,1,1,1,1,1,1,1,1,1
LSCE_30001,367,3,6481759.114,1871985.112,18.9497795,16,18,1,1,1,1,1,1,1,1,1,1,1
LSCE_30001,367,4,6481759.114,1871985.112,18.9497795,18,26,0,1,1,1,1,1,1,1,1,1,1
LSCE_30001,367,5,6481759.114,1871985.112,18.9497795,26,26.5,1,1,1,1,1,1,1,1,1,1,1
LSCE_30001,367,6,6481759.114,1871985.112,18.9497795,26.5,29,0,1,1,1,1,1,1,1,1,1,1
LSCE_30001,367,7,6481759.114,1871985.112,18.9497795,29,29.5,1,1,1,1,1,1,1,1,1,1,1
LSCE_30001,367,8,6481759.114,1871985.112,18.9497795,29.5,30,0,1,1,1,1,1,1,1,1,1,1
LSCE_30001,367,9,6481759.114,1871985.112,18.9497795,30,37,1,1,1,1,1,1,1,1,1,1,1
LSCE_30001,367,10,6481759.114,1871985.112,18.9497795,37,37.5,0,1,1,1,1,1,1,1,1,1,1
LSCE_30001,367,11,6481759.114,1871985.112,18.9497795,37.5,52,1,1,1,1,1,1,1,1,1,1,1
LSCE_30001,367,12,6481759.114,1871985.112,18.9497795,52,56,0,1,1,1,1,1,1,1,1,1,1
LSCE_30001,367,13,6481759.114,1871985.112,18.9497795,56,63,1,1,1,1,1,1,1,1,1,1,1
LSCE_30001,367,14,6481759.114,1871985.112,18.9497795,63,74.5,0,1,1,1,1,1,1,1,1,1,1
LSCE_30001,367,15,6481759.114,1871985.112,18.9497795,74.5,75,1,1,1,1,1,1,1,1,1,1,1
LSCE_30001,367,16,6481759.114,1871985.112,18.9497795,75,92,0,1,1,1,1,1,1,1,1,1,1
LSCE_30001,367,17,6481759.114,1871985.112,18.9497795,92,100,0,1,1,1,1,1,1,1,1,1,1
LSCE_30003,368,1,6464906.883,1894984.338,104.167038,0,0.33,1,1,1,1,1,1,1,1,1,1,1
LSCE_30003,368,2,6464906.883,1894984.338,104.167038,0.33,4.5,1,1,1,1,1,1,1,1,1,1,1
LSCE_30003,368,3,6464906.883,1894984.338,104.167038,4.5,7,1,1,1,1,1,1,1,1,1,1,1
LSCE_30003,368,4,6464906.883,1894984.338,104.167038,7,16,0,1,1,1,1,1,1,1,1,1,1
LSCE_30003,368,5,6464906.883,1894984.338,104.167038,16,23,0,1,1,1,1,1,1,1,1,1,1
LSCE_30003,368,6,6464906.883,1894984.338,104.167038,23,45,1,1,1,1,1,1,1,1,1,1,1
LSCE_30003,368,7,6464906.883,1894984.338,104.167038,45,47,1,1,1,1,1,1,1,1,1,1,1
LSCE_30003,368,8,6464906.883,1894984.338,104.167038,47,49.5,0,1,1,1,1,1,1,1,1,1,1
LSCE_30003,368,9,6464906.883,1894984.338,104.167038,49.5,51,1,1,1,1,1,1,1,1,1,1,1
LSCE_30003,368,10,6464906.883,1894984.338,104.167038,51,59,0,1,1,1,1,1,1,1,1,1,1
LSCE_30003,368,11,6464906.883,1894984.338,104.167038,59,62.5,0,1,1,1,1,1,1,1,1,1,1
LSCE_30003,368,12,6464906.883,1894984.338,104.167038,62.5,73.5,0,1,1,1,1,1,1,1,1,1,1
LSCE_30003,368,13,6464906.883,1894984.338,104.167038,73.5,77,0,1,1,1,1,1,1,1,1,1,1
LSCE_30003,368,14,6464906.883,1894984.338,104.167038,77,79,1,1,1,1,1,1,1,1,1,1,1
LSCE_30003,368,15,6464906.883,1894984.338,104.167038,79,79.5,0,1,1,1,1,1,1,1,1,1,1
LSCE_30003,368,16,6464906.883,1894984.338,104.167038,79.5,81,1,1,1,1,1,1,1,1,1,1,1
LSCE_30003,368,17,6464906.883,1894984.338,104.167038,81,100,0,1,1,1,1,1,1,1,1,1,1
LSCE_30005,369,1,6474327.139,1895777.391,50.7738647,0,13,1,1,1,1,1,1,1,1,1,1,1
LSCE_30005,369,2,6474327.139,1895777.391,50.7738647,13,20,1,1,1,1,1,1,1,1,1,1,1
LSCE_30005,369,3,6474327.139,1895777.391,50.7738647,20,35,1,1,1,1,1,1,1,1,1,1,1
LSCE_30005,369,4,6474327.139,1895777.391,50.7738647,35,40,0,1,1,1,1,1,1,1,1,1,1
LSCE_30005,369,5,6474327.139,1895777.391,50.7738647,40,45,0,1,1,1,1,1,1,1,1,1,1
LSCE_30005,369,6,6474327.139,1895777.391,50.7738647,45,48,0,1,1,1,1,1,1,1,1,1,1
LSCE_30005,369,7,6474327.139,1895777.391,50.7738647,48,54,1,1,1,1,1,1,1,1,1,1,1
LSCE_30005,369,8,6474327.139,1895777.391,50.7738647,54,64,0,1,1,1,1,1,1,1,1,1,1
LSCE_30005,369,9,6474327.139,1895777.391,50.7738647,64,65,0,1,1,1,1,1,1,1,1,1,1
LSCE_30005,369,10,6474327.139,1895777.391,50.7738647,65,78,0,1,1,1,1,1,1,1,1,1,1
LSCE_30005,369,11,6474327.139,1895777.391,50.7738647,78,80.5,1,1,1,1,1,1,1,1,1,1,1
LSCE_30005,369,12,6474327.139,1895777.391,50.7738647,80.5,81,1,1,1,1,1,1,1,1,1,1,1
LSCE_30005,369,13,6474327.139,1895777.391,50.7738647,81,82,1,1,1,1,1,1,1,1,1,1,1
LSCE_30005,369,14,6474327.139,1895777.391,50.7738647,82,88,0,1,1,1,1,1,1,1,1,1,1
LSCE_30005,369,15,6474327.139,1895777.391,50.7738647,88,100,0,1,1,1,1,1,1,1,1,1,1
LSCE_30007,370,1,6460610.728,1914094.782,99.7462769,0,3,1,1,1,1,1,1,1,1,1,1,1
LSCE_30007,370,2,6460610.728,1914094.782,99.7462769,3,5,1,1,1,1,1,1,1,1,1,1,1
LSCE_30007,370,3,6460610.728,1914094.782,99.7462769,5,20,0,1,1,1,1,1,1,1,1,1,1
LSCE_30007,370,4,6460610.728,1914094.782,99.7462769,20,34,1,1,1,1,1,1,1,1,1,1,1
LSCE_30007,370,5,6460610.728,1914094.782,99.7462769,34,35,1,1,1,1,1,1,1,1,1,1,1
LSCE_30007,370,6,6460610.728,1914094.782,99.7462769,35,48.5,1,1,1,1,1,1,1,1,1,1,1
LSCE_30007,370,7,6460610.728,1914094.782,99.7462769,48.5,51,0,1,1,1,1,1,1,1,1,1,1
LSCE_30007,370,8,6460610.728,1914094.782,99.7462769,51,56,1,1,1,1,1,1,1,1,1,1,1
LSCE_30007,370,9,6460610.728,1914094.782,99.7462769,56,65,1,1,1,1,1,1,1,1,1,1,1
LSCE_30007,370,10,6460610.728,1914094.782,99.7462769,65,67.5,0,1,1,1,1,1,1,1,1,1,1
LSCE_30007,370,11,6460610.728,1914094.782,99.7462769,67.5,74,0,1,1,1,1,1,1,1,1,1,1
LSCE_30007,370,12,6460610.728,1914094.782,99.7462769,74,78,1,1,1,1,1,1,1,1,1,1,1
LSCE_30007,370,13,6460610.728,1914094.782,99.7462769,78,88,0,1,1,1,1,1,1,1,1,1,1
LSCE_30007,370,14,6460610.728,1914094.782,99.7462769,88,91.5,1,1,1,1,1,1,1,1,1,1,1
LSCE_30007,370,15,6460610.728,1914094.782,99.7462769,91.5,100,0,1,1,1,1,1,1,1,1,1,1
LSCE_30009,371,1,6431077.714,1948227.152,212.9013519,0,1,0,1,1,1,1,1,1,1,1,1,1
LSCE_30009,371,2,6431077.714,1948227.152,212.9013519,1,15,1,1,1,1,1,1,1,1,1,1,1
LSCE_30009,371,3,6431077.714,1948227.152,212.9013519,15,20,1,1,1,1,1,1,1,1,1,1,1
LSCE_30009,371,4,6431077.714,1948227.152,212.9013519,20,25,1,1,1,1,1,1,1,1,1,1,1
LSCE_30009,371,5,6431077.714,1948227.152,212.9013519,25,43,1,1,1,1,1,1,1,1,1,1,1
LSCE_30009,371,6,6431077.714,1948227.152,212.9013519,43,51,0,1,1,1,1,1,1,1,1,1,1
LSCE_30009,371,7,6431077.714,1948227.152,212.9013519,51,65,1,1,1,1,1,1,1,1,1,1,1
LSCE_30009,371,8,6431077.714,1948227.152,212.9013519,65,80,0,1,1,1,1,1,1,1,1,1,1
LSCE_30009,371,9,6431077.714,1948227.152,212.9013519,80,90,0,1,1,1,1,1,1,1,1,1,1
LSCE_30009,371,10,6431077.714,1948227.152,212.9013519,90,93,1,1,1,1,1,1,1,1,1,1,1
LSCE_30009,371,11,6431077.714,1948227.152,212.9013519,93,100,0,1,1,1,1,1,1,1,1,1,1
LSCE_30011,372,1,6470238.516,1897492.881,68.9755249,0,10,0,1,1,1,1,1,1,1,1,1,1
LSCE_30011,372,2,6470238.516,1897492.881,68.9755249,10,70,0,1,1,1,1,1,1,1,1,1,1
LSCE_30011,372,3,6470238.516,1897492.881,68.9755249,70,120,1,1,1,1,1,1,1,1,1,1,1
LSCE_30011,372,4,6470238.516,1897492.881,68.9755249,120,180,0,1,1,1,1,1,1,1,1,1,1
LSCE_30011,372,5,6470238.516,1897492.881,68.9755249,180,200,1,1,1,1,1,1,1,1,1,1,1
LSCE_30011,372,6,6470238.516,1897492.881,68.9755249,200,225,0,1,1,1,1,1,1,1,1,1,1
LSCE_30011,372,7,6470238.516,1897492.881,68.9755249,225,235,1,1,1,1,1,1,1,1,1,1,1
LSCE_30011,372,8,6470238.516,1897492.881,68.9755249,235,250,0,1,1,1,1,1,1,1,1,1,1
LSCE_30012,373,1,6478023.056,1884283.297,59.1780319,0,2,0,1,1,1,1,1,1,1,1,1,1
LSCE_30012,373,2,6478023.056,1884283.297,59.1780319,2,11,0,1,1,1,1,1,1,1,1,1,1
LSCE_30012,373,3,6478023.056,1884283.297,59.1780319,11,13,0,1,1,1,1,1,1,1,1,1,1
LSCE_30012,373,4,6478023.056,1884283.297,59.1780319,13,26,1,1,1,1,1,1,1,1,1,1,1
LSCE_30012,373,5,6478023.056,1884283.297,59.1780319,26,47,1,1,1,1,1,1,1,1,1,1,1
LSCE_30012,373,6,6478023.056,1884283.297,59.1780319,47,68,1,1,1,1,1,1,1,1,1,1,1
LSCE_30012,373,7,6478023.056,1884283.297,59.1780319,68,114,0,1,1,1,1,1,1,1,1,1,1
LSCE_30012,373,8,6478023.056,1884283.297,59.1780319,114,116,1,1,1,1,1,1,1,1,1,1,1
LSCE_30012,373,9,6478023.056,1884283.297,59.1780319,116,122,0,1,1,1,1,1,1,1,1,1,1
LSCE_30013,374,1,6473799.459,1899228.707,64.4646988,0,2,1,1,1,1,1,1,1,1,1,1,1
LSCE_30013,374,2,6473799.459,1899228.707,64.4646988,2,18,1,1,1,1,1,1,1,1,1,1,1
LSCE_30014,375,1,6473742.247,1899265.318,63.5698128,0,3,0,1,1,1,1,1,1,1,1,1,1
LSCE_30015,376,1,6440684.369,1928074.823,173.6746216,0,4,0,1,1,1,1,1,1,1,1,1,1
LSCE_30015,376,2,6440684.369,1928074.823,173.6746216,4,20,0,1,1,1,1,1,1,1,1,1,1
LSCE_30015,376,3,6440684.369,1928074.823,173.6746216,20,67,0,1,1,1,1,1,1,1,1,1,1
LSCE_30015,376,4,6440684.369,1928074.823,173.6746216,67,70,0,1,1,1,1,1,1,1,1,1,1
LSCE_30015,376,5,6440684.369,1928074.823,173.6746216,70,71,1,1,1,1,1,1,1,1,1,1,1
LSCE_30015,376,6,6440684.369,1928074.823,173.6746216,71,120,0,1,1,1,1,1,1,1,1,1,1
LSCE_30015,376,7,6440684.369,1928074.823,173.6746216,120,121,1,1,1,1,1,1,1,1,1,1,1
LSCE_30015,376,8,6440684.369,1928074.823,173.6746216,121,218,0,1,1,1,1,1,1,1,1,1,1
LSCE_30015,376,9,6440684.369,1928074.823,173.6746216,218,221,1,1,1,1,1,1,1,1,1,1,1
LSCE_30017,377,1,6460667.849,1911905.456,93.5707245,0,3,0,1,1,1,1,1,1,1,1,1,1
LSCE_30017,377,2,6460667.849,1911905.456,93.5707245,3,16,1,1,1,1,1,1,1,1,1,1,1
LSCE_30017,377,3,6460667.849,1911905.456,93.5707245,16,25,0,1,1,1,1,1,1,1,1,1,1
LSCE_30017,377,4,6460667.849,1911905.456,93.5707245,25,59,1,1,1,1,1,1,1,1,1,1,1
LSCE_30017,377,5,6460667.849,1911905.456,93.5707245,59,67,0,1,1,1,1,1,1,1,1,1,1
LSCE_30017,377,6,6460667.849,1911905.456,93.5707245,67,74,0,1,1,1,1,1,1,1,1,1,1
LSCE_30017,377,7,6460667.849,1911905.456,93.5707245,74,77,0,1,1,1,1,1,1,1,1,1,1
LSCE_30017,377,8,6460667.849,1911905.456,93.5707245,77,81,1,1,1,1,1,1,1,1,1,1,1
LSCE_30017,377,9,6460667.849,1911905.456,93.5707245,81,84,0,1,1,1,1,1,1,1,1,1,1
LSCE_30017,377,10,6460667.849,1911905.456,93.5707245,84,87,1,1,1,1,1,1,1,1,1,1,1
LSCE_30017,377,11,6460667.849,1911905.456,93.5707245,87,98,1,1,1,1,1,1,1,1,1,1,1
LSCE_30017,377,12,6460667.849,1911905.456,93.5707245,98,107,0,1,1,1,1,1,1,1,1,1,1
LSCE_30017,377,13,6460667.849,1911905.456,93.5707245,107,120,1,1,1,1,1,1,1,1,1,1,1
LSCE_30018,378,1,6461440.055,1905792.206,82.3421173,0,10,0,1,1,1,1,1,1,1,1,1,1
LSCE_30018,378,2,6461440.055,1905792.206,82.3421173,10,15,0,1,1,1,1,1,1,1,1,1,1
LSCE_30018,378,3,6461440.055,1905792.206,82.3421173,15,28,1,1,1,1,1,1,1,1,1,1,1
LSCE_30018,378,4,6461440.055,1905792.206,82.3421173,28,70,0,1,1,1,1,1,1,1,1,1,1
LSCE_30018,378,5,6461440.055,1905792.206,82.3421173,70,85,1,1,1,1,1,1,1,1,1,1,1
LSCE_30019,379,1,6469755.972,1893258.398,81.1880493,0,4,0,1,1,1,1,1,1,1,1,1,1
LSCE_30019,379,2,6469755.972,1893258.398,81.1880493,4,18,0,1,1,1,1,1,1,1,1,1,1
LSCE_30019,379,3,6469755.972,1893258.398,81.1880493,18,23,1,1,1,1,1,1,1,1,1,1,1
LSCE_30019,379,4,6469755.972,1893258.398,81.1880493,23,40,0,1,1,1,1,1,1,1,1,1,1
LSCE_30019,379,5,6469755.972,1893258.398,81.1880493,40,52,0,1,1,1,1,1,1,1,1,1,1
LSCE_30019,379,6,6469755.972,1893258.398,81.1880493,52,100,0,1,1,1,1,1,1,1,1,1,1
LSCE_30019,379,7,6469755.972,1893258.398,81.1880493,100,116,0,1,1,1,1,1,1,1,1,1,1
LSCE_30019,379,8,6469755.972,1893258.398,81.1880493,116,120,0,1,1,1,1,1,1,1,1,1,1
LSCE_30022,380,1,6429390.33,1942436.043,242.7990875,0,10,0,1,1,1,1,1,1,1,1,1,1
LSCE_30022,380,2,6429390.33,1942436.043,242.7990875,10,100,1,1,1,1,1,1,1,1,1,1,1
LSCE_30022,380,3,6429390.33,1942436.043,242.7990875,100,120,0,1,1,1,1,1,1,1,1,1,1
LSCE_30022,380,4,6429390.33,1942436.043,242.7990875,120,180,1,1,1,1,1,1,1,1,1,1,1
LSCE_30022,380,5,6429390.33,1942436.043,242.7990875,180,255,0,1,1,1,1,1,1,1,1,1,1
LSCE_30022,380,6,6429390.33,1942436.043,242.7990875,255,275,1,1,1,1,1,1,1,1,1,1,1
LSCE_30022,380,7,6429390.33,1942436.043,242.7990875,275,320,0,1,1,1,1,1,1,1,1,1,1
LSCE_30022,380,8,6429390.33,1942436.043,242.7990875,320,340,1,1,1,1,1,1,1,1,1,1,1
LSCE_30022,380,9,6429390.33,1942436.043,242.7990875,340,365,0,1,1,1,1,1,1,1,1,1,1
LSCE_30022,380,10,6429390.33,1942436.043,242.7990875,365,432,0,1,1,1,1,1,1,1,1,1,1
LSCE_30022,380,11,6429390.33,1942436.043,242.7990875,432,447,0,1,1,1,1,1,1,1,1,1,1
LSCE_30024,381,1,6425704.689,1943564.719,268.2357788,0,9,1,1,1,1,1,1,1,1,1,1,1
LSCE_30024,381,2,6425704.689,1943564.719,268.2357788,9,12,1,1,1,1,1,1,1,1,1,1,1
LSCE_30024,381,3,6425704.689,1943564.719,268.2357788,12,16,0,1,1,1,1,1,1,1,1,1,1
LSCE_30024,381,4,6425704.689,1943564.719,268.2357788,16,49,1,1,1,1,1,1,1,1,1,1,1
LSCE_30024,381,5,6425704.689,1943564.719,268.2357788,49,79,0,1,1,1,1,1,1,1,1,1,1
LSCE_30024,381,6,6425704.689,1943564.719,268.2357788,79,103,0,1,1,1,1,1,1,1,1,1,1
LSCE_30024,381,7,6425704.689,1943564.719,268.2357788,103,110,1,1,1,1,1,1,1,1,1,1,1
LSCE_30024,381,8,6425704.689,1943564.719,268.2357788,110,123,0,1,1,1,1,1,1,1,1,1,1
LSCE_30024,381,9,6425704.689,1943564.719,268.2357788,123,130,1,1,1,1,1,1,1,1,1,1,1
LSCE_30024,381,10,6425704.689,1943564.719,268.2357788,130,152,0,1,1,1,1,1,1,1,1,1,1
LSCE_30024,381,11,6425704.689,1943564.719,268.2357788,152,157,1,1,1,1,1,1,1,1,1,1,1
LSCE_30024,381,12,6425704.689,1943564.719,268.2357788,157,163,1,1,1,1,1,1,1,1,1,1,1
LSCE_30024,381,13,6425704.689,1943564.719,268.2357788,163,176,1,1,1,1,1,1,1,1,1,1,1
LSCE_30024,381,14,6425704.689,1943564.719,268.2357788,176,182,0,1,1,1,1,1,1,1,1,1,1
LSCE_30024,381,15,6425704.689,1943564.719,268.2357788,182,200,1,1,1,1,1,1,1,1,1,1,1
LSCE_30024,381,16,6425704.689,1943564.719,268.2357788,200,231,0,1,1,1,1,1,1,1,1,1,1
LSCE_30024,381,17,6425704.689,1943564.719,268.2357788,231,248,0,1,1,1,1,1,1,1,1,1,1
LSCE_30024,381,18,6425704.689,1943564.719,268.2357788,248,255,1,1,1,1,1,1,1,1,1,1,1
LSCE_30024,381,19,6425704.689,1943564.719,268.2357788,255,300,0,1,1,1,1,1,1,1,1,1,1
LSCE_30024,381,20,6425704.689,1943564.719,268.2357788,300,346,0,1,1,1,1,1,1,1,1,1,1
LSCE_30024,381,21,6425704.689,1943564.719,268.2357788,346,354,1,1,1,1,1,1,1,1,1,1,1
LSCE_30024,381,22,6425704.689,1943564.719,268.2357788,354,369,0,1,1,1,1,1,1,1,1,1,1
LSCE_30024,381,23,6425704.689,1943564.719,268.2357788,369,370,0,1,1,1,1,1,1,1,1,1,1
LSCE_30025,382,1,6424570.259,1944390.454,296.2752075,0,9,0,1,1,1,1,1,1,1,1,1,1
LSCE_30025,382,2,6424570.259,1944390.454,296.2752075,9,25,0,1,1,1,1,1,1,1,1,1,1
LSCE_30026,383,1,6443653.332,1925529.021,147.9596252,0,2,0,1,1,1,1,1,1,1,1,1,1
LSCE_30026,383,2,6443653.332,1925529.021,147.9596252,2,21,0,1,1,1,1,1,1,1,1,1,1
LSCE_30026,383,3,6443653.332,1925529.021,147.9596252,21,27,1,1,1,1,1,1,1,1,1,1,1
LSCE_30026,383,4,6443653.332,1925529.021,147.9596252,27,60,0,1,1,1,1,1,1,1,1,1,1
LSCE_30026,383,5,6443653.332,1925529.021,147.9596252,60,88,1,1,1,1,1,1,1,1,1,1,1
LSCE_30026,383,6,6443653.332,1925529.021,147.9596252,88,101,0,1,1,1,1,1,1,1,1,1,1
LSCE_30027,384,1,6428502.882,1958487.636,670.3674316,0,60,0,1,1,1,1,1,1,1,1,1,1
LSCE_30027,384,2,6428502.882,1958487.636,670.3674316,60,75,0,1,1,1,1,1,1,1,1,1,1
LSCE_30028,385,1,6465866.463,1899635.421,71.5305862,0,2,0,1,1,1,1,1,1,1,1,1,1
LSCE_30028,385,2,6465866.463,1899635.421,71.5305862,2,24,0,1,1,1,1,1,1,1,1,1,1
LSCE_30028,385,3,6465866.463,1899635.421,71.5305862,24,37,1,1,1,1,1,1,1,1,1,1,1
LSCE_30028,385,4,6465866.463,1899635.421,71.5305862,58,91,0,1,1,1,1,1,1,1,1,1,1
LSCE_30028,385,5,6465866.463,1899635.421,71.5305862,91,117,1,1,1,1,1,1,1,1,1,1,1
LSCE_30028,385,6,6465866.463,1899635.421,71.5305862,117,133,1,1,1,1,1,1,1,1,1,1,1
LSCE_30028,385,7,6465866.463,1899635.421,71.5305862,133,137,0,1,1,1,1,1,1,1,1,1,1
LSCE_30028,385,8,6465866.463,1899635.421,71.5305862,137,141,0,1,1,1,1,1,1,1,1,1,1
LSCE_30028,385,9,6465866.463,1899635.421,71.5305862,141,148,1,1,1,1,1,1,1,1,1,1,1
LSCE_30028,385,10,6465866.463,1899635.421,71.5305862,148,150,0,1,1,1,1,1,1,1,1,1,1
LSCE_30030,386,1,6478089.586,1890985.877,44.7882805,0,3,0,1,1,1,1,1,1,1,1,1,1
LSCE_30030,386,2,6478089.586,1890985.877,44.7882805,3,38,1,1,1,1,1,1,1,1,1,1,1
LSCE_30030,386,3,6478089.586,1890985.877,44.7882805,38,67,0,1,1,1,1,1,1,1,1,1,1
LSCE_30030,386,4,6478089.586,1890985.877,44.7882805,67,69,1,1,1,1,1,1,1,1,1,1,1
LSCE_30030,386,5,6478089.586,1890985.877,44.7882805,69,99,0,1,1,1,1,1,1,1,1,1,1
LSCE_30030,386,6,6478089.586,1890985.877,44.7882805,99,143,0,1,1,1,1,1,1,1,1,1,1
LSCE_30030,386,7,6478089.586,1890985.877,44.7882805,143,177,0,1,1,1,1,1,1,1,1,1,1
LSCE_30031,387,1,6462938.298,1884032.335,150.6978149,0,3,0,1,1,1,1,1,1,1,1,1,1
LSCE_30031,387,2,6462938.298,1884032.335,150.6978149,3,48,0,1,1,1,1,1,1,1,1,1,1
LSCE_30031,387,3,6462938.298,1884032.335,150.6978149,48,84,1,1,1,1,1,1,1,1,1,1,1
LSCE_30031,387,4,6462938.298,1884032.335,150.6978149,84,128,1,1,1,1,1,1,1,1,1,1,1
LSCE_30033,388,1,6485930.149,1888606.986,89.0832901,0,4,0,1,1,1,1,1,1,1,1,1,1
LSCE_30033,388,2,6485930.149,1888606.986,89.0832901,4,34,0,1,1,1,1,1,1,1,1,1,1
LSCE_30033,388,3,6485930.149,1888606.986,89.0832901,34,99,0,1,1,1,1,1,1,1,1,1,1
LSCE_30033,388,4,6485930.149,1888606.986,89.0832901,99,123,0,1,1,1,1,1,1,1,1,1,1
LSCE_30034,389,1,6417456.658,1961605.002,269.7514343,0,23,1,1,1,1,1,1,1,1,1,1,1
LSCE_30034,389,2,6417456.658,1961605.002,269.7514343,23,52,1,1,1,1,1,1,1,1,1,1,1
LSCE_30034,389,3,6417456.658,1961605.002,269.7514343,52,56,1,1,1,1,1,1,1,1,1,1,1
LSCE_30034,389,4,6417456.658,1961605.002,269.7514343,56,71,1,1,1,1,1,1,1,1,1,1,1
LSCE_30034,389,5,6417456.658,1961605.002,269.7514343,71,84,1,1,1,1,1,1,1,1,1,1,1
LSCE_30034,389,6,6417456.658,1961605.002,269.7514343,84,91,1,1,1,1,1,1,1,1,1,1,1
LSCE_30034,389,7,6417456.658,1961605.002,269.7514343,91,95,0,1,1,1,1,1,1,1,1,1,1
LSCE_30035,390,1,6463159.219,1886245.739,140.7359772,0,37,0,1,1,1,1,1,1,1,1,1,1
LSCE_30035,390,2,6463159.219,1886245.739,140.7359772,37,42,1,1,1,1,1,1,1,1,1,1,1
LSCE_30035,390,3,6463159.219,1886245.739,140.7359772,42,58,0,1,1,1,1,1,1,1,1,1,1
LSCE_30035,390,4,6463159.219,1886245.739,140.7359772,58,62,0,1,1,1,1,1,1,1,1,1,1
LSCE_30035,390,5,6463159.219,1886245.739,140.7359772,62,68,1,1,1,1,1,1,1,1,1,1,1
LSCE_30035,390,6,6463159.219,1886245.739,140.7359772,68,75,0,1,1,1,1,1,1,1,1,1,1
LSCE_30035,390,7,6463159.219,1886245.739,140.7359772,75,108,0,1,1,1,1,1,1,1,1,1,1
LSCE_30035,390,8,6463159.219,1886245.739,140.7359772,108,117,1,1,1,1,1,1,1,1,1,1,1
LSCE_30035,390,9,6463159.219,1886245.739,140.7359772,117,126,0,1,1,1,1,1,1,1,1,1,1
LSCE_30035,390,10,6463159.219,1886245.739,140.7359772,126,128,1,1,1,1,1,1,1,1,1,1,1
LSCE_30035,390,11,6463159.219,1886245.739,140.7359772,128,132,0,1,1,1,1,1,1,1,1,1,1
LSCE_30035,390,12,6463159.219,1886245.739,140.7359772,132,155,1,1,1,1,1,1,1,1,1,1,1
LSCE_30035,390,13,6463159.219,1886245.739,140.7359772,155,162,0,1,1,1,1,1,1,1,1,1,1
LSCE_30035,390,14,6463159.219,1886245.739,140.7359772,162,170,0,1,1,1,1,1,1,1,1,1,1
LSCE_30035,390,15,6463159.219,1886245.739,140.7359772,170,207,1,1,1,1,1,1,1,1,1,1,1
LSCE_30035,390,16,6463159.219,1886245.739,140.7359772,207,260,1,1,1,1,1,1,1,1,1,1,1
LSCE_30039,391,1,6494443.554,1874288.585,294.7481689,0,4,0,1,1,1,1,1,1,1,1,1,1
LSCE_30039,391,2,6494443.554,1874288.585,294.7481689,4,25,0,1,1,1,1,1,1,1,1,1,1
LSCE_30039,391,3,6494443.554,1874288.585,294.7481689,25,125,0,1,1,1,1,1,1,1,1,1,1
LSCE_30039,391,4,6494443.554,1874288.585,294.7481689,125,150,0,1,1,1,1,1,1,1,1,1,1
LSCE_30039,391,5,6494443.554,1874288.585,294.7481689,150,245,0,1,1,1,1,1,1,1,1,1,1
LSCE_30039,391,6,6494443.554,1874288.585,294.7481689,245,255,0,1,1,1,1,1,1,1,1,1,1
LSCE_30040,392,1,6497441.975,1876981.709,357.1473083,0,20,0,1,1,1,1,1,1,1,1,1,1
LSCE_30040,392,2,6497441.975,1876981.709,357.1473083,20,80,0,1,1,1,1,1,1,1,1,1,1
LSCE_30040,392,3,6497441.975,1876981.709,357.1473083,80,110,0,1,1,1,1,1,1,1,1,1,1
LSCE_30041,393,1,6489298.346,1880389.354,115.305069,0,3,0,1,1,1,1,1,1,1,1,1,1
LSCE_30041,393,2,6489298.346,1880389.354,115.305069,3,19,1,1,1,1,1,1,1,1,1,1,1
LSCE_30041,393,3,6489298.346,1880389.354,115.305069,19,31,0,1,1,1,1,1,1,1,1,1,1
LSCE_30041,393,4,6489298.346,1880389.354,115.305069,31,42,1,1,1,1,1,1,1,1,1,1,1
LSCE_40001,394,1,6387903.151,1982707.363,434.3984985,0,5,0,1,1,1,1,1,1,1,1,1,1
LSCE_40001,394,2,6387903.151,1982707.363,434.3984985,5,60,0,1,1,1,1,1,1,1,1,1,1
LSCE_40002,395,1,6389851.05,1981366.583,415.320343,0,5,0,1,1,1,1,1,1,1,1,1,1
LSCE_40002,395,2,6389851.05,1981366.583,415.320343,5,15,1,1,1,1,1,1,1,1,1,1,1
LSCE_40002,395,3,6389851.05,1981366.583,415.320343,15,30,1,1,1,1,1,1,1,1,1,1,1
LSCE_40003,396,1,6422285.972,1958217.645,263.6990051,0,15,0,1,1,1,1,1,1,1,1,1,1
LSCE_40003,396,2,6422285.972,1958217.645,263.6990051,15,25,1,1,1,1,1,1,1,1,1,1,1
LSCE_40004,397,1,6418166.221,1954832.096,292.6037903,0,4,0,1,1,1,1,1,1,1,1,1,1
LSCE_40004,397,2,6418166.221,1954832.096,292.6037903,4,55,1,1,1,1,1,1,1,1,1,1,1
LSCE_40004,397,3,6418166.221,1954832.096,292.6037903,55,57,1,1,1,1,1,1,1,1,1,1,1
LSCE_40004,397,4,6418166.221,1954832.096,292.6037903,57,97,0,1,1,1,1,1,1,1,1,1,1
LSCE_40004,397,5,6418166.221,1954832.096,292.6037903,97,100,1,1,1,1,1,1,1,1,1,1,1
LSCE_40004,397,6,6418166.221,1954832.096,292.6037903,100,129,0,1,1,1,1,1,1,1,1,1,1
LSCE_40005,398,1,6447957.57,1930310.319,144.9454193,0,4,0,1,1,1,1,1,1,1,1,1,1
LSCE_40005,398,2,6447957.57,1930310.319,144.9454193,4,6,0,1,1,1,1,1,1,1,1,1,1
LSCE_40005,398,3,6447957.57,1930310.319,144.9454193,6,32,0,1,1,1,1,1,1,1,1,1,1
LSCE_40005,398,4,6447957.57,1930310.319,144.9454193,32,40,0,1,1,1,1,1,1,1,1,1,1
LSCE_40005,398,5,6447957.57,1930310.319,144.9454193,40,95,0,1,1,1,1,1,1,1,1,1,1
LSCE_40005,398,6,6447957.57,1930310.319,144.9454193,95,105,1,1,1,1,1,1,1,1,1,1,1
LSCE_40005,398,7,6447957.57,1930310.319,144.9454193,105,355,0,1,1,1,1,1,1,1,1,1,1
LSCE_40006,399,1,6452267.918,1930090.811,139.7205658,0,5,0,1,1,1,1,1,1,1,1,1,1
LSCE_40006,399,2,6452267.918,1930090.811,139.7205658,5,20,0,1,1,1,1,1,1,1,1,1,1
LSCE_40006,399,3,6452267.918,1930090.811,139.7205658,20,50,0,1,1,1,1,1,1,1,1,1,1
LSCE_40006,399,4,6452267.918,1930090.811,139.7205658,50,65,1,1,1,1,1,1,1,1,1,1,1
LSCE_40006,399,5,6452267.918,1930090.811,139.7205658,65,227,1,1,1,1,1,1,1,1,1,1,1
LSCE_40006,399,6,6452267.918,1930090.811,139.7205658,227,232,1,1,1,1,1,1,1,1,1,1,1
LSCE_40007,400,1,6440668.342,1928113.724,174.4296417,0,4,0,1,1,1,1,1,1,1,1,1,1
LSCE_40007,400,2,6440668.342,1928113.724,174.4296417,4,20,0,1,1,1,1,1,1,1,1,1,1
LSCE_40007,400,3,6440668.342,1928113.724,174.4296417,20,57,0,1,1,1,1,1,1,1,1,1,1
LSCE_40007,400,4,6440668.342,1928113.724,174.4296417,57,70,0,1,1,1,1,1,1,1,1,1,1
LSCE_40007,400,5,6440668.342,1928113.724,174.4296417,70,71,1,1,1,1,1,1,1,1,1,1,1
LSCE_40007,400,6,6440668.342,1928113.724,174.4296417,71,120,0,1,1,1,1,1,1,1,1,1,1
LSCE_40007,400,7,6440668.342,1928113.724,174.4296417,120,121,1,1,1,1,1,1,1,1,1,1,1
LSCE_40007,400,8,6440668.342,1928113.724,174.4296417,121,218,0,1,1,1,1,1,1,1,1,1,1
LSCE_40007,400,9,6440668.342,1928113.724,174.4296417,218,220,1,1,1,1,1,1,1,1,1,1,1
LSCE_40007,400,10,6440668.342,1928113.724,174.4296417,220,221,1,1,1,1,1,1,1,1,1,1,1
LSCE_40008,401,1,6437122.667,1927737.496,326.5162659,0,4,0,1,1,1,1,1,1,1,1,1,1
LSCE_40008,401,2,6437122.667,1927737.496,326.5162659,4,55,0,1,1,1,1,1,1,1,1,1,1
LSCE_40008,401,3,6437122.667,1927737.496,326.5162659,55,70,1,1,1,1,1,1,1,1,1,1,1
LSCE_40009,402,1,6439728.289,1927399.227,181.4394226,0,6,0,1,1,1,1,1,1,1,1,1,1
LSCE_40009,402,2,6439728.289,1927399.227,181.4394226,6,35,0,1,1,1,1,1,1,1,1,1,1
LSCE_40009,402,3,6439728.289,1927399.227,181.4394226,35,40,0,1,1,1,1,1,1,1,1,1,1
LSCE_40009,402,4,6439728.289,1927399.227,181.4394226,40,140,0,1,1,1,1,1,1,1,1,1,1
LSCE_40009,402,5,6439728.289,1927399.227,181.4394226,140,150,0,1,1,1,1,1,1,1,1,1,1
LSCE_40009,402,6,6439728.289,1927399.227,181.4394226,150,213,0,1,1,1,1,1,1,1,1,1,1
LSCE_40009,402,7,6439728.289,1927399.227,181.4394226,213,218,0,1,1,1,1,1,1,1,1,1,1
LSCE_40009,402,8,6439728.289,1927399.227,181.4394226,218,225,0,1,1,1,1,1,1,1,1,1,1
LSCE_40009,402,9,6439728.289,1927399.227,181.4394226,225,252,0,1,1,1,1,1,1,1,1,1,1
LSCE_40010,403,1,6451819.521,1923574.399,122.1014481,0,20,0,1,1,1,1,1,1,1,1,1,1
LSCE_40010,403,2,6451819.521,1923574.399,122.1014481,20,35,0,1,1,1,1,1,1,1,1,1,1
LSCE_40010,403,3,6451819.521,1923574.399,122.1014481,35,37,0,1,1,1,1,1,1,1,1,1,1
LSCE_40010,403,4,6451819.521,1923574.399,122.1014481,37,50,1,1,1,1,1,1,1,1,1,1,1
LSCE_40010,403,5,6451819.521,1923574.399,122.1014481,50,59,1,1,1,1,1,1,1,1,1,1,1
LSCE_40010,403,6,6451819.521,1923574.399,122.1014481,59,77,0,1,1,1,1,1,1,1,1,1,1
LSCE_40010,403,7,6451819.521,1923574.399,122.1014481,77,83,1,1,1,1,1,1,1,1,1,1,1
LSCE_40010,403,8,6451819.521,1923574.399,122.1014481,83,89,1,1,1,1,1,1,1,1,1,1,1
LSCE_40010,403,9,6451819.521,1923574.399,122.1014481,89,100,0,1,1,1,1,1,1,1,1,1,1
LSCE_40010,403,10,6451819.521,1923574.399,122.1014481,100,127,0,1,1,1,1,1,1,1,1,1,1
LSCE_40010,403,11,6451819.521,1923574.399,122.1014481,127,132,0,1,1,1,1,1,1,1,1,1,1
LSCE_40010,403,12,6451819.521,1923574.399,122.1014481,132,134,0,1,1,1,1,1,1,1,1,1,1
LSCE_40010,403,13,6451819.521,1923574.399,122.1014481,134,150,0,1,1,1,1,1,1,1,1,1,1
LSCE_40011,404,1,6445128.365,1920107.453,169.4783173,0,3,0,1,1,1,1,1,1,1,1,1,1
LSCE_40011,404,2,6445128.365,1920107.453,169.4783173,3,30,0,1,1,1,1,1,1,1,1,1,1
LSCE_40011,404,3,6445128.365,1920107.453,169.4783173,30,40,1,1,1,1,1,1,1,1,1,1,1
LSCE_40011,404,4,6445128.365,1920107.453,169.4783173,40,100,0,1,1,1,1,1,1,1,1,1,1
LSCE_40011,404,5,6445128.365,1920107.453,169.4783173,100,190,0,1,1,1,1,1,1,1,1,1,1
LSCE_40011,404,6,6445128.365,1920107.453,169.4783173,190,260,0,1,1,1,1,1,1,1,1,1,1
LSCE_40011,404,7,6445128.365,1920107.453,169.4783173,260,263,0,1,1,1,1,1,1,1,1,1,1
LSCE_40011,404,8,6445128.365,1920107.453,169.4783173,263,285,0,1,1,1,1,1,1,1,1,1,1
LSCE_40011,404,9,6445128.365,1920107.453,169.4783173,285,295,0,1,1,1,1,1,1,1,1,1,1
LSCE_40011,404,10,6445128.365,1920107.453,169.4783173,295,321,0,1,1,1,1,1,1,1,1,1,1
LSCE_40011,404,11,6445128.365,1920107.453,169.4783173,321,335,0,1,1,1,1,1,1,1,1,1,1
LSCE_40012,405,1,6462348.803,1917045.024,114.8868256,0,21,0,1,1,1,1,1,1,1,1,1,1
LSCE_40012,405,2,6462348.803,1917045.024,114.8868256,21,22,1,1,1,1,1,1,1,1,1,1,1
LSCE_40012,405,3,6462348.803,1917045.024,114.8868256,22,40,1,1,1,1,1,1,1,1,1,1,1
LSCE_40013,406,1,6460204.836,1913835.136,92.2973404,0,7,0,1,1,1,1,1,1,1,1,1,1
LSCE_40013,406,2,6460204.836,1913835.136,92.2973404,7,40,0,1,1,1,1,1,1,1,1,1,1
LSCE_40013,406,3,6460204.836,1913835.136,92.2973404,40,65,1,1,1,1,1,1,1,1,1,1,1
LSCE_40013,406,4,6460204.836,1913835.136,92.2973404,65,109,0,1,1,1,1,1,1,1,1,1,1
LSCE_40013,406,5,6460204.836,1913835.136,92.2973404,109,140,0,1,1,1,1,1,1,1,1,1,1
LSCE_40013,406,6,6460204.836,1913835.136,92.2973404,140,242,0,1,1,1,1,1,1,1,1,1,1
LSCE_40013,406,7,6460204.836,1913835.136,92.2973404,242,272,1,1,1,1,1,1,1,1,1,1,1
LSCE_40014,407,1,6454792.668,1910429.177,148.6960907,0,3,0,1,1,1,1,1,1,1,1,1,1
LSCE_40014,407,2,6454792.668,1910429.177,148.6960907,3,12,0,1,1,1,1,1,1,1,1,1,1
LSCE_40014,407,3,6454792.668,1910429.177,148.6960907,12,20,0,1,1,1,1,1,1,1,1,1,1
LSCE_40014,407,4,6454792.668,1910429.177,148.6960907,20,26,1,1,1,1,1,1,1,1,1,1,1
LSCE_40014,407,5,6454792.668,1910429.177,148.6960907,26,34,0,1,1,1,1,1,1,1,1,1,1
LSCE_40014,407,6,6454792.668,1910429.177,148.6960907,34,48,0,1,1,1,1,1,1,1,1,1,1
LSCE_40015,408,1,6456867.754,1909871.933,116.7330551,0,3,0,1,1,1,1,1,1,1,1,1,1
LSCE_40015,408,2,6456867.754,1909871.933,116.7330551,3,42,0,1,1,1,1,1,1,1,1,1,1
LSCE_40015,408,3,6456867.754,1909871.933,116.7330551,42,45,1,1,1,1,1,1,1,1,1,1,1
LSCE_40015,408,4,6456867.754,1909871.933,116.7330551,45,81,0,1,1,1,1,1,1,1,1,1,1
LSCE_40015,408,5,6456867.754,1909871.933,116.7330551,81,90,0,1,1,1,1,1,1,1,1,1,1
LSCE_40015,408,6,6456867.754,1909871.933,116.7330551,90,92,1,1,1,1,1,1,1,1,1,1,1
LSCE_40015,408,7,6456867.754,1909871.933,116.7330551,92,125,0,1,1,1,1,1,1,1,1,1,1
LSCE_40016,409,1,6469272.847,1909185.47,111.7948303,0,4,0,1,1,1,1,1,1,1,1,1,1
LSCE_40016,409,2,6469272.847,1909185.47,111.7948303,4,18,0,1,1,1,1,1,1,1,1,1,1
LSCE_40016,409,3,6469272.847,1909185.47,111.7948303,18,59,1,1,1,1,1,1,1,1,1,1,1
LSCE_40016,409,4,6469272.847,1909185.47,111.7948303,59,81,0,1,1,1,1,1,1,1,1,1,1
LSCE_40016,409,5,6469272.847,1909185.47,111.7948303,81,89,1,1,1,1,1,1,1,1,1,1,1
LSCE_40016,409,6,6469272.847,1909185.47,111.7948303,89,99,1,1,1,1,1,1,1,1,1,1,1
LSCE_40016,409,7,6469272.847,1909185.47,111.7948303,99,125,1,1,1,1,1,1,1,1,1,1,1
LSCE_40016,409,8,6469272.847,1909185.47,111.7948303,125,138,1,1,1,1,1,1,1,1,1,1,1
LSCE_40017,410,1,6468433.498,1908638.906,115.4607849,0,10,0,1,1,1,1,1,1,1,1,1,1
LSCE_40017,410,2,6468433.498,1908638.906,115.4607849,10,13,0,1,1,1,1,1,1,1,1,1,1
LSCE_40017,410,3,6468433.498,1908638.906,115.4607849,13,54,0,1,1,1,1,1,1,1,1,1,1
LSCE_40018,411,1,6468421.463,1908639.313,115.277359,0,12,0,1,1,1,1,1,1,1,1,1,1
LSCE_40018,411,2,6468421.463,1908639.313,115.277359,12,18,0,1,1,1,1,1,1,1,1,1,1
LSCE_40019,412,1,6470949.469,1906750.895,101.5506973,0,5,0,1,1,1,1,1,1,1,1,1,1
LSCE_40019,412,2,6470949.469,1906750.895,101.5506973,5,65,0,1,1,1,1,1,1,1,1,1,1
LSCE_40020,413,1,6469407.7,1906068.395,77.8561401,0,25,0,1,1,1,1,1,1,1,1,1,1
LSCE_40020,413,2,6469407.7,1906068.395,77.8561401,25,42,1,1,1,1,1,1,1,1,1,1,1
LSCE_40020,413,3,6469407.7,1906068.395,77.8561401,42,64,0,1,1,1,1,1,1,1,1,1,1
LSCE_40020,413,4,6469407.7,1906068.395,77.8561401,64,76,1,1,1,1,1,1,1,1,1,1,1
LSCE_40020,413,5,6469407.7,1906068.395,77.8561401,76,78,0,1,1,1,1,1,1,1,1,1,1
LSCE_40020,413,6,6469407.7,1906068.395,77.8561401,78,80,0,1,1,1,1,1,1,1,1,1,1
LSCE_40020,413,7,6469407.7,1906068.395,77.8561401,80,82,0,1,1,1,1,1,1,1,1,1,1
LSCE_40020,413,8,6469407.7,1906068.395,77.8561401,82,89,1,1,1,1,1,1,1,1,1,1,1
LSCE_40020,413,9,6469407.7,1906068.395,77.8561401,89,94,0,1,1,1,1,1,1,1,1,1,1
LSCE_40020,413,10,6469407.7,1906068.395,77.8561401,94,96,0,1,1,1,1,1,1,1,1,1,1
LSCE_40020,413,11,6469407.7,1906068.395,77.8561401,96,120,0,1,1,1,1,1,1,1,1,1,1
LSCE_40020,413,12,6469407.7,1906068.395,77.8561401,120,122,1,1,1,1,1,1,1,1,1,1,1
LSCE_40020,413,13,6469407.7,1906068.395,77.8561401,122,128,0,1,1,1,1,1,1,1,1,1,1
LSCE_40020,413,14,6469407.7,1906068.395,77.8561401,128,160,0,1,1,1,1,1,1,1,1,1,1
LSCE_40020,413,15,6469407.7,1906068.395,77.8561401,160,178,0,1,1,1,1,1,1,1,1,1,1
LSCE_40020,413,16,6469407.7,1906068.395,77.8561401,178,182,1,1,1,1,1,1,1,1,1,1,1
LSCE_40020,413,17,6469407.7,1906068.395,77.8561401,182,186,0,1,1,1,1,1,1,1,1,1,1
LSCE_40020,413,18,6469407.7,1906068.395,77.8561401,186,192,1,1,1,1,1,1,1,1,1,1,1
LSCE_40020,413,19,6469407.7,1906068.395,77.8561401,192,211,0,1,1,1,1,1,1,1,1,1,1
LSCE_40020,413,20,6469407.7,1906068.395,77.8561401,211,292,1,1,1,1,1,1,1,1,1,1,1
LSCE_40021,414,1,6464756.872,1904935.212,78.9903336,0,18,0,1,1,1,1,1,1,1,1,1,1
LSCE_40021,414,2,6464756.872,1904935.212,78.9903336,18,32,0,1,1,1,1,1,1,1,1,1,1
LSCE_40021,414,3,6464756.872,1904935.212,78.9903336,32,36,0,1,1,1,1,1,1,1,1,1,1
LSCE_40021,414,4,6464756.872,1904935.212,78.9903336,36,43,1,1,1,1,1,1,1,1,1,1,1
LSCE_40021,414,5,6464756.872,1904935.212,78.9903336,43,45,0,1,1,1,1,1,1,1,1,1,1
LSCE_40021,414,6,6464756.872,1904935.212,78.9903336,45,48,1,1,1,1,1,1,1,1,1,1,1
LSCE_40021,414,7,6464756.872,1904935.212,78.9903336,48,50,0,1,1,1,1,1,1,1,1,1,1
LSCE_40021,414,8,6464756.872,1904935.212,78.9903336,50,51,1,1,1,1,1,1,1,1,1,1,1
LSCE_40021,414,9,6464756.872,1904935.212,78.9903336,51,75,0,1,1,1,1,1,1,1,1,1,1
LSCE_40021,414,10,6464756.872,1904935.212,78.9903336,75,83,1,1,1,1,1,1,1,1,1,1,1
LSCE_40021,414,11,6464756.872,1904935.212,78.9903336,83,162,1,1,1,1,1,1,1,1,1,1,1
LSCE_40021,414,12,6464756.872,1904935.212,78.9903336,162,181,1,1,1,1,1,1,1,1,1,1,1
LSCE_40021,414,13,6464756.872,1904935.212,78.9903336,181,189,0,1,1,1,1,1,1,1,1,1,1
LSCE_40021,414,14,6464756.872,1904935.212,78.9903336,189,233,0,1,1,1,1,1,1,1,1,1,1
LSCE_40022,415,1,6464756.826,1904922.83,78.7335587,0,15,0,1,1,1,1,1,1,1,1,1,1
LSCE_40022,415,2,6464756.826,1904922.83,78.7335587,15,38,0,1,1,1,1,1,1,1,1,1,1
LSCE_40022,415,3,6464756.826,1904922.83,78.7335587,38,50,1,1,1,1,1,1,1,1,1,1,1
LSCE_40022,415,4,6464756.826,1904922.83,78.7335587,50,65,0,1,1,1,1,1,1,1,1,1,1
LSCE_40022,415,5,6464756.826,1904922.83,78.7335587,65,80,0,1,1,1,1,1,1,1,1,1,1
LSCE_40022,415,6,6464756.826,1904922.83,78.7335587,80,105,0,1,1,1,1,1,1,1,1,1,1
LSCE_40022,415,7,6464756.826,1904922.83,78.7335587,105,109,1,1,1,1,1,1,1,1,1,1,1
LSCE_40022,415,8,6464756.826,1904922.83,78.7335587,109,126,0,1,1,1,1,1,1,1,1,1,1
LSCE_40022,415,9,6464756.826,1904922.83,78.7335587,126,131,1,1,1,1,1,1,1,1,1,1,1
LSCE_40022,415,10,6464756.826,1904922.83,78.7335587,131,136,0,1,1,1,1,1,1,1,1,1,1
LSCE_40022,415,11,6464756.826,1904922.83,78.7335587,136,148,0,1,1,1,1,1,1,1,1,1,1
LSCE_40022,415,12,6464756.826,1904922.83,78.7335587,148,156,0,1,1,1,1,1,1,1,1,1,1
LSCE_40022,415,13,6464756.826,1904922.83,78.7335587,156,165,0,1,1,1,1,1,1,1,1,1,1
LSCE_40022,415,14,6464756.826,1904922.83,78.7335587,165,205,0,1,1,1,1,1,1,1,1,1,1
LSCE_40022,415,15,6464756.826,1904922.83,78.7335587,205,210,1,1,1,1,1,1,1,1,1,1,1
LSCE_40022,415,16,6464756.826,1904922.83,78.7335587,210,216,1,1,1,1,1,1,1,1,1,1,1
LSCE_40023,416,1,6461958.788,1904556.111,79.4962311,0,15,0,1,1,1,1,1,1,1,1,1,1
LSCE_40023,416,2,6461958.788,1904556.111,79.4962311,15,17,1,1,1,1,1,1,1,1,1,1,1
LSCE_40023,416,3,6461958.788,1904556.111,79.4962311,17,31,1,1,1,1,1,1,1,1,1,1,1
LSCE_40023,416,4,6461958.788,1904556.111,79.4962311,31,37,0,1,1,1,1,1,1,1,1,1,1
LSCE_40023,416,5,6461958.788,1904556.111,79.4962311,37,46,1,1,1,1,1,1,1,1,1,1,1
LSCE_40023,416,6,6461958.788,1904556.111,79.4962311,46,54,1,1,1,1,1,1,1,1,1,1,1
LSCE_40023,416,7,6461958.788,1904556.111,79.4962311,54,62,0,1,1,1,1,1,1,1,1,1,1
LSCE_40023,416,8,6461958.788,1904556.111,79.4962311,62,72,0,1,1,1,1,1,1,1,1,1,1
LSCE_40023,416,9,6461958.788,1904556.111,79.4962311,72,78,1,1,1,1,1,1,1,1,1,1,1
LSCE_40023,416,10,6461958.788,1904556.111,79.4962311,78,93,0,1,1,1,1,1,1,1,1,1,1
LSCE_40023,416,11,6461958.788,1904556.111,79.4962311,93,110,1,1,1,1,1,1,1,1,1,1,1
LSCE_40023,416,12,6461958.788,1904556.111,79.4962311,110,120,0,1,1,1,1,1,1,1,1,1,1
LSCE_40024,417,1,6468829.6,1903973.535,75.6199722,0,12,0,1,1,1,1,1,1,1,1,1,1
LSCE_40024,417,2,6468829.6,1903973.535,75.6199722,12,31,0,1,1,1,1,1,1,1,1,1,1
LSCE_40024,417,3,6468829.6,1903973.535,75.6199722,31,49,0,1,1,1,1,1,1,1,1,1,1
LSCE_40024,417,4,6468829.6,1903973.535,75.6199722,49,54,0,1,1,1,1,1,1,1,1,1,1
LSCE_40024,417,5,6468829.6,1903973.535,75.6199722,54,70,0,1,1,1,1,1,1,1,1,1,1
LSCE_40024,417,6,6468829.6,1903973.535,75.6199722,70,73,1,1,1,1,1,1,1,1,1,1,1
LSCE_40024,417,7,6468829.6,1903973.535,75.6199722,73,77,0,1,1,1,1,1,1,1,1,1,1
LSCE_40024,417,8,6468829.6,1903973.535,75.6199722,77,107,1,1,1,1,1,1,1,1,1,1,1
LSCE_40024,417,9,6468829.6,1903973.535,75.6199722,107,112,1,1,1,1,1,1,1,1,1,1,1
LSCE_40024,417,10,6468829.6,1903973.535,75.6199722,112,145,1,1,1,1,1,1,1,1,1,1,1
LSCE_40024,417,11,6468829.6,1903973.535,75.6199722,145,151,1,1,1,1,1,1,1,1,1,1,1
LSCE_40024,417,12,6468829.6,1903973.535,75.6199722,151,154,1,1,1,1,1,1,1,1,1,1,1
LSCE_40024,417,13,6468829.6,1903973.535,75.6199722,154,166,1,1,1,1,1,1,1,1,1,1,1
LSCE_40024,417,14,6468829.6,1903973.535,75.6199722,166,167,1,1,1,1,1,1,1,1,1,1,1
LSCE_40025,418,1,6470143.194,1897739.323,67.5396652,0,10,0,1,1,1,1,1,1,1,1,1,1
LSCE_40025,418,2,6470143.194,1897739.323,67.5396652,10,70,0,1,1,1,1,1,1,1,1,1,1
LSCE_40025,418,3,6470143.194,1897739.323,67.5396652,70,120,1,1,1,1,1,1,1,1,1,1,1
LSCE_40025,418,4,6470143.194,1897739.323,67.5396652,120,180,0,1,1,1,1,1,1,1,1,1,1
LSCE_40025,418,5,6470143.194,1897739.323,67.5396652,180,200,1,1,1,1,1,1,1,1,1,1,1
LSCE_40025,418,6,6470143.194,1897739.323,67.5396652,200,225,1,1,1,1,1,1,1,1,1,1,1
LSCE_40025,418,7,6470143.194,1897739.323,67.5396652,225,250,0,1,1,1,1,1,1,1,1,1,1
LSCE_40026,419,1,6464905.387,1897762.634,82.4798203,0,3,0,1,1,1,1,1,1,1,1,1,1
LSCE_40026,419,2,6464905.387,1897762.634,82.4798203,3,15,0,1,1,1,1,1,1,1,1,1,1
LSCE_40026,419,3,6464905.387,1897762.634,82.4798203,15,25,1,1,1,1,1,1,1,1,1,1,1
LSCE_40026,419,4,6464905.387,1897762.634,82.4798203,25,40,0,1,1,1,1,1,1,1,1,1,1
LSCE_40026,419,5,6464905.387,1897762.634,82.4798203,40,43,1,1,1,1,1,1,1,1,1,1,1
LSCE_40026,419,6,6464905.387,1897762.634,82.4798203,43,82,0,1,1,1,1,1,1,1,1,1,1
LSCE_40026,419,7,6464905.387,1897762.634,82.4798203,82,98,1,1,1,1,1,1,1,1,1,1,1
LSCE_40026,419,8,6464905.387,1897762.634,82.4798203,98,140,0,1,1,1,1,1,1,1,1,1,1
LSCE_40026,419,9,6464905.387,1897762.634,82.4798203,140,158,1,1,1,1,1,1,1,1,1,1,1
LSCE_40026,419,10,6464905.387,1897762.634,82.4798203,158,172,0,1,1,1,1,1,1,1,1,1,1
LSCE_40026,419,11,6464905.387,1897762.634,82.4798203,172,204,1,1,1,1,1,1,1,1,1,1,1
LSCE_40026,419,12,6464905.387,1897762.634,82.4798203,204,240,0,1,1,1,1,1,1,1,1,1,1
LSCE_40026,419,13,6464905.387,1897762.634,82.4798203,240,248,1,1,1,1,1,1,1,1,1,1,1
LSCE_40026,419,14,6464905.387,1897762.634,82.4798203,248,288,0,1,1,1,1,1,1,1,1,1,1
LSCE_40026,419,15,6464905.387,1897762.634,82.4798203,288,304,1,1,1,1,1,1,1,1,1,1,1
LSCE_40026,419,16,6464905.387,1897762.634,82.4798203,304,320,1,1,1,1,1,1,1,1,1,1,1
LSCE_40026,419,17,6464905.387,1897762.634,82.4798203,320,328,0,1,1,1,1,1,1,1,1,1,1
LSCE_40026,419,18,6464905.387,1897762.634,82.4798203,328,335,1,1,1,1,1,1,1,1,1,1,1
LSCE_40026,419,19,6464905.387,1897762.634,82.4798203,335,340,0,1,1,1,1,1,1,1,1,1,1
LSCE_40026,419,20,6464905.387,1897762.634,82.4798203,340,354,1,1,1,1,1,1,1,1,1,1,1
LSCE_40026,419,21,6464905.387,1897762.634,82.4798203,354,381,0,1,1,1,1,1,1,1,1,1,1
LSCE_40026,419,22,6464905.387,1897762.634,82.4798203,381,395,1,1,1,1,1,1,1,1,1,1,1
LSCE_40026,419,23,6464905.387,1897762.634,82.4798203,395,408,1,1,1,1,1,1,1,1,1,1,1
LSCE_40026,419,24,6464905.387,1897762.634,82.4798203,408,414,1,1,1,1,1,1,1,1,1,1,1
LSCE_40026,419,25,6464905.387,1897762.634,82.4798203,414,422,1,1,1,1,1,1,1,1,1,1,1
LSCE_40026,419,26,6464905.387,1897762.634,82.4798203,422,434,1,1,1,1,1,1,1,1,1,1,1
LSCE_40026,419,27,6464905.387,1897762.634,82.4798203,434,442,0,1,1,1,1,1,1,1,1,1,1
LSCE_40026,419,28,6464905.387,1897762.634,82.4798203,442,458,1,1,1,1,1,1,1,1,1,1,1
LSCE_40026,419,29,6464905.387,1897762.634,82.4798203,458,479,1,1,1,1,1,1,1,1,1,1,1
LSCE_40026,419,30,6464905.387,1897762.634,82.4798203,479,520,0,1,1,1,1,1,1,1,1,1,1
LSCE_40026,419,31,6464905.387,1897762.634,82.4798203,520,525,1,1,1,1,1,1,1,1,1,1,1
LSCE_40026,419,32,6464905.387,1897762.634,82.4798203,525,545,1,1,1,1,1,1,1,1,1,1,1
LSCE_40026,419,33,6464905.387,1897762.634,82.4798203,545,565,0,1,1,1,1,1,1,1,1,1,1
LSCE_40026,419,34,6464905.387,1897762.634,82.4798203,565,605,0,1,1,1,1,1,1,1,1,1,1
LSCE_40026,419,35,6464905.387,1897762.634,82.4798203,605,620,1,1,1,1,1,1,1,1,1,1,1
LSCE_40026,419,36,6464905.387,1897762.634,82.4798203,620,630,1,1,1,1,1,1,1,1,1,1,1
LSCE_40026,419,37,6464905.387,1897762.634,82.4798203,630,650,0,1,1,1,1,1,1,1,1,1,1
LSCE_40026,419,38,6464905.387,1897762.634,82.4798203,650,694,0,1,1,1,1,1,1,1,1,1,1
LSCE_40026,419,39,6464905.387,1897762.634,82.4798203,694,702,1,1,1,1,1,1,1,1,1,1,1
LSCE_40026,419,40,6464905.387,1897762.634,82.4798203,702,730,0,1,1,1,1,1,1,1,1,1,1
LSCE_40027,420,1,6479269.408,1893203.244,75.70858,0,2,0,1,1,1,1,1,1,1,1,1,1
LSCE_40027,420,2,6479269.408,1893203.244,75.70858,2,48,0,1,1,1,1,1,1,1,1,1,1
LSCE_40027,420,3,6479269.408,1893203.244,75.70858,48,75,0,1,1,1,1,1,1,1,1,1,1
LSCE_40027,420,4,6479269.408,1893203.244,75.70858,75,84,1,1,1,1,1,1,1,1,1,1,1
LSCE_40027,420,5,6479269.408,1893203.244,75.70858,84,105,0,1,1,1,1,1,1,1,1,1,1
LSCE_40027,420,6,6479269.408,1893203.244,75.70858,105,147,0,1,1,1,1,1,1,1,1,1,1
LSCE_40027,420,7,6479269.408,1893203.244,75.70858,147,162,1,1,1,1,1,1,1,1,1,1,1
LSCE_40028,421,1,6478186.807,1893180.84,74.7217255,0,5,0,1,1,1,1,1,1,1,1,1,1
LSCE_40028,421,2,6478186.807,1893180.84,74.7217255,5,27,0,1,1,1,1,1,1,1,1,1,1
LSCE_40028,421,3,6478186.807,1893180.84,74.7217255,27,30,1,1,1,1,1,1,1,1,1,1,1
LSCE_40028,421,4,6478186.807,1893180.84,74.7217255,30,54,0,1,1,1,1,1,1,1,1,1,1
LSCE_40028,421,5,6478186.807,1893180.84,74.7217255,54,57,1,1,1,1,1,1,1,1,1,1,1
LSCE_40028,421,6,6478186.807,1893180.84,74.7217255,57,132,0,1,1,1,1,1,1,1,1,1,1
LSCE_40028,421,7,6478186.807,1893180.84,74.7217255,132,135,1,1,1,1,1,1,1,1,1,1,1
LSCE_40028,421,8,6478186.807,1893180.84,74.7217255,135,177,0,1,1,1,1,1,1,1,1,1,1
LSCE_40028,421,9,6478186.807,1893180.84,74.7217255,177,180,1,1,1,1,1,1,1,1,1,1,1
LSCE_40028,421,10,6478186.807,1893180.84,74.7217255,180,309,0,1,1,1,1,1,1,1,1,1,1
LSCE_40028,421,11,6478186.807,1893180.84,74.7217255,309,327,1,1,1,1,1,1,1,1,1,1,1
LSCE_40029,422,1,6479548.157,1892758.068,53.1698036,0,3,0,1,1,1,1,1,1,1,1,1,1
LSCE_40029,422,2,6479548.157,1892758.068,53.1698036,3,54,0,1,1,1,1,1,1,1,1,1,1
LSCE_40029,422,3,6479548.157,1892758.068,53.1698036,54,55,1,1,1,1,1,1,1,1,1,1,1
LSCE_40029,422,4,6479548.157,1892758.068,53.1698036,55,102,0,1,1,1,1,1,1,1,1,1,1
LSCE_40029,422,5,6479548.157,1892758.068,53.1698036,102,106,1,1,1,1,1,1,1,1,1,1,1
LSCE_40029,422,6,6479548.157,1892758.068,53.1698036,106,237,0,1,1,1,1,1,1,1,1,1,1
LSCE_40030,423,1,6479297.404,1892353.538,49.8698158,0,50,1,1,1,1,1,1,1,1,1,1,1
LSCE_40030,423,2,6479297.404,1892353.538,49.8698158,50,53,1,1,1,1,1,1,1,1,1,1,1
LSCE_40030,423,3,6479297.404,1892353.538,49.8698158,53,110,0,1,1,1,1,1,1,1,1,1,1
LSCE_40030,423,4,6479297.404,1892353.538,49.8698158,110,113,1,1,1,1,1,1,1,1,1,1,1
LSCE_40030,423,5,6479297.404,1892353.538,49.8698158,113,117,1,1,1,1,1,1,1,1,1,1,1
LSCE_40031,424,1,6462821.45,1891976.8,123.8949051,0,80,0,1,1,1,1,1,1,1,1,1,1
LSCE_40032,425,1,6482910.6,1891197.77,84.0885468,0,3,0,1,1,1,1,1,1,1,1,1,1
LSCE_40032,425,2,6482910.6,1891197.77,84.0885468,3,18,1,1,1,1,1,1,1,1,1,1,1
LSCE_40034,426,1,6485784.118,1888924.439,94.9004822,0,4,0,1,1,1,1,1,1,1,1,1,1
LSCE_40034,426,2,6485784.118,1888924.439,94.9004822,4,34,0,1,1,1,1,1,1,1,1,1,1
LSCE_40034,426,3,6485784.118,1888924.439,94.9004822,34,99,0,1,1,1,1,1,1,1,1,1,1
LSCE_40034,426,4,6485784.118,1888924.439,94.9004822,99,123,0,1,1,1,1,1,1,1,1,1,1
LSCE_40034,426,5,6485784.118,1888924.439,94.9004822,123,126,1,1,1,1,1,1,1,1,1,1,1
LSCE_40034,426,6,6485784.118,1888924.439,94.9004822,126,147,1,1,1,1,1,1,1,1,1,1,1
LSCE_40035,427,1,6473227.687,1888714.243,67.3622818,0,3,0,1,1,1,1,1,1,1,1,1,1
LSCE_40035,427,2,6473227.687,1888714.243,67.3622818,3,30,0,1,1,1,1,1,1,1,1,1,1
LSCE_40035,427,3,6473227.687,1888714.243,67.3622818,30,49,1,1,1,1,1,1,1,1,1,1,1
LSCE_40035,427,4,6473227.687,1888714.243,67.3622818,49,64,0,1,1,1,1,1,1,1,1,1,1
LSCE_40035,427,5,6473227.687,1888714.243,67.3622818,64,75,1,1,1,1,1,1,1,1,1,1,1
LSCE_40035,427,6,6473227.687,1888714.243,67.3622818,75,89,0,1,1,1,1,1,1,1,1,1,1
LSCE_40035,427,7,6473227.687,1888714.243,67.3622818,89,94,1,1,1,1,1,1,1,1,1,1,1
LSCE_40035,427,8,6473227.687,1888714.243,67.3622818,94,110,0,1,1,1,1,1,1,1,1,1,1
LSCE_40036,428,1,6477889.903,1887246.495,42.0498924,0,5,0,1,1,1,1,1,1,1,1,1,1
LSCE_40036,428,2,6477889.903,1887246.495,42.0498924,5,20,0,1,1,1,1,1,1,1,1,1,1
LSCE_40036,428,3,6477889.903,1887246.495,42.0498924,20,27,0,1,1,1,1,1,1,1,1,1,1
LSCE_40036,428,4,6477889.903,1887246.495,42.0498924,27,33,1,1,1,1,1,1,1,1,1,1,1
LSCE_40036,428,5,6477889.903,1887246.495,42.0498924,33,93,0,1,1,1,1,1,1,1,1,1,1
LSCE_40036,428,6,6477889.903,1887246.495,42.0498924,93,98,1,1,1,1,1,1,1,1,1,1,1
LSCE_40036,428,7,6477889.903,1887246.495,42.0498924,98,110,0,1,1,1,1,1,1,1,1,1,1
LSCE_40036,428,8,6477889.903,1887246.495,42.0498924,110,115,1,1,1,1,1,1,1,1,1,1,1
LSCE_40036,428,9,6477889.903,1887246.495,42.0498924,115,132,0,1,1,1,1,1,1,1,1,1,1
LSCE_40036,428,10,6477889.903,1887246.495,42.0498924,132,145,0,1,1,1,1,1,1,1,1,1,1
LSCE_40036,428,11,6477889.903,1887246.495,42.0498924,145,195,1,1,1,1,1,1,1,1,1,1,1
LSCE_40036,428,12,6477889.903,1887246.495,42.0498924,195,210,0,1,1,1,1,1,1,1,1,1,1
LSCE_40036,428,13,6477889.903,1887246.495,42.0498924,210,240,0,1,1,1,1,1,1,1,1,1,1
LSCE_40037,429,1,6461794.205,1887253.004,149.6044312,0,20,0,1,1,1,1,1,1,1,1,1,1
LSCE_40037,429,2,6461794.205,1887253.004,149.6044312,20,28,1,1,1,1,1,1,1,1,1,1,1
LSCE_40037,429,3,6461794.205,1887253.004,149.6044312,28,35,0,1,1,1,1,1,1,1,1,1,1
LSCE_40037,429,4,6461794.205,1887253.004,149.6044312,35,50,1,1,1,1,1,1,1,1,1,1,1
LSCE_40037,429,5,6461794.205,1887253.004,149.6044312,50,90,0,1,1,1,1,1,1,1,1,1,1
LSCE_40037,429,6,6461794.205,1887253.004,149.6044312,90,95,1,1,1,1,1,1,1,1,1,1,1
LSCE_40037,429,7,6461794.205,1887253.004,149.6044312,95,105,0,1,1,1,1,1,1,1,1,1,1
LSCE_40037,429,8,6461794.205,1887253.004,149.6044312,105,114,1,1,1,1,1,1,1,1,1,1,1
LSCE_40039,430,1,6488467.349,1886836.225,131.3568726,0,5,0,1,1,1,1,1,1,1,1,1,1
LSCE_40040,431,1,6486866.315,1886448.938,81.19944,0,32,1,1,1,1,1,1,1,1,1,1,1
LSCE_40040,431,2,6486866.315,1886448.938,81.19944,32,55,1,1,1,1,1,1,1,1,1,1,1
LSCE_40040,431,3,6486866.315,1886448.938,81.19944,55,85,0,1,1,1,1,1,1,1,1,1,1
LSCE_40041,432,1,6485796.608,1885717.138,57.8680763,0,18,0,1,1,1,1,1,1,1,1,1,1
LSCE_40041,432,2,6485796.608,1885717.138,57.8680763,18,42,0,1,1,1,1,1,1,1,1,1,1
LSCE_40041,432,3,6485796.608,1885717.138,57.8680763,42,44,1,1,1,1,1,1,1,1,1,1,1
LSCE_40041,432,4,6485796.608,1885717.138,57.8680763,44,135,1,1,1,1,1,1,1,1,1,1,1
LSCE_40041,432,5,6485796.608,1885717.138,57.8680763,135,160,1,1,1,1,1,1,1,1,1,1,1
LSCE_40041,432,6,6485796.608,1885717.138,57.8680763,160,243,1,1,1,1,1,1,1,1,1,1,1
LSCE_40041,432,7,6485796.608,1885717.138,57.8680763,243,246,1,1,1,1,1,1,1,1,1,1,1
LSCE_40041,432,8,6485796.608,1885717.138,57.8680763,246,258,1,1,1,1,1,1,1,1,1,1,1
LSCE_40041,432,9,6485796.608,1885717.138,57.8680763,258,282,1,1,1,1,1,1,1,1,1,1,1
LSCE_40041,432,10,6485796.608,1885717.138,57.8680763,282,327,0,1,1,1,1,1,1,1,1,1,1
LSCE_40041,432,11,6485796.608,1885717.138,57.8680763,327,381,1,1,1,1,1,1,1,1,1,1,1
LSCE_40042,433,1,6472029.602,1885264.517,71.6254807,0,3,0,1,1,1,1,1,1,1,1,1,1
LSCE_40042,433,2,6472029.602,1885264.517,71.6254807,3,15,0,1,1,1,1,1,1,1,1,1,1
LSCE_40042,433,3,6472029.602,1885264.517,71.6254807,15,17,1,1,1,1,1,1,1,1,1,1,1
LSCE_40042,433,4,6472029.602,1885264.517,71.6254807,17,25,0,1,1,1,1,1,1,1,1,1,1
LSCE_40042,433,5,6472029.602,1885264.517,71.6254807,25,35,1,1,1,1,1,1,1,1,1,1,1
LSCE_40042,433,6,6472029.602,1885264.517,71.6254807,35,50,0,1,1,1,1,1,1,1,1,1,1
LSCE_40042,433,7,6472029.602,1885264.517,71.6254807,50,55,1,1,1,1,1,1,1,1,1,1,1
LSCE_40042,433,8,6472029.602,1885264.517,71.6254807,55,90,0,1,1,1,1,1,1,1,1,1,1
LSCE_40042,433,9,6472029.602,1885264.517,71.6254807,90,95,0,1,1,1,1,1,1,1,1,1,1
LSCE_40043,434,1,6482713.862,1884745.205,59.5200462,0,3,0,1,1,1,1,1,1,1,1,1,1
LSCE_40043,434,2,6482713.862,1884745.205,59.5200462,3,12,0,1,1,1,1,1,1,1,1,1,1
LSCE_40043,434,3,6482713.862,1884745.205,59.5200462,12,32,0,1,1,1,1,1,1,1,1,1,1
LSCE_40043,434,4,6482713.862,1884745.205,59.5200462,32,42,0,1,1,1,1,1,1,1,1,1,1
LSCE_40043,434,5,6482713.862,1884745.205,59.5200462,42,45,1,1,1,1,1,1,1,1,1,1,1
LSCE_40043,434,6,6482713.862,1884745.205,59.5200462,45,84,0,1,1,1,1,1,1,1,1,1,1
LSCE_40043,434,7,6482713.862,1884745.205,59.5200462,84,101,0,1,1,1,1,1,1,1,1,1,1
LSCE_40043,434,8,6482713.862,1884745.205,59.5200462,101,131,0,1,1,1,1,1,1,1,1,1,1
LSCE_40044,435,1,6473421.202,1884617.724,66.2636185,0,2,0,1,1,1,1,1,1,1,1,1,1
LSCE_40044,435,2,6473421.202,1884617.724,66.2636185,2,35,0,1,1,1,1,1,1,1,1,1,1
LSCE_40044,435,3,6473421.202,1884617.724,66.2636185,35,55,0,1,1,1,1,1,1,1,1,1,1
LSCE_40044,435,4,6473421.202,1884617.724,66.2636185,55,57,1,1,1,1,1,1,1,1,1,1,1
LSCE_40044,435,5,6473421.202,1884617.724,66.2636185,57,82,0,1,1,1,1,1,1,1,1,1,1
LSCE_40044,435,6,6473421.202,1884617.724,66.2636185,82,87,1,1,1,1,1,1,1,1,1,1,1
LSCE_40044,435,7,6473421.202,1884617.724,66.2636185,87,93,0,1,1,1,1,1,1,1,1,1,1
LSCE_40044,435,8,6473421.202,1884617.724,66.2636185,93,127,0,1,1,1,1,1,1,1,1,1,1
LSCE_40044,435,9,6473421.202,1884617.724,66.2636185,127,145,1,1,1,1,1,1,1,1,1,1,1
LSCE_40044,435,10,6473421.202,1884617.724,66.2636185,145,155,0,1,1,1,1,1,1,1,1,1,1
LSCE_40045,436,1,6482041.833,1883912.57,53.0234909,0,3,0,1,1,1,1,1,1,1,1,1,1
LSCE_40045,436,2,6482041.833,1883912.57,53.0234909,3,20,0,1,1,1,1,1,1,1,1,1,1
LSCE_40045,436,3,6482041.833,1883912.57,53.0234909,20,21,1,1,1,1,1,1,1,1,1,1,1
LSCE_40045,436,4,6482041.833,1883912.57,53.0234909,21,36,0,1,1,1,1,1,1,1,1,1,1
LSCE_40045,436,5,6482041.833,1883912.57,53.0234909,36,45,0,1,1,1,1,1,1,1,1,1,1
LSCE_40046,437,1,6482371.415,1883721.101,54.5966072,174,176,0,1,1,1,1,1,1,1,1,1,1
LSCE_40047,438,1,6475559.459,1883512.217,57.5830917,0,3,0,1,1,1,1,1,1,1,1,1,1
LSCE_40047,438,2,6475559.459,1883512.217,57.5830917,3,24,0,1,1,1,1,1,1,1,1,1,1
LSCE_40047,438,3,6475559.459,1883512.217,57.5830917,24,26,1,1,1,1,1,1,1,1,1,1,1
LSCE_40047,438,4,6475559.459,1883512.217,57.5830917,26,90,0,1,1,1,1,1,1,1,1,1,1
LSCE_40047,438,5,6475559.459,1883512.217,57.5830917,90,100,1,1,1,1,1,1,1,1,1,1,1
LSCE_40047,438,6,6475559.459,1883512.217,57.5830917,100,108,0,1,1,1,1,1,1,1,1,1,1
LSCE_40048,439,1,6480983.451,1883117.56,31.2054749,0,12,0,1,1,1,1,1,1,1,1,1,1
LSCE_40048,439,2,6480983.451,1883117.56,31.2054749,12,26,0,1,1,1,1,1,1,1,1,1,1
LSCE_40048,439,3,6480983.451,1883117.56,31.2054749,26,39,1,1,1,1,1,1,1,1,1,1,1
LSCE_40048,439,4,6480983.451,1883117.56,31.2054749,39,61,0,1,1,1,1,1,1,1,1,1,1
LSCE_40048,439,5,6480983.451,1883117.56,31.2054749,61,63,1,1,1,1,1,1,1,1,1,1,1
LSCE_40048,439,6,6480983.451,1883117.56,31.2054749,63,96,1,1,1,1,1,1,1,1,1,1,1
LSCE_40048,439,7,6480983.451,1883117.56,31.2054749,96,102,1,1,1,1,1,1,1,1,1,1,1
LSCE_40048,439,8,6480983.451,1883117.56,31.2054749,102,123,1,1,1,1,1,1,1,1,1,1,1
LSCE_40048,439,9,6480983.451,1883117.56,31.2054749,123,144,0,1,1,1,1,1,1,1,1,1,1
LSCE_40048,439,10,6480983.451,1883117.56,31.2054749,144,150,1,1,1,1,1,1,1,1,1,1,1
LSCE_40049,440,1,6475657.707,1883112.394,55.2924461,41,54,1,1,1,1,1,1,1,1,1,1,1
LSCE_40049,440,2,6475657.707,1883112.394,55.2924461,54,58,0,1,1,1,1,1,1,1,1,1,1
LSCE_40049,440,3,6475657.707,1883112.394,55.2924461,58,69,1,1,1,1,1,1,1,1,1,1,1
LSCE_40049,440,4,6475657.707,1883112.394,55.2924461,69,91,1,1,1,1,1,1,1,1,1,1,1
LSCE_40049,440,5,6475657.707,1883112.394,55.2924461,91,99,1,1,1,1,1,1,1,1,1,1,1
LSCE_40049,440,6,6475657.707,1883112.394,55.2924461,99,102,0,1,1,1,1,1,1,1,1,1,1
LSCE_40049,440,7,6475657.707,1883112.394,55.2924461,102,115,1,1,1,1,1,1,1,1,1,1,1
LSCE_40049,440,8,6475657.707,1883112.394,55.2924461,115,141,1,1,1,1,1,1,1,1,1,1,1
LSCE_40050,441,1,6474120.918,1882591.286,61.8158607,30,40,1,1,1,1,1,1,1,1,1,1,1
LSCE_40050,441,2,6474120.918,1882591.286,61.8158607,40,43,1,1,1,1,1,1,1,1,1,1,1
LSCE_40050,441,3,6474120.918,1882591.286,61.8158607,43,50,0,1,1,1,1,1,1,1,1,1,1
LSCE_40050,441,4,6474120.918,1882591.286,61.8158607,50,52,1,1,1,1,1,1,1,1,1,1,1
LSCE_40050,441,5,6474120.918,1882591.286,61.8158607,52,69,0,1,1,1,1,1,1,1,1,1,1
LSCE_40050,441,6,6474120.918,1882591.286,61.8158607,69,81,0,1,1,1,1,1,1,1,1,1,1
LSCE_40051,442,1,6475977.875,1881988.226,48.9457245,0,10,0,1,1,1,1,1,1,1,1,1,1
LSCE_40051,442,2,6475977.875,1881988.226,48.9457245,10,45,0,1,1,1,1,1,1,1,1,1,1
LSCE_40051,442,3,6475977.875,1881988.226,48.9457245,45,65,1,1,1,1,1,1,1,1,1,1,1
LSCE_40051,442,4,6475977.875,1881988.226,48.9457245,65,85,0,1,1,1,1,1,1,1,1,1,1
LSCE_40051,442,5,6475977.875,1881988.226,48.9457245,85,105,0,1,1,1,1,1,1,1,1,1,1
LSCE_40051,442,6,6475977.875,1881988.226,48.9457245,105,110,0,1,1,1,1,1,1,1,1,1,1
LSCE_40051,442,7,6475977.875,1881988.226,48.9457245,110,125,0,1,1,1,1,1,1,1,1,1,1
LSCE_40051,442,8,6475977.875,1881988.226,48.9457245,125,130,1,1,1,1,1,1,1,1,1,1,1
LSCE_40051,442,9,6475977.875,1881988.226,48.9457245,130,150,0,1,1,1,1,1,1,1,1,1,1
LSCE_40051,442,10,6475977.875,1881988.226,48.9457245,150,155,0,1,1,1,1,1,1,1,1,1,1
LSCE_40051,442,11,6475977.875,1881988.226,48.9457245,155,190,0,1,1,1,1,1,1,1,1,1,1
LSCE_40051,442,12,6475977.875,1881988.226,48.9457245,190,193,1,1,1,1,1,1,1,1,1,1,1
LSCE_40051,442,13,6475977.875,1881988.226,48.9457245,193,205,0,1,1,1,1,1,1,1,1,1,1
LSCE_40051,442,14,6475977.875,1881988.226,48.9457245,205,235,1,1,1,1,1,1,1,1,1,1,1
LSCE_40051,442,15,6475977.875,1881988.226,48.9457245,235,243,0,1,1,1,1,1,1,1,1,1,1
LSCE_40051,442,16,6475977.875,1881988.226,48.9457245,243,247,1,1,1,1,1,1,1,1,1,1,1
LSCE_40051,442,17,6475977.875,1881988.226,48.9457245,247,255,0,1,1,1,1,1,1,1,1,1,1
LSCE_40051,442,18,6475977.875,1881988.226,48.9457245,255,265,1,1,1,1,1,1,1,1,1,1,1
LSCE_40051,442,19,6475977.875,1881988.226,48.9457245,265,285,0,1,1,1,1,1,1,1,1,1,1
LSCE_40051,442,20,6475977.875,1881988.226,48.9457245,285,287,1,1,1,1,1,1,1,1,1,1,1
LSCE_40051,442,21,6475977.875,1881988.226,48.9457245,287,290,0,1,1,1,1,1,1,1,1,1,1
LSCE_40051,442,22,6475977.875,1881988.226,48.9457245,290,292,1,1,1,1,1,1,1,1,1,1,1
LSCE_40051,442,23,6475977.875,1881988.226,48.9457245,292,315,0,1,1,1,1,1,1,1,1,1,1
LSCE_40051,442,24,6475977.875,1881988.226,48.9457245,315,317,1,1,1,1,1,1,1,1,1,1,1
LSCE_40051,442,25,6475977.875,1881988.226,48.9457245,317,343,0,1,1,1,1,1,1,1,1,1,1
LSCE_40051,442,26,6475977.875,1881988.226,48.9457245,343,347,1,1,1,1,1,1,1,1,1,1,1
LSCE_40051,442,27,6475977.875,1881988.226,48.9457245,347,365,1,1,1,1,1,1,1,1,1,1,1
LSCE_40051,442,28,6475977.875,1881988.226,48.9457245,365,380,0,1,1,1,1,1,1,1,1,1,1
LSCE_40053,443,1,6483656.597,1880174.557,38.7741776,0,4,0,1,1,1,1,1,1,1,1,1,1
LSCE_40053,443,2,6483656.597,1880174.557,38.7741776,4,12,0,1,1,1,1,1,1,1,1,1,1
LSCE_40053,443,3,6483656.597,1880174.557,38.7741776,12,25,0,1,1,1,1,1,1,1,1,1,1
LSCE_40053,443,4,6483656.597,1880174.557,38.7741776,25,35,0,1,1,1,1,1,1,1,1,1,1
LSCE_40053,443,5,6483656.597,1880174.557,38.7741776,35,85,0,1,1,1,1,1,1,1,1,1,1
LSCE_40053,443,6,6483656.597,1880174.557,38.7741776,85,97,1,1,1,1,1,1,1,1,1,1,1
LSCE_40053,443,7,6483656.597,1880174.557,38.7741776,97,140,0,1,1,1,1,1,1,1,1,1,1
LSCE_40053,443,8,6483656.597,1880174.557,38.7741776,140,190,0,1,1,1,1,1,1,1,1,1,1
LSCE_40053,443,9,6483656.597,1880174.557,38.7741776,190,224,0,1,1,1,1,1,1,1,1,1,1
LSCE_40054,444,1,6483645.982,1880174.589,38.3201866,0,10,0,1,1,1,1,1,1,1,1,1,1
LSCE_40054,444,2,6483645.982,1880174.589,38.3201866,10,30,0,1,1,1,1,1,1,1,1,1,1
LSCE_40054,444,3,6483645.982,1880174.589,38.3201866,30,39,1,1,1,1,1,1,1,1,1,1,1
LSCE_40054,444,4,6483645.982,1880174.589,38.3201866,39,80,0,1,1,1,1,1,1,1,1,1,1
LSCE_40054,444,5,6483645.982,1880174.589,38.3201866,80,85,1,1,1,1,1,1,1,1,1,1,1
LSCE_40054,444,6,6483645.982,1880174.589,38.3201866,85,105,1,1,1,1,1,1,1,1,1,1,1
LSCE_40054,444,7,6483645.982,1880174.589,38.3201866,105,120,0,1,1,1,1,1,1,1,1,1,1
LSCE_40054,444,8,6483645.982,1880174.589,38.3201866,120,138,1,1,1,1,1,1,1,1,1,1,1
LSCE_40054,444,9,6483645.982,1880174.589,38.3201866,138,147,0,1,1,1,1,1,1,1,1,1,1
LSCE_40054,444,10,6483645.982,1880174.589,38.3201866,147,160,0,1,1,1,1,1,1,1,1,1,1
LSCE_40054,444,11,6483645.982,1880174.589,38.3201866,160,220,1,1,1,1,1,1,1,1,1,1,1
LSCE_40054,444,12,6483645.982,1880174.589,38.3201866,220,238,1,1,1,1,1,1,1,1,1,1,1
LSCE_40055,445,1,6483316.997,1880114.761,44.4325142,0,10,0,1,1,1,1,1,1,1,1,1,1
LSCE_40055,445,2,6483316.997,1880114.761,44.4325142,10,40,0,1,1,1,1,1,1,1,1,1,1
LSCE_40055,445,3,6483316.997,1880114.761,44.4325142,40,55,0,1,1,1,1,1,1,1,1,1,1
LSCE_40055,445,4,6483316.997,1880114.761,44.4325142,55,120,0,1,1,1,1,1,1,1,1,1,1
LSCE_40055,445,5,6483316.997,1880114.761,44.4325142,120,135,1,1,1,1,1,1,1,1,1,1,1
LSCE_40055,445,6,6483316.997,1880114.761,44.4325142,135,145,0,1,1,1,1,1,1,1,1,1,1
LSCE_40055,445,7,6483316.997,1880114.761,44.4325142,145,200,0,1,1,1,1,1,1,1,1,1,1
LSCE_40055,445,8,6483316.997,1880114.761,44.4325142,200,215,0,1,1,1,1,1,1,1,1,1,1
LSCE_40056,446,1,6471850.684,1879538.88,80.5980301,0,6,0,1,1,1,1,1,1,1,1,1,1
LSCE_40056,446,2,6471850.684,1879538.88,80.5980301,6,21,0,1,1,1,1,1,1,1,1,1,1
LSCE_40056,446,3,6471850.684,1879538.88,80.5980301,21,40,1,1,1,1,1,1,1,1,1,1,1
LSCE_40056,446,4,6471850.684,1879538.88,80.5980301,40,56,1,1,1,1,1,1,1,1,1,1,1
LSCE_40056,446,5,6471850.684,1879538.88,80.5980301,56,65,0,1,1,1,1,1,1,1,1,1,1
LSCE_40056,446,6,6471850.684,1879538.88,80.5980301,65,140,1,1,1,1,1,1,1,1,1,1,1
LSCE_40056,446,7,6471850.684,1879538.88,80.5980301,140,155,0,1,1,1,1,1,1,1,1,1,1
LSCE_40056,446,8,6471850.684,1879538.88,80.5980301,155,170,1,1,1,1,1,1,1,1,1,1,1
LSCE_40056,446,9,6471850.684,1879538.88,80.5980301,170,198,0,1,1,1,1,1,1,1,1,1,1
LSCE_40056,446,10,6471850.684,1879538.88,80.5980301,198,202,1,1,1,1,1,1,1,1,1,1,1
LSCE_40057,447,1,6482980.509,1879365.942,9.0158739,0,6,0,1,1,1,1,1,1,1,1,1,1
LSCE_40057,447,2,6482980.509,1879365.942,9.0158739,6,15,1,1,1,1,1,1,1,1,1,1,1
LSCE_40057,447,3,6482980.509,1879365.942,9.0158739,15,68,0,1,1,1,1,1,1,1,1,1,1
LSCE_40057,447,4,6482980.509,1879365.942,9.0158739,68,75,1,1,1,1,1,1,1,1,1,1,1
LSCE_40057,447,5,6482980.509,1879365.942,9.0158739,75,93,0,1,1,1,1,1,1,1,1,1,1
LSCE_40057,447,6,6482980.509,1879365.942,9.0158739,93,102,1,1,1,1,1,1,1,1,1,1,1
LSCE_40057,447,7,6482980.509,1879365.942,9.0158739,102,150,0,1,1,1,1,1,1,1,1,1,1
LSCE_40057,447,8,6482980.509,1879365.942,9.0158739,150,165,0,1,1,1,1,1,1,1,1,1,1
LSCE_40057,447,9,6482980.509,1879365.942,9.0158739,165,175,0,1,1,1,1,1,1,1,1,1,1
LSCE_40058,448,1,6489994.396,1879085.997,141.1902618,0,60,1,1,1,1,1,1,1,1,1,1,1
LSCE_40058,448,2,6489994.396,1879085.997,141.1902618,60,325,0,1,1,1,1,1,1,1,1,1,1
LSCE_40058,448,3,6489994.396,1879085.997,141.1902618,325,328,1,1,1,1,1,1,1,1,1,1,1
LSCE_40058,448,4,6489994.396,1879085.997,141.1902618,328,432,1,1,1,1,1,1,1,1,1,1,1
LSCE_40059,449,1,6487791.822,1878590.704,63.2799377,0,3,0,1,1,1,1,1,1,1,1,1,1
LSCE_40059,449,2,6487791.822,1878590.704,63.2799377,3,25,1,1,1,1,1,1,1,1,1,1,1
LSCE_40060,450,1,6469301.12,1878781.937,103.0557327,0,10,0,1,1,1,1,1,1,1,1,1,1
LSCE_40060,450,2,6469301.12,1878781.937,103.0557327,10,170,1,1,1,1,1,1,1,1,1,1,1
LSCE_40060,450,3,6469301.12,1878781.937,103.0557327,170,445,0,1,1,1,1,1,1,1,1,1,1
LSCE_40060,450,4,6469301.12,1878781.937,103.0557327,445,462,1,1,1,1,1,1,1,1,1,1,1
LSCE_40060,450,5,6469301.12,1878781.937,103.0557327,462,475,0,1,1,1,1,1,1,1,1,1,1
LSCE_40061,451,1,6471200.564,1878221.729,88.9396515,0,2,0,1,1,1,1,1,1,1,1,1,1
LSCE_40061,451,2,6471200.564,1878221.729,88.9396515,2,15,0,1,1,1,1,1,1,1,1,1,1
LSCE_40061,451,3,6471200.564,1878221.729,88.9396515,15,22,0,1,1,1,1,1,1,1,1,1,1
LSCE_40061,451,4,6471200.564,1878221.729,88.9396515,22,62,0,1,1,1,1,1,1,1,1,1,1
LSCE_40061,451,5,6471200.564,1878221.729,88.9396515,62,110,0,1,1,1,1,1,1,1,1,1,1
LSCE_40061,451,6,6471200.564,1878221.729,88.9396515,110,133,1,1,1,1,1,1,1,1,1,1,1
LSCE_40061,451,7,6471200.564,1878221.729,88.9396515,133,167,0,1,1,1,1,1,1,1,1,1,1
LSCE_40061,451,8,6471200.564,1878221.729,88.9396515,167,176,0,1,1,1,1,1,1,1,1,1,1
LSCE_40062,452,1,6482052.13,1877786.787,23.4865589,0,5,0,1,1,1,1,1,1,1,1,1,1
LSCE_40062,452,2,6482052.13,1877786.787,23.4865589,5,26,1,1,1,1,1,1,1,1,1,1,1
LSCE_40062,452,3,6482052.13,1877786.787,23.4865589,26,48,1,1,1,1,1,1,1,1,1,1,1
LSCE_40063,453,1,6466012.565,1877789.035,146.7776031,0,30,0,1,1,1,1,1,1,1,1,1,1
LSCE_40063,453,2,6466012.565,1877789.035,146.7776031,30,165,0,1,1,1,1,1,1,1,1,1,1
LSCE_40063,453,3,6466012.565,1877789.035,146.7776031,165,246,0,1,1,1,1,1,1,1,1,1,1
LSCE_40063,453,4,6466012.565,1877789.035,146.7776031,246,247,1,1,1,1,1,1,1,1,1,1,1
LSCE_40063,453,5,6466012.565,1877789.035,146.7776031,247,398,0,1,1,1,1,1,1,1,1,1,1
LSCE_40063,453,6,6466012.565,1877789.035,146.7776031,398,502,0,1,1,1,1,1,1,1,1,1,1
LSCE_40063,453,7,6466012.565,1877789.035,146.7776031,502,519,1,1,1,1,1,1,1,1,1,1,1
LSCE_40065,454,1,6484544.107,1877007.61,156.0726776,0,15,1,1,1,1,1,1,1,1,1,1,1
LSCE_40066,455,1,6483156.717,1876229.149,69.2381897,0,3,0,1,1,1,1,1,1,1,1,1,1
LSCE_40066,455,2,6483156.717,1876229.149,69.2381897,3,30,0,1,1,1,1,1,1,1,1,1,1
LSCE_40067,456,1,6488086.082,1874881.857,144.0991058,0,3,0,1,1,1,1,1,1,1,1,1,1
LSCE_40068,457,1,6469549.457,1874677.546,95.1275024,0,8,0,1,1,1,1,1,1,1,1,1,1
LSCE_40068,457,2,6469549.457,1874677.546,95.1275024,8,17,0,1,1,1,1,1,1,1,1,1,1
LSCE_40068,457,3,6469549.457,1874677.546,95.1275024,17,26,0,1,1,1,1,1,1,1,1,1,1
LSCE_40068,457,4,6469549.457,1874677.546,95.1275024,26,36,0,1,1,1,1,1,1,1,1,1,1
LSCE_40068,457,5,6469549.457,1874677.546,95.1275024,36,37,1,1,1,1,1,1,1,1,1,1,1
LSCE_40068,457,6,6469549.457,1874677.546,95.1275024,37,66,0,1,1,1,1,1,1,1,1,1,1
LSCE_40068,457,7,6469549.457,1874677.546,95.1275024,66,68,1,1,1,1,1,1,1,1,1,1,1
LSCE_40068,457,8,6469549.457,1874677.546,95.1275024,68,75,0,1,1,1,1,1,1,1,1,1,1
LSCE_40069,458,1,6490966.734,1873878.935,163.849762,0,4,0,1,1,1,1,1,1,1,1,1,1
LSCE_40069,458,2,6490966.734,1873878.935,163.849762,4,24,0,1,1,1,1,1,1,1,1,1,1
LSCE_40069,458,3,6490966.734,1873878.935,163.849762,24,35,1,1,1,1,1,1,1,1,1,1,1
LSCE_40069,458,4,6490966.734,1873878.935,163.849762,35,38,1,1,1,1,1,1,1,1,1,1,1
LSCE_40071,459,1,6475602.331,1873451.796,46.8144836,0,9,0,1,1,1,1,1,1,1,1,1,1
LSCE_40071,459,2,6475602.331,1873451.796,46.8144836,9,40,0,1,1,1,1,1,1,1,1,1,1
LSCE_40071,459,3,6475602.331,1873451.796,46.8144836,40,44,1,1,1,1,1,1,1,1,1,1,1
LSCE_40071,459,4,6475602.331,1873451.796,46.8144836,44,80,0,1,1,1,1,1,1,1,1,1,1
LSCE_40071,459,5,6475602.331,1873451.796,46.8144836,80,85,1,1,1,1,1,1,1,1,1,1,1
LSCE_40071,459,6,6475602.331,1873451.796,46.8144836,85,107,0,1,1,1,1,1,1,1,1,1,1
LSCE_40071,459,7,6475602.331,1873451.796,46.8144836,107,110,1,1,1,1,1,1,1,1,1,1,1
LSCE_40071,459,8,6475602.331,1873451.796,46.8144836,110,168,0,1,1,1,1,1,1,1,1,1,1
LSCE_40071,459,9,6475602.331,1873451.796,46.8144836,168,174,1,1,1,1,1,1,1,1,1,1,1
LSCE_40071,459,10,6475602.331,1873451.796,46.8144836,174,200,0,1,1,1,1,1,1,1,1,1,1
LSCE_40071,459,11,6475602.331,1873451.796,46.8144836,200,204,1,1,1,1,1,1,1,1,1,1,1
LSCE_40071,459,12,6475602.331,1873451.796,46.8144836,204,278,0,1,1,1,1,1,1,1,1,1,1
LSCE_40071,459,13,6475602.331,1873451.796,46.8144836,278,280,1,1,1,1,1,1,1,1,1,1,1
LSCE_40071,459,14,6475602.331,1873451.796,46.8144836,280,290,0,1,1,1,1,1,1,1,1,1,1
LSCE_40071,459,15,6475602.331,1873451.796,46.8144836,290,304,1,1,1,1,1,1,1,1,1,1,1
LSCE_40071,459,16,6475602.331,1873451.796,46.8144836,304,375,0,1,1,1,1,1,1,1,1,1,1
LSCE_40071,459,17,6475602.331,1873451.796,46.8144836,375,380,1,1,1,1,1,1,1,1,1,1,1
LSCE_40071,459,18,6475602.331,1873451.796,46.8144836,380,665,0,1,1,1,1,1,1,1,1,1,1
LSCE_40071,459,19,6475602.331,1873451.796,46.8144836,665,675,1,1,1,1,1,1,1,1,1,1,1
LSCE_40071,459,20,6475602.331,1873451.796,46.8144836,675,780,0,1,1,1,1,1,1,1,1,1,1
LSCE_40071,459,21,6475602.331,1873451.796,46.8144836,780,805,1,1,1,1,1,1,1,1,1,1,1
LSCE_40071,459,22,6475602.331,1873451.796,46.8144836,805,865,0,1,1,1,1,1,1,1,1,1,1
LSCE_40074,460,1,6472794.072,1872974.69,68.7148438,0,3,0,1,1,1,1,1,1,1,1,1,1
LSCE_40074,460,2,6472794.072,1872974.69,68.7148438,3,25,0,1,1,1,1,1,1,1,1,1,1
LSCE_40074,460,3,6472794.072,1872974.69,68.7148438,25,27,1,1,1,1,1,1,1,1,1,1,1
LSCE_40074,460,4,6472794.072,1872974.69,68.7148438,27,36,0,1,1,1,1,1,1,1,1,1,1
LSCE_40074,460,5,6472794.072,1872974.69,68.7148438,36,38,0,1,1,1,1,1,1,1,1,1,1
LSCE_40074,460,6,6472794.072,1872974.69,68.7148438,38,51,0,1,1,1,1,1,1,1,1,1,1
LSCE_40074,460,7,6472794.072,1872974.69,68.7148438,51,65,1,1,1,1,1,1,1,1,1,1,1
LSCE_40074,460,8,6472794.072,1872974.69,68.7148438,65,87,0,1,1,1,1,1,1,1,1,1,1
LSCE_40074,460,9,6472794.072,1872974.69,68.7148438,87,92,1,1,1,1,1,1,1,1,1,1,1
LSCE_40074,460,10,6472794.072,1872974.69,68.7148438,92,100,0,1,1,1,1,1,1,1,1,1,1
LSCE_40077,461,1,6469605.773,1872828.798,84.9251022,0,4,0,1,1,1,1,1,1,1,1,1,1
LSCE_40077,461,2,6469605.773,1872828.798,84.9251022,4,25,0,1,1,1,1,1,1,1,1,1,1
LSCE_40077,461,3,6469605.773,1872828.798,84.9251022,25,26,1,1,1,1,1,1,1,1,1,1,1
LSCE_40077,461,4,6469605.773,1872828.798,84.9251022,26,40,0,1,1,1,1,1,1,1,1,1,1
LSCE_40077,461,5,6469605.773,1872828.798,84.9251022,40,41,1,1,1,1,1,1,1,1,1,1,1
LSCE_40079,462,1,6468959.838,1872759.345,105.0273132,0,50,0,1,1,1,1,1,1,1,1,1,1
LSCE_40079,462,2,6468959.838,1872759.345,105.0273132,50,150,1,1,1,1,1,1,1,1,1,1,1
LSCE_40080,463,1,6489570.873,1872506.926,162.5558777,0,2,0,1,1,1,1,1,1,1,1,1,1
LSCE_40085,464,1,6478106.778,1871666.108,28.0605488,40,78,0,1,1,1,1,1,1,1,1,1,1
LSCE_40085,464,2,6478106.778,1871666.108,28.0605488,78,97,0,1,1,1,1,1,1,1,1,1,1
LSCE_40085,464,3,6478106.778,1871666.108,28.0605488,97,112,0,1,1,1,1,1,1,1,1,1,1
LSCE_40085,464,4,6478106.778,1871666.108,28.0605488,112,123,0,1,1,1,1,1,1,1,1,1,1
LSCE_40085,464,5,6478106.778,1871666.108,28.0605488,123,138,0,1,1,1,1,1,1,1,1,1,1
LSCE_40085,464,6,6478106.778,1871666.108,28.0605488,138,177,0,1,1,1,1,1,1,1,1,1,1
LSCE_40085,464,7,6478106.778,1871666.108,28.0605488,177,178,1,1,1,1,1,1,1,1,1,1,1
LSCE_40085,464,8,6478106.778,1871666.108,28.0605488,178,196,0,1,1,1,1,1,1,1,1,1,1
LSCE_40085,464,9,6478106.778,1871666.108,28.0605488,196,227,0,1,1,1,1,1,1,1,1,1,1
LSCE_40085,464,10,6478106.778,1871666.108,28.0605488,227,234,0,1,1,1,1,1,1,1,1,1,1
LSCE_40085,464,11,6478106.778,1871666.108,28.0605488,234,239,1,1,1,1,1,1,1,1,1,1,1
LSCE_40085,464,12,6478106.778,1871666.108,28.0605488,239,241,1,1,1,1,1,1,1,1,1,1,1
LSCE_40089,465,1,6470608.929,1870729.088,269.4022522,0,3,0,1,1,1,1,1,1,1,1,1,1
LSCE_40092,466,1,6481011.021,1870122.322,17.4836979,0,60,0,1,1,1,1,1,1,1,1,1,1
LSCE_40092,466,2,6481011.021,1870122.322,17.4836979,60,160,1,1,1,1,1,1,1,1,1,1,1
LSCE_40092,466,3,6481011.021,1870122.322,17.4836979,160,170,0,1,1,1,1,1,1,1,1,1,1
LSCE_40092,466,4,6481011.021,1870122.322,17.4836979,170,210,1,1,1,1,1,1,1,1,1,1,1
LSCE_40092,466,5,6481011.021,1870122.322,17.4836979,210,360,0,1,1,1,1,1,1,1,1,1,1
LSCE_40092,466,6,6481011.021,1870122.322,17.4836979,360,450,0,1,1,1,1,1,1,1,1,1,1
LSCE_40092,466,7,6481011.021,1870122.322,17.4836979,450,500,0,1,1,1,1,1,1,1,1,1,1
LSCE_40092,466,8,6481011.021,1870122.322,17.4836979,500,700,0,1,1,1,1,1,1,1,1,1,1
zone2a,467,1,6465307.7,1878157.4,167.81,1,78.642,1,2,2,2,2,2,2,2,2,2,2
zone2a,467,2,6465307.7,1878157.4,167.81,80.642,109.213,1,2,2,2,2,2,2,2,2,2,2
zone2a,467,3,6465307.7,1878157.4,167.81,111.213,149.198,1,2,2,2,2,2,2,2,2,2,2
zone2a,467,4,6465307.7,1878157.4,167.81,151.198,199.154,1,2,2,2,2,2,2,2,2,2,2
zone2a,467,5,6465307.7,1878157.4,167.81,201.154,259.118,1,2,2,2,2,2,2,2,2,2,2
zone2a,467,6,6465307.7,1878157.4,167.81,261.118,334.21,1,2,2,2,2,2,2,2,2,2,2
zone2a,467,7,6465307.7,1878157.4,167.81,336.21,429.36,1,2,2,2,2,2,2,2,2,2,2
zone2a,467,8,6465307.7,1878157.4,167.81,431.36,549.42,1,2,2,2,2,2,2,2,2,2,2
zone2a,467,9,6465307.7,1878157.4,167.81,551.42,699.46,1,2,2,2,2,2,2,2,2,2,2
zone2a,467,10,6465307.7,1878157.4,167.81,701.46,849.49,1,2,2,2,2,2,2,2,2,2,2
zone2b,468,1,6463856.7,1873372.6,176.27,1,68.82,1,2,2,2,2,2,2,2,2,2,2
zone2b,468,2,6463856.7,1873372.6,176.27,70.82,98.611,1,2,2,2,2,2,2,2,2,2,2
zone2b,468,3,6463856.7,1873372.6,176.27,100.611,138.76,1,2,2,2,2,2,2,2,2,2,2
zone2b,468,4,6463856.7,1873372.6,176.27,140.76,189.032,1,2,2,2,2,2,2,2,2,2,2
zone2b,468,5,6463856.7,1873372.6,176.27,191.032,249.574,1,2,2,2,2,2,2,2,2,2,2
zone2b,468,6,6463856.7,1873372.6,176.27,251.574,325.45,1,2,2,2,2,2,2,2,2,2,2
zone2b,468,7,6463856.7,1873372.6,176.27,327.45,421.56,1,2,2,2,2,2,2,2,2,2,2
zone2b,468,8,6463856.7,1873372.6,176.27,423.56,542.44,1,2,2,2,2,2,2,2,2,2,2
zone2b,468,9,6463856.7,1873372.6,176.27,544.44,693.2,1,2,2,2,2,2,2,2,2,2,2
zone2b,468,10,6463856.7,1873372.6,176.27,695.2,843.9,1,2,2,2,2,2,2,2,2,2,2
zone3a,469,1,6384962.3,1999495.3,1120,1,686.83,1,3,3,3,3,3,3,3,3,3,3
zone3a,469,2,6384962.3,1999495.3,1120,688.83,716.85,1,3,3,3,3,3,3,3,3,3,3
zone3a,469,3,6384962.3,1999495.3,1120,718.85,756.85,1,3,3,3,3,3,3,3,3,3,3
zone3a,469,4,6384962.3,1999495.3,1120,758.85,806.85,1,3,3,3,3,3,3,3,3,3,3
zone3a,469,5,6384962.3,1999495.3,1120,808.85,866.85,1,3,3,3,3,3,3,3,3,3,3
zone3a,469,6,6384962.3,1999495.3,1120,868.85,941.87,1,3,3,3,3,3,3,3,3,3,3
zone3a,469,7,6384962.3,1999495.3,1120,943.87,1036.884,1,3,3,3,3,3,3,3,3,3,3
zone3a,469,8,6384962.3,1999495.3,1120,1038.884,1156.899,1,3,3,3,3,3,3,3,3,3,3
zone3a,469,9,6384962.3,1999495.3,1120,1158.899,1306.91,1,3,3,3,3,3,3,3,3,3,3
zone3a,469,10,6384962.3,1999495.3,1120,1308.91,1456.92,1,3,3,3,3,3,3,3,3,3,3
zone3b,470,1,6500207.6,1880218.2,1120,1,1042.666,1,3,3,3,3,3,3,3,3,3,3
zone3b,470,2,6500207.6,1880218.2,1120,1044.666,1073.235,1,3,3,3,3,3,3,3,3,3,3
zone3b,470,3,6500207.6,1880218.2,1120,1075.235,1113.602,1,3,3,3,3,3,3,3,3,3,3
zone3b,470,4,6500207.6,1880218.2,1120,1115.602,1163.969,1,3,3,3,3,3,3,3,3,3,3
zone3b,470,5,6500207.6,1880218.2,1120,1165.969,1224.64,1,3,3,3,3,3,3,3,3,3,3
zone3b,470,6,6500207.6,1880218.2,1120,1226.64,1300.63,1,3,3,3,3,3,3,3,3,3,3
zone3b,470,7,6500207.6,1880218.2,1120,1302.63,1396.88,1,3,3,3,3,3,3,3,3,3,3
zone3b,470,8,6500207.6,1880218.2,1120,1398.88,1517.88,1,3,3,3,3,3,3,3,3,3,3
zone3b,470,9,6500207.6,1880218.2,1120,1519.88,1668.71,1,3,3,3,3,3,3,3,3,3,3
zone3b,470,10,6500207.6,1880218.2,1120,1670.71,1819.41,1,3,3,3,3,3,3,3,3,3,3
zone4a,471,1,6484398.7,1891491.1,135.16,1,81.992,1,4,4,4,4,4,4,4,4,4,4
zone4a,471,2,6484398.7,1891491.1,135.16,83.992,112.28,1,4,4,4,4,4,4,4,4,4,4
zone4a,471,3,6484398.7,1891491.1,135.16,114.28,151.939,1,4,4,4,4,4,4,4,4,4,4
zone4a,471,4,6484398.7,1891491.1,135.16,153.939,201.706,1,4,4,4,4,4,4,4,4,4,4
zone4a,471,5,6484398.7,1891491.1,135.16,203.706,261.27,1,4,4,4,4,4,4,4,4,4,4
zone4a,471,6,6484398.7,1891491.1,135.16,263.27,335.69,1,4,4,4,4,4,4,4,4,4,4
zone4a,471,7,6484398.7,1891491.1,135.16,337.69,430.15,1,4,4,4,4,4,4,4,4,4,4
zone4a,471,8,6484398.7,1891491.1,135.16,432.15,549.91,1,4,4,4,4,4,4,4,4,4,4
zone4a,471,9,6484398.7,1891491.1,135.16,551.91,699.81,1,4,4,4,4,4,4,4,4,4,4
zone4a,471,10,6484398.7,1891491.1,135.16,701.81,849.75,1,4,4,4,4,4,4,4,4,4,4
zone4b,472,1,6490169.8,1877096.8,220.81,1,183.929,1,4,4,4,4,4,4,4,4,4,4
zone4b,472,2,6490169.8,1877096.8,220.81,185.929,213.0985,1,4,4,4,4,4,4,4,4,4,4
zone4b,472,3,6490169.8,1877096.8,220.81,215.0985,253,1,4,4,4,4,4,4,4,4,4,4
zone4b,472,4,6490169.8,1877096.8,220.81,255,303.15,1,4,4,4,4,4,4,4,4,4,4
zone4b,472,5,6490169.8,1877096.8,220.81,305.15,363.43,1,4,4,4,4,4,4,4,4,4,4
zone4b,472,6,6490169.8,1877096.8,220.81,365.43,438.84,1,4,4,4,4,4,4,4,4,4,4
zone4b,472,7,6490169.8,1877096.8,220.81,440.84,534.3,1,4,4,4,4,4,4,4,4,4,4
zone4b,472,8,6490169.8,1877096.8,220.81,536.3,654.64,1,4,4,4,4,4,4,4,4,4,4
zone4b,472,9,6490169.8,1877096.8,220.81,656.64,804.9,1,4,4,4,4,4,4,4,4,4,4
zone4b,472,10,6490169.8,1877096.8,220.81,806.9,955.09,1,4,4,4,4,4,4,4,4,4,4
zone5a,473,1,6462872.1,1880463.5,253.44,1,158.881,1,5,5,5,5,5,5,5,5,5,5
zone5a,473,2,6462872.1,1880463.5,253.44,160.881,188.695,1,5,5,5,5,5,5,5,5,5,5
zone5a,473,3,6462872.1,1880463.5,253.44,190.695,228.5,1,5,5,5,5,5,5,5,5,5,5
zone5a,473,4,6462872.1,1880463.5,253.44,230.5,278.104,1,5,5,5,5,5,5,5,5,5,5
zone5a,473,5,6462872.1,1880463.5,253.44,280.104,336.952,1,5,5,5,5,5,5,5,5,5,5
zone5a,473,6,6462872.1,1880463.5,253.44,338.952,410.19,1,5,5,5,5,5,5,5,5,5,5
zone5a,473,7,6462872.1,1880463.5,253.44,412.19,503.36,1,5,5,5,5,5,5,5,5,5,5
zone5a,473,8,6462872.1,1880463.5,253.44,505.36,622.32,1,5,5,5,5,5,5,5,5,5,5
zone5a,473,9,6462872.1,1880463.5,253.44,624.32,771.74,1,5,5,5,5,5,5,5,5,5,5
zone5a,473,10,6462872.1,1880463.5,253.44,773.74,921.45,1,5,5,5,5,5,5,5,5,5,5
zone5b,474,1,6466933.2,1870767.7,304.78,1,229.814,1,5,5,5,5,5,5,5,5,5,5
zone5b,474,2,6466933.2,1870767.7,304.78,231.814,260.465,1,5,5,5,5,5,5,5,5,5,5
zone5b,474,3,6466933.2,1870767.7,304.78,262.465,300.0966,1,5,5,5,5,5,5,5,5,5,5
zone5b,474,4,6466933.2,1870767.7,304.78,302.0966,349.695,1,5,5,5,5,5,5,5,5,5,5
zone5b,474,5,6466933.2,1870767.7,304.78,351.695,408.96,1,5,5,5,5,5,5,5,5,5,5
zone5b,474,6,6466933.2,1870767.7,304.78,410.96,482.94,1,5,5,5,5,5,5,5,5,5,5
zone5b,474,7,6466933.2,1870767.7,304.78,484.94,576.92,1,5,5,5,5,5,5,5,5,5,5
zone5b,474,8,6466933.2,1870767.7,304.78,578.92,696.41,1,5,5,5,5,5,5,5,5,5,5
zone5b,474,9,6466933.2,1870767.7,304.78,698.41,846.21,1,5,5,5,5,5,5,5,5,5,5
zone5b,474,10,6466933.2,1870767.7,304.78,848.21,996.22,1,5,5,5,5,5,5,5,5,5,5
